{
"type": "FeatureCollection",
"name": "SupplierMill",
"crs": { "type": "name", "properties": { "name": "urn:ogc:def:crs:OGC:1.3:CRS84" } },
"features": [
{ "type": "Feature", "properties": { "PHG ID": "PG-002", "Supplier N": "Aceh Trumon Anugerah Kita", "Mill Name": "Aceh Trumon Anugerah Kita", "Group": "Aceh Trumon Anugerah Kita", "Latitude": 2.85944, "Longitude": 97.78917, "UML ID": "PO1000014955", "Commodity": "CPO", "Supplier": "Permata Hijau Palm Oleo - Belawan", "Status": "Direct Mill", "Trader": null }, "geometry": { "type": "Point", "coordinates": [ 97.78917, 2.85944 ] } },
{ "type": "Feature", "properties": { "PHG ID": "PG-012", "Supplier N": "Amal Tani", "Mill Name": "Amal Tani", "Group": "Amal Tani", "Latitude": 3.58831, "Longitude": 98.30497, "UML ID": "PO1000004295", "Commodity": "CPO", "Supplier": "Permata Hijau Palm Oleo - Belawan", "Status": "Direct Mill", "Trader": null }, "geometry": { "type": "Point", "coordinates": [ 98.30497, 3.58831 ] } },
{ "type": "Feature", "properties": { "PHG ID": "PG-025", "Supplier N": "Perkebunan Lembah Bhakti", "Mill Name": "Perkebunan Lembah Bhakti 1", "Group": "Astra Agro Lestari Tbk", "Latitude": 2.31603, "Longitude": 97.99603, "UML ID": "PO1000004167", "Commodity": "CPO", "Supplier": "Permata Hijau Palm Oleo - Belawan", "Status": "Direct Mill", "Trader": null }, "geometry": { "type": "Point", "coordinates": [ 97.99603, 2.31603 ] } },
{ "type": "Feature", "properties": { "PHG ID": "PG-026", "Supplier N": "Perkebunan Lembah Bhakti", "Mill Name": "Perkebunan Lembah Bhakti 2", "Group": "Astra Agro Lestari Tbk", "Latitude": 2.56063, "Longitude": 97.94867, "UML ID": "PO1000008422", "Commodity": "CPO", "Supplier": "Permata Hijau Palm Oleo - Belawan", "Status": "Direct Mill", "Trader": null }, "geometry": { "type": "Point", "coordinates": [ 97.94867, 2.56063 ] } },
{ "type": "Feature", "properties": { "PHG ID": "PG-040", "Supplier N": "Sisirau", "Mill Name": "Sisirau", "Group": "Bahruny Group", "Latitude": 4.201751, "Longitude": 98.064556, "UML ID": "PO1000004568", "Commodity": "CPO", "Supplier": "Permata Hijau Palm Oleo - Belawan", "Status": "Direct Mill", "Trader": null }, "geometry": { "type": "Point", "coordinates": [ 98.064556, 4.201751 ] } },
{ "type": "Feature", "properties": { "PHG ID": "PG-041", "Supplier N": "Satya Agung", "Mill Name": "Satya Agung", "Group": "Bahruny Group", "Latitude": 5.01317, "Longitude": 97.10497, "UML ID": "PO1000014173", "Commodity": "CPO", "Supplier": "Permata Hijau Palm Oleo - Belawan", "Status": "Direct Mill", "Trader": null }, "geometry": { "type": "Point", "coordinates": [ 97.10497, 5.01317 ] } },
{ "type": "Feature", "properties": { "PHG ID": "PG-047", "Supplier N": "Teupin Lada", "Mill Name": "Teupin Lada", "Group": "Subarni Group", "Latitude": 5.05136, "Longitude": 97.56975, "UML ID": "PO1000009561", "Commodity": "CPO", "Supplier": "Permata Hijau Palm Oleo - Belawan", "Status": "Direct Mill", "Trader": null }, "geometry": { "type": "Point", "coordinates": [ 97.56975, 5.05136 ] } },
{ "type": "Feature", "properties": { "PHG ID": "PG-060", "Supplier N": "Cipta Chemical Medan Oil", "Mill Name": "Cipta Chemical Medan Oil", "Group": "Cipta Chemical Medan Oil", "Latitude": 3.85381, "Longitude": 98.34392, "UML ID": "PO1000004546", "Commodity": "CPO", "Supplier": "Permata Hijau Palm Oleo - Belawan", "Status": "Direct Mill", "Trader": null }, "geometry": { "type": "Point", "coordinates": [ 98.34392, 3.85381 ] } },
{ "type": "Feature", "properties": { "PHG ID": "PG-063", "Supplier N": "Citra Indah Pertiwi", "Mill Name": "Citra Indah Pertiwi", "Group": "Citra Indah Pertiwi", "Latitude": 2.072, "Longitude": 100.01, "UML ID": "PO1000004270", "Commodity": "CPO", "Supplier": "Permata Hijau Palm Oleo - Belawan", "Status": "Direct Mill", "Trader": null }, "geometry": { "type": "Point", "coordinates": [ 100.01, 2.072 ] } },
{ "type": "Feature", "properties": { "PHG ID": "PG-064", "Supplier N": "Citrakoprasindo Tani", "Mill Name": "Citrakoprasindo Tani", "Group": "Citrakoprasindo Tani", "Latitude": -1.29339, "Longitude": 103.14514, "UML ID": "PO1000004111", "Commodity": "CPO", "Supplier": "Permata Hijau Palm Oleo - Belawan", "Status": "Direct Mill", "Trader": null }, "geometry": { "type": "Point", "coordinates": [ 103.14514, -1.29339 ] } },
{ "type": "Feature", "properties": { "PHG ID": "PG-071", "Supplier N": "Fajar Baizuri & Brothers", "Mill Name": "Fajar Baizuri & Brothers", "Group": "Fajar Baizury", "Latitude": 4.117, "Longitude": 96.44217, "UML ID": "PO1000004565", "Commodity": "CPO", "Supplier": "Permata Hijau Palm Oleo - Belawan", "Status": "Direct Mill", "Trader": null }, "geometry": { "type": "Point", "coordinates": [ 96.44217, 4.117 ] } },
{ "type": "Feature", "properties": { "PHG ID": "PG-078", "Supplier N": "Garuda Emas Perkasa", "Mill Name": "Garuda Emas Perkasa", "Group": "Garuda Emas Perkasa", "Latitude": 3.863047, "Longitude": 98.421306, "UML ID": "-", "Commodity": "CPO", "Supplier": "Permata Hijau Palm Oleo - Belawan", "Status": "Direct Mill", "Trader": null }, "geometry": { "type": "Point", "coordinates": [ 98.421306, 3.863047 ] } },
{ "type": "Feature", "properties": { "PHG ID": "PG-083", "Supplier N": "Kop Primajasa", "Mill Name": "Kop Primajasa", "Group": "Graha", "Latitude": 4.59792, "Longitude": 97.90219, "UML ID": "PO1000004309", "Commodity": "CPO", "Supplier": "Permata Hijau Palm Oleo - Belawan", "Status": "Direct Mill", "Trader": null }, "geometry": { "type": "Point", "coordinates": [ 97.90219, 4.59792 ] } },
{ "type": "Feature", "properties": { "PHG ID": "PG-095", "Supplier N": "Ika Bina Agro Wisesa", "Mill Name": "Ika Bina Agro Wisesa", "Group": "Ika Bina Agro Wisesa", "Latitude": 5.134289, "Longitude": 97.091253, "UML ID": "PO1000010793", "Commodity": "CPO", "Supplier": "Permata Hijau Palm Oleo - Belawan", "Status": "Direct Mill", "Trader": null }, "geometry": { "type": "Point", "coordinates": [ 97.091253, 5.134289 ] } },
{ "type": "Feature", "properties": { "PHG ID": "PG-096", "Supplier N": "Seuramoe Agro Persada", "Mill Name": "Seuramoe Agro Persada", "Group": "Seuramoe Agro Persada", "Latitude": 4.94083, "Longitude": 97.40889, "UML ID": "PO1000014290", "Commodity": "CPO", "Supplier": "Permata Hijau Palm Oleo - Belawan", "Status": "Direct Mill", "Trader": null }, "geometry": { "type": "Point", "coordinates": [ 97.40889, 4.94083 ] } },
{ "type": "Feature", "properties": { "PHG ID": "PG-103", "Supplier N": "Karya Hevea Indonesia", "Mill Name": "Karya Hevea Indonesia", "Group": "Karya Hevea Indonesia", "Latitude": 3.37403, "Longitude": 99.01961, "UML ID": "PO1000010805", "Commodity": "CPO", "Supplier": "Permata Hijau Palm Oleo - Belawan", "Status": "Direct Mill", "Trader": null }, "geometry": { "type": "Point", "coordinates": [ 99.01961, 3.37403 ] } },
{ "type": "Feature", "properties": { "PHG ID": "PG-124", "Supplier N": "Langkat Makmur Jaya Sawita", "Mill Name": "Langkat Makmur Jaya Sawita", "Group": "Langkat Makmur Jaya Sawita", "Latitude": 3.87789, "Longitude": 98.34056, "UML ID": "PO1000011552", "Commodity": "CPO", "Supplier": "Permata Hijau Palm Oleo - Belawan", "Status": "Direct Mill", "Trader": null }, "geometry": { "type": "Point", "coordinates": [ 98.34056, 3.87789 ] } },
{ "type": "Feature", "properties": { "PHG ID": "PG-126", "Supplier N": "Leomas Anugerah Bersaudara", "Mill Name": "Leomas Anugerah Bersaudara", "Group": "Leomas Anugerah Bersaudara", "Latitude": 3.41258, "Longitude": 98.73481, "UML ID": "PO1000008239", "Commodity": "CPO", "Supplier": "Permata Hijau Palm Oleo - Belawan", "Status": "Direct Mill", "Trader": null }, "geometry": { "type": "Point", "coordinates": [ 98.73481, 3.41258 ] } },
{ "type": "Feature", "properties": { "PHG ID": "PG-146", "Supplier N": "Perkasa Subur Sakti", "Mill Name": "Blang Simpo", "Group": "Minamas", "Latitude": 4.708271, "Longitude": 97.839352, "UML ID": "PO1000000706", "Commodity": "CPO", "Supplier": "Permata Hijau Palm Oleo - Belawan", "Status": "Direct Mill", "Trader": null }, "geometry": { "type": "Point", "coordinates": [ 97.839352, 4.708271 ] } },
{ "type": "Feature", "properties": { "PHG ID": "PG-155", "Supplier N": "Mora Niaga Jaya", "Mill Name": "Gedong Biara", "Group": "Mora Niaga Jaya", "Latitude": 4.291103, "Longitude": 98.151861, "UML ID": "PO1000004570", "Commodity": "CPO", "Supplier": "Permata Hijau Palm Oleo - Belawan", "Status": "Direct Mill", "Trader": null }, "geometry": { "type": "Point", "coordinates": [ 98.151861, 4.291103 ] } },
{ "type": "Feature", "properties": { "PHG ID": "PG-158", "Supplier N": "Sinar Gunung Sawit Raya", "Mill Name": "Sinar Gunung Sawit Raya", "Group": "Mujur Timber Group", "Latitude": 2.11353, "Longitude": 98.26536, "UML ID": "PO1000004523", "Commodity": "CPO", "Supplier": "Permata Hijau Palm Oleo - Belawan", "Status": "Direct Mill", "Trader": null }, "geometry": { "type": "Point", "coordinates": [ 98.26536, 2.11353 ] } },
{ "type": "Feature", "properties": { "PHG ID": "PG-159", "Supplier N": "Mulia Tani Jaya", "Mill Name": "Mulia Tani Jaya", "Group": "Mulia Tani Jaya", "Latitude": 3.86617, "Longitude": 98.35511, "UML ID": "PO1000009020", "Commodity": "CPO", "Supplier": "Permata Hijau Palm Oleo - Belawan", "Status": "Direct Mill", "Trader": null }, "geometry": { "type": "Point", "coordinates": [ 98.35511, 3.86617 ] } },
{ "type": "Feature", "properties": { "PHG ID": "PG-184", "Supplier N": "Nubika Jaya", "Mill Name": "Blok Songo", "Group": "Permata Group", "Latitude": 1.947629, "Longitude": 100.10167, "UML ID": "PO1000006257", "Commodity": "CPO", "Supplier": "Permata Hijau Palm Oleo - Belawan", "Status": "Direct Mill", "Trader": null }, "geometry": { "type": "Point", "coordinates": [ 100.10167, 1.947629 ] } },
{ "type": "Feature", "properties": { "PHG ID": "PG-199", "Supplier N": "Agro Sinergi Nusantara", "Mill Name": "Batee Puteh", "Group": "Agro Sinergi Nusantara", "Latitude": 4.452625, "Longitude": 95.927494, "UML ID": "PO1000011159", "Commodity": "CPO", "Supplier": "Permata Hijau Palm Oleo - Belawan", "Status": "Direct Mill", "Trader": null }, "geometry": { "type": "Point", "coordinates": [ 95.927494, 4.452625 ] } },
{ "type": "Feature", "properties": { "PHG ID": "PG-215", "Supplier N": "Perkebunan Nusantara IV", "Mill Name": "Adolina", "Group": "PTPN IV", "Latitude": 3.568, "Longitude": 98.94781, "UML ID": "PO1000004497", "Commodity": "CPO", "Supplier": "Permata Hijau Palm Oleo - Belawan", "Status": "Direct Mill", "Trader": null }, "geometry": { "type": "Point", "coordinates": [ 98.94781, 3.568 ] } },
{ "type": "Feature", "properties": { "PHG ID": "PG-216", "Supplier N": "Perkebunan Nusantara IV", "Mill Name": "Air Batu", "Group": "PTPN IV", "Latitude": 2.85997, "Longitude": 99.63842, "UML ID": "PO1000004280", "Commodity": "CPO", "Supplier": "Permata Hijau Palm Oleo - Belawan", "Status": "Direct Mill", "Trader": null }, "geometry": { "type": "Point", "coordinates": [ 99.63842, 2.85997 ] } },
{ "type": "Feature", "properties": { "PHG ID": "PG-218", "Supplier N": "Perkebunan Nusantara IV", "Mill Name": "Bah Jambi", "Group": "PTPN IV", "Latitude": 2.98847, "Longitude": 99.22031, "UML ID": "PO1000004181", "Commodity": "CPO", "Supplier": "Permata Hijau Palm Oleo - Belawan", "Status": "Direct Mill", "Trader": null }, "geometry": { "type": "Point", "coordinates": [ 99.22031, 2.98847 ] } },
{ "type": "Feature", "properties": { "PHG ID": "PG-220", "Supplier N": "Perkebunan Nusantara IV", "Mill Name": "Dolok Ilir", "Group": "PTPN IV", "Latitude": 3.12119, "Longitude": 99.16, "UML ID": "PO1000002539", "Commodity": "CPO", "Supplier": "Permata Hijau Palm Oleo - Belawan", "Status": "Direct Mill", "Trader": null }, "geometry": { "type": "Point", "coordinates": [ 99.16, 3.12119 ] } },
{ "type": "Feature", "properties": { "PHG ID": "PG-221", "Supplier N": "Perkebunan Nusantara IV", "Mill Name": "Dolok Sinumbah", "Group": "PTPN IV", "Latitude": 3.11161, "Longitude": 99.32906, "UML ID": "PO1000005868", "Commodity": "CPO", "Supplier": "Permata Hijau Palm Oleo - Belawan", "Status": "Direct Mill", "Trader": null }, "geometry": { "type": "Point", "coordinates": [ 99.32906, 3.11161 ] } },
{ "type": "Feature", "properties": { "PHG ID": "PG-222", "Supplier N": "Perkebunan Nusantara IV", "Mill Name": "Pabatu", "Group": "PTPN IV", "Latitude": 3.28653, "Longitude": 99.10911, "UML ID": "PO1000002520", "Commodity": "CPO", "Supplier": "Permata Hijau Palm Oleo - Belawan", "Status": "Direct Mill", "Trader": null }, "geometry": { "type": "Point", "coordinates": [ 99.10911, 3.28653 ] } },
{ "type": "Feature", "properties": { "PHG ID": "PG-223", "Supplier N": "Perkebunan Nusantara IV", "Mill Name": "Pasir Mandoge", "Group": "PTPN IV", "Latitude": 2.76844, "Longitude": 99.31769, "UML ID": "PO1000004277", "Commodity": "CPO", "Supplier": "Permata Hijau Palm Oleo - Belawan", "Status": "Direct Mill", "Trader": null }, "geometry": { "type": "Point", "coordinates": [ 99.31769, 2.76844 ] } },
{ "type": "Feature", "properties": { "PHG ID": "PG-224", "Supplier N": "Perkebunan Nusantara IV", "Mill Name": "Sawit Langkat", "Group": "PTPN IV", "Latitude": 3.70058, "Longitude": 98.29406, "UML ID": "PO1000004524", "Commodity": "CPO", "Supplier": "Permata Hijau Palm Oleo - Belawan", "Status": "Direct Mill", "Trader": null }, "geometry": { "type": "Point", "coordinates": [ 98.29406, 3.70058 ] } },
{ "type": "Feature", "properties": { "PHG ID": "PG-225", "Supplier N": "Perkebunan Nusantara IV", "Mill Name": "Sosa", "Group": "PTPN IV", "Latitude": 1.04856, "Longitude": 100.01397, "UML ID": "PO1000004428", "Commodity": "CPO", "Supplier": "Permata Hijau Palm Oleo - Belawan", "Status": "Direct Mill", "Trader": null }, "geometry": { "type": "Point", "coordinates": [ 100.01397, 1.04856 ] } },
{ "type": "Feature", "properties": { "PHG ID": "PG-226", "Supplier N": "Perkebunan Nusantara IV", "Mill Name": "Tinjowan", "Group": "PTPN IV", "Latitude": 3.08044, "Longitude": 99.51267, "UML ID": "PO1000004208", "Commodity": "CPO", "Supplier": "Permata Hijau Palm Oleo - Belawan", "Status": "Direct Mill", "Trader": null }, "geometry": { "type": "Point", "coordinates": [ 99.51267, 3.08044 ] } },
{ "type": "Feature", "properties": { "PHG ID": "PG-236", "Supplier N": "Perkebunan Nusantara VI", "Mill Name": "Aur Gading", "Group": "PTPN VI", "Latitude": -1.86239, "Longitude": 103.018739, "UML ID": "PO1000007619", "Commodity": "CPO", "Supplier": "Permata Hijau Palm Oleo - Belawan", "Status": "Direct Mill", "Trader": null }, "geometry": { "type": "Point", "coordinates": [ 103.018739, -1.86239 ] } },
{ "type": "Feature", "properties": { "PHG ID": "PG-237", "Supplier N": "Perkebunan Nusantara VI", "Mill Name": "Bunut", "Group": "PTPN VI", "Latitude": -1.91139, "Longitude": 103.40419, "UML ID": "PO1000008199", "Commodity": "CPO", "Supplier": "Permata Hijau Palm Oleo - Belawan", "Status": "Direct Mill", "Trader": null }, "geometry": { "type": "Point", "coordinates": [ 103.40419, -1.91139 ] } },
{ "type": "Feature", "properties": { "PHG ID": "PG-263", "Supplier N": "Serdang Hulu", "Mill Name": "Serdang Hulu", "Group": "Serdang Hulu", "Latitude": 3.349, "Longitude": 98.494, "UML ID": "PO1000004332", "Commodity": "CPO", "Supplier": "Permata Hijau Palm Oleo - Belawan", "Status": "Direct Mill", "Trader": null }, "geometry": { "type": "Point", "coordinates": [ 98.494, 3.349 ] } },
{ "type": "Feature", "properties": { "PHG ID": "PG-281", "Supplier N": "Karya Serasi Jaya Abadi", "Mill Name": "Karya Serasi Jaya Abadi", "Group": "Sumber Tani Agung", "Latitude": 3.34168, "Longitude": 99.22385, "UML ID": "PO1000004329", "Commodity": "CPO", "Supplier": "Permata Hijau Palm Oleo - Belawan", "Status": "Direct Mill", "Trader": null }, "geometry": { "type": "Point", "coordinates": [ 99.22385, 3.34168 ] } },
{ "type": "Feature", "properties": { "PHG ID": "PG-291", "Supplier N": "Syaukath Sejahtera", "Mill Name": "Syaukath Sejahtera", "Group": "Syaukath Group", "Latitude": 5.22697, "Longitude": 96.89837, "UML ID": "PO1000004583", "Commodity": "CPO", "Supplier": "Permata Hijau Palm Oleo - Belawan", "Status": "Direct Mill", "Trader": null }, "geometry": { "type": "Point", "coordinates": [ 96.89837, 5.22697 ] } },
{ "type": "Feature", "properties": { "PHG ID": "PG-294", "Supplier N": "Ensem Lestari Jaya", "Mill Name": "Nagan Raya", "Group": "Ensem Group", "Latitude": 4.03417, "Longitude": 96.47511, "UML ID": "PO1000010262", "Commodity": "CPO", "Supplier": "Permata Hijau Palm Oleo - Belawan", "Status": "Direct Mill", "Trader": null }, "geometry": { "type": "Point", "coordinates": [ 96.47511, 4.03417 ] } },
{ "type": "Feature", "properties": { "PHG ID": "PG-296", "Supplier N": "Ensem Sawita", "Mill Name": "Ensem Sawita", "Group": "Ensem Group", "Latitude": 4.566, "Longitude": 97.917, "UML ID": "PO1000009019", "Commodity": "CPO", "Supplier": "Permata Hijau Palm Oleo - Belawan", "Status": "Direct Mill", "Trader": null }, "geometry": { "type": "Point", "coordinates": [ 97.917, 4.566 ] } },
{ "type": "Feature", "properties": { "PHG ID": "PG-298", "Supplier N": "Tenera Lestari", "Mill Name": "Kwala Gunung-Lima Puluh", "Group": "Ensem Group", "Latitude": 3.16402, "Longitude": 99.481383, "UML ID": "PO1000004285", "Commodity": "CPO", "Supplier": "Permata Hijau Palm Oleo - Belawan", "Status": "Direct Mill", "Trader": null }, "geometry": { "type": "Point", "coordinates": [ 99.481383, 3.16402 ] } },
{ "type": "Feature", "properties": { "PHG ID": "PG-303", "Supplier N": "Ujong Neubok Dalam", "Mill Name": "Ujong Neubok Dalam", "Group": "Ujong Neubok Dalam", "Latitude": 4.062857, "Longitude": 96.487732, "UML ID": "PO1000008258", "Commodity": "CPO", "Supplier": "Permata Hijau Palm Oleo - Belawan", "Status": "Direct Mill", "Trader": null }, "geometry": { "type": "Point", "coordinates": [ 96.487732, 4.062857 ] } },
{ "type": "Feature", "properties": { "PHG ID": "PG-306", "Supplier N": "Yaputra Alfa Palmindo", "Mill Name": "Yaputra Alfa Palmindo", "Group": "Yaputra Alfa Palmindo", "Latitude": 3.721, "Longitude": 98.199, "UML ID": "PO1000008246", "Commodity": "CPO", "Supplier": "Permata Hijau Palm Oleo - Belawan", "Status": "Direct Mill", "Trader": null }, "geometry": { "type": "Point", "coordinates": [ 98.199, 3.721 ] } },
{ "type": "Feature", "properties": { "PHG ID": "PG-310", "Supplier N": "Bumi Tamiang Sentosa", "Mill Name": "Bumi Tamiang Sentosa", "Group": "Bumi Tamiang Sentosa", "Latitude": 4.152877, "Longitude": 97.973436, "UML ID": "PO1000015298", "Commodity": "CPO", "Supplier": "Permata Hijau Palm Oleo - Belawan", "Status": "Direct Mill", "Trader": null }, "geometry": { "type": "Point", "coordinates": [ 97.973436, 4.152877 ] } },
{ "type": "Feature", "properties": { "PHG ID": "PG-312", "Supplier N": "Samira Makmur Sejahtera", "Mill Name": "Samira Makmur Sejahtera", "Group": "Samira Makmur Sejahtera", "Latitude": 3.76832, "Longitude": 96.73245, "UML ID": "PO1000016539", "Commodity": "CPO", "Supplier": "Permata Hijau Palm Oleo - Belawan", "Status": "Direct Mill", "Trader": null }, "geometry": { "type": "Point", "coordinates": [ 96.73245, 3.76832 ] } },
{ "type": "Feature", "properties": { "PHG ID": "PG-313", "Supplier N": "Sawit Permai Abadi", "Mill Name": "Sawit Permai Abadi", "Group": "Sawit Permai Abadi", "Latitude": 3.65337, "Longitude": 98.43019, "UML ID": "-", "Commodity": "CPO", "Supplier": "Permata Hijau Palm Oleo - Belawan", "Status": "Direct Mill", "Trader": null }, "geometry": { "type": "Point", "coordinates": [ 98.43019, 3.65337 ] } },
{ "type": "Feature", "properties": { "PHG ID": "PG-315", "Supplier N": "Perkebunan Nusantara IV", "Mill Name": "Timur", "Group": "PTPN IV", "Latitude": 0.36719, "Longitude": 99.30765, "UML ID": "PO1000004331", "Commodity": "CPO", "Supplier": "Permata Hijau Palm Oleo - Belawan", "Status": "Direct Mill", "Trader": null }, "geometry": { "type": "Point", "coordinates": [ 99.30765, 0.36719 ] } },
{ "type": "Feature", "properties": { "PHG ID": "PG-318", "Supplier N": "Perkebunan Nusantara VI", "Mill Name": "Pengabuan", "Group": "PTPN VI", "Latitude": -1.253734, "Longitude": 102.954144, "UML ID": "PO1000010018", "Commodity": "CPO", "Supplier": "Permata Hijau Palm Oleo - Belawan", "Status": "Direct Mill", "Trader": null }, "geometry": { "type": "Point", "coordinates": [ 102.954144, -1.253734 ] } },
{ "type": "Feature", "properties": { "PHG ID": "PG-339", "Supplier N": "Perkebunan Nusantara IV", "Mill Name": "Mayang", "Group": "PTPN IV", "Latitude": 3.03298, "Longitude": 99.33295, "UML ID": "PO1000004281", "Commodity": "CPO", "Supplier": "Permata Hijau Palm Oleo - Belawan", "Status": "Direct Mill", "Trader": null }, "geometry": { "type": "Point", "coordinates": [ 99.33295, 3.03298 ] } },
{ "type": "Feature", "properties": { "PHG ID": "PG-340", "Supplier N": "Perkebunan Nusantara IV", "Mill Name": "Pulau Raja", "Group": "PTPN IV", "Latitude": 2.702107, "Longitude": 99.624523, "UML ID": "PO1000002335", "Commodity": "CPO", "Supplier": "Permata Hijau Palm Oleo - Belawan", "Status": "Direct Mill", "Trader": null }, "geometry": { "type": "Point", "coordinates": [ 99.624523, 2.702107 ] } },
{ "type": "Feature", "properties": { "PHG ID": "PG-356", "Supplier N": "Inti Mitra Sawit Lestari", "Mill Name": "Inti Mitra Sawit Lestari", "Group": "Inti Mitra Sawit Lestari", "Latitude": 4.05706, "Longitude": 98.1308, "UML ID": "PO1000014294", "Commodity": "CPO", "Supplier": "Permata Hijau Palm Oleo - Belawan", "Status": "Direct Mill", "Trader": null }, "geometry": { "type": "Point", "coordinates": [ 98.1308, 4.05706 ] } },
{ "type": "Feature", "properties": { "PHG ID": "PG-373", "Supplier N": "Dalanta Marsada Sukses", "Mill Name": "Dalanta Marsada Sukses", "Group": "Dalanta Marsada Sukses", "Latitude": 2.12423, "Longitude": 98.29234, "UML ID": "PO1000016970", "Commodity": "CPO", "Supplier": "Permata Hijau Palm Oleo - Belawan", "Status": "Direct Mill", "Trader": null }, "geometry": { "type": "Point", "coordinates": [ 98.29234, 2.12423 ] } },
{ "type": "Feature", "properties": { "PHG ID": "PG-002", "Supplier N": "Aceh Trumon Anugerah Kita", "Mill Name": "Aceh Trumon Anugerah Kita", "Group": "Aceh Trumon Anugerah Kita", "Latitude": 2.85944, "Longitude": 97.78917, "UML ID": "PO1000014955", "Commodity": "PK", "Supplier": "Permata Hijau Palm Oleo - KIM", "Status": "Direct Mill", "Trader": null }, "geometry": { "type": "Point", "coordinates": [ 97.78917, 2.85944 ] } },
{ "type": "Feature", "properties": { "PHG ID": "PG-040", "Supplier N": "Sisirau", "Mill Name": "Sisirau", "Group": "Bahruny Group", "Latitude": 4.201751, "Longitude": 98.064556, "UML ID": "PO1000004568", "Commodity": "PK", "Supplier": "Permata Hijau Palm Oleo - KIM", "Status": "Direct Mill", "Trader": null }, "geometry": { "type": "Point", "coordinates": [ 98.064556, 4.201751 ] } },
{ "type": "Feature", "properties": { "PHG ID": "PG-041", "Supplier N": "Satya Agung", "Mill Name": "Satya Agung", "Group": "Bahruny Group", "Latitude": 5.01317, "Longitude": 97.10497, "UML ID": "PO1000014173", "Commodity": "PK", "Supplier": "Permata Hijau Palm Oleo - KIM", "Status": "Direct Mill", "Trader": null }, "geometry": { "type": "Point", "coordinates": [ 97.10497, 5.01317 ] } },
{ "type": "Feature", "properties": { "PHG ID": "PG-060", "Supplier N": "Cipta Chemical Medan Oil", "Mill Name": "Cipta Chemical Medan Oil", "Group": "Cipta Chemical Medan Oil", "Latitude": 3.85381, "Longitude": 98.34392, "UML ID": "PO1000004546", "Commodity": "PK", "Supplier": "Permata Hijau Palm Oleo - KIM", "Status": "Direct Mill", "Trader": null }, "geometry": { "type": "Point", "coordinates": [ 98.34392, 3.85381 ] } },
{ "type": "Feature", "properties": { "PHG ID": "PG-071", "Supplier N": "Fajar Baizuri & Brothers", "Mill Name": "Fajar Baizuri & Brothers", "Group": "Fajar Baizury", "Latitude": 4.117, "Longitude": 96.44217, "UML ID": "PO1000004565", "Commodity": "PK", "Supplier": "Permata Hijau Palm Oleo - KIM", "Status": "Direct Mill", "Trader": null }, "geometry": { "type": "Point", "coordinates": [ 96.44217, 4.117 ] } },
{ "type": "Feature", "properties": { "PHG ID": "PG-083", "Supplier N": "Kop Primajasa", "Mill Name": "Kop Primajasa", "Group": "Graha", "Latitude": 4.59792, "Longitude": 97.90219, "UML ID": "PO1000004309", "Commodity": "PK", "Supplier": "Permata Hijau Palm Oleo - KIM", "Status": "Direct Mill", "Trader": null }, "geometry": { "type": "Point", "coordinates": [ 97.90219, 4.59792 ] } },
{ "type": "Feature", "properties": { "PHG ID": "PG-096", "Supplier N": "Seuramoe Agro Persada", "Mill Name": "Seuramoe Agro Persada", "Group": "Seuramoe Agro Persada", "Latitude": 4.94083, "Longitude": 97.40889, "UML ID": "PO1000014290", "Commodity": "PK", "Supplier": "Permata Hijau Palm Oleo - KIM", "Status": "Direct Mill", "Trader": null }, "geometry": { "type": "Point", "coordinates": [ 97.40889, 4.94083 ] } },
{ "type": "Feature", "properties": { "PHG ID": "PG-126", "Supplier N": "Leomas Anugerah Bersaudara", "Mill Name": "Leomas Anugerah Bersaudara", "Group": "Leomas Anugerah Bersaudara", "Latitude": 3.41258, "Longitude": 98.73481, "UML ID": "PO1000008239", "Commodity": "PK", "Supplier": "Permata Hijau Palm Oleo - KIM", "Status": "Direct Mill", "Trader": null }, "geometry": { "type": "Point", "coordinates": [ 98.73481, 3.41258 ] } },
{ "type": "Feature", "properties": { "PHG ID": "PG-155", "Supplier N": "Mora Niaga Jaya", "Mill Name": "Gedong Biara", "Group": "Mora Niaga Jaya", "Latitude": 4.291103, "Longitude": 98.151861, "UML ID": "PO1000004570", "Commodity": "PK", "Supplier": "Permata Hijau Palm Oleo - KIM", "Status": "Direct Mill", "Trader": null }, "geometry": { "type": "Point", "coordinates": [ 98.151861, 4.291103 ] } },
{ "type": "Feature", "properties": { "PHG ID": "PG-158", "Supplier N": "Sinar Gunung Sawit Raya", "Mill Name": "Sinar Gunung Sawit Raya", "Group": "Mujur Timber Group", "Latitude": 2.11353, "Longitude": 98.26536, "UML ID": "PO1000004523", "Commodity": "PK", "Supplier": "Permata Hijau Palm Oleo - KIM", "Status": "Direct Mill", "Trader": null }, "geometry": { "type": "Point", "coordinates": [ 98.26536, 2.11353 ] } },
{ "type": "Feature", "properties": { "PHG ID": "PG-159", "Supplier N": "Mulia Tani Jaya", "Mill Name": "Mulia Tani Jaya", "Group": "Mulia Tani Jaya", "Latitude": 3.86617, "Longitude": 98.35511, "UML ID": "PO1000009020", "Commodity": "PK", "Supplier": "Permata Hijau Palm Oleo - KIM", "Status": "Direct Mill", "Trader": null }, "geometry": { "type": "Point", "coordinates": [ 98.35511, 3.86617 ] } },
{ "type": "Feature", "properties": { "PHG ID": "PG-168", "Supplier N": "Mutiara Sawit Lestari", "Mill Name": "Mutiara Sawit Lestari", "Group": "Mutiara Sawit Lestari", "Latitude": 4.8285, "Longitude": 97.83994, "UML ID": "PO1000009355", "Commodity": "PK", "Supplier": "Permata Hijau Palm Oleo - KIM", "Status": "Direct Mill", "Trader": null }, "geometry": { "type": "Point", "coordinates": [ 97.83994, 4.8285 ] } },
{ "type": "Feature", "properties": { "PHG ID": "PG-196", "Supplier N": "Perkebunan Nusantara I", "Mill Name": "Cot Girek", "Group": "PTPN I", "Latitude": 4.92986, "Longitude": 97.37117, "UML ID": "PO1000004311", "Commodity": "PK", "Supplier": "Permata Hijau Palm Oleo - KIM", "Status": "Direct Mill", "Trader": null }, "geometry": { "type": "Point", "coordinates": [ 97.37117, 4.92986 ] } },
{ "type": "Feature", "properties": { "PHG ID": "PG-197", "Supplier N": "Perkebunan Nusantara I", "Mill Name": "Pulau Tiga", "Group": "PTPN I", "Latitude": 4.18361, "Longitude": 97.93553, "UML ID": "PO1000004567", "Commodity": "PK", "Supplier": "Permata Hijau Palm Oleo - KIM", "Status": "Direct Mill", "Trader": null }, "geometry": { "type": "Point", "coordinates": [ 97.93553, 4.18361 ] } },
{ "type": "Feature", "properties": { "PHG ID": "PG-198", "Supplier N": "Perkebunan Nusantara I", "Mill Name": "Tanjung Seumantoh", "Group": "PTPN I", "Latitude": 4.36672, "Longitude": 98.08833, "UML ID": "PO1000004573", "Commodity": "PK", "Supplier": "Permata Hijau Palm Oleo - KIM", "Status": "Direct Mill", "Trader": null }, "geometry": { "type": "Point", "coordinates": [ 98.08833, 4.36672 ] } },
{ "type": "Feature", "properties": { "PHG ID": "PG-257", "Supplier N": "Sawitta Unggul Jaya", "Mill Name": "Sawitta Unggul Jaya", "Group": "Sawitta Unggul Jaya", "Latitude": 2.33236, "Longitude": 100.09953, "UML ID": "PO1000004173", "Commodity": "PK", "Supplier": "Permata Hijau Palm Oleo - KIM", "Status": "Direct Mill", "Trader": null }, "geometry": { "type": "Point", "coordinates": [ 100.09953, 2.33236 ] } },
{ "type": "Feature", "properties": { "PHG ID": "PG-263", "Supplier N": "Serdang Hulu", "Mill Name": "Serdang Hulu", "Group": "Serdang Hulu", "Latitude": 3.349, "Longitude": 98.494, "UML ID": "PO1000004332", "Commodity": "PK", "Supplier": "Permata Hijau Palm Oleo - KIM", "Status": "Direct Mill", "Trader": null }, "geometry": { "type": "Point", "coordinates": [ 98.494, 3.349 ] } },
{ "type": "Feature", "properties": { "PHG ID": "PG-291", "Supplier N": "Syaukath Sejahtera", "Mill Name": "Syaukath Sejahtera", "Group": "Syaukath Group", "Latitude": 5.22697, "Longitude": 96.89837, "UML ID": "PO1000004583", "Commodity": "PK", "Supplier": "Permata Hijau Palm Oleo - KIM", "Status": "Direct Mill", "Trader": null }, "geometry": { "type": "Point", "coordinates": [ 96.89837, 5.22697 ] } },
{ "type": "Feature", "properties": { "PHG ID": "PG-303", "Supplier N": "Ujong Neubok Dalam", "Mill Name": "Ujong Neubok Dalam", "Group": "Ujong Neubok Dalam", "Latitude": 4.062857, "Longitude": 96.487732, "UML ID": "PO1000008258", "Commodity": "PK", "Supplier": "Permata Hijau Palm Oleo - KIM", "Status": "Direct Mill", "Trader": null }, "geometry": { "type": "Point", "coordinates": [ 96.487732, 4.062857 ] } },
{ "type": "Feature", "properties": { "PHG ID": "PG-306", "Supplier N": "Yaputra Alfa Palmindo", "Mill Name": "Yaputra Alfa Palmindo", "Group": "Yaputra Alfa Palmindo", "Latitude": 3.721, "Longitude": 98.199, "UML ID": "PO1000008246", "Commodity": "PK", "Supplier": "Permata Hijau Palm Oleo - KIM", "Status": "Direct Mill", "Trader": null }, "geometry": { "type": "Point", "coordinates": [ 98.199, 3.721 ] } },
{ "type": "Feature", "properties": { "PHG ID": "PG-310", "Supplier N": "Bumi Tamiang Sentosa", "Mill Name": "Bumi Tamiang Sentosa", "Group": "Bumi Tamiang Sentosa", "Latitude": 4.152877, "Longitude": 97.973436, "UML ID": "PO1000015298", "Commodity": "PK", "Supplier": "Permata Hijau Palm Oleo - KIM", "Status": "Direct Mill", "Trader": null }, "geometry": { "type": "Point", "coordinates": [ 97.973436, 4.152877 ] } },
{ "type": "Feature", "properties": { "PHG ID": "PG-312", "Supplier N": "Samira Makmur Sejahtera", "Mill Name": "Samira Makmur Sejahtera", "Group": "Samira Makmur Sejahtera", "Latitude": 3.76832, "Longitude": 96.73245, "UML ID": "PO1000016539", "Commodity": "PK", "Supplier": "Permata Hijau Palm Oleo - KIM", "Status": "Direct Mill", "Trader": null }, "geometry": { "type": "Point", "coordinates": [ 96.73245, 3.76832 ] } },
{ "type": "Feature", "properties": { "PHG ID": "PG-373", "Supplier N": "Dalanta Marsada Sukses", "Mill Name": "Dalanta Marsada Sukses", "Group": "Dalanta Marsada Sukses", "Latitude": 2.12423, "Longitude": 98.29234, "UML ID": "PO1000016970", "Commodity": "PK", "Supplier": "Permata Hijau Palm Oleo - KIM", "Status": "Direct Mill", "Trader": null }, "geometry": { "type": "Point", "coordinates": [ 98.29234, 2.12423 ] } },
{ "type": "Feature", "properties": { "PHG ID": "PG-001", "Supplier N": "Abdi Budi Mulia", "Mill Name": "PMKS 1", "Group": "Abdi Budi Mulia", "Latitude": 2.05261, "Longitude": 100.25326, "UML ID": "PO1000004269", "Commodity": "CPO", "Supplier": "Pelita Agung Agrindustri - Dumai", "Status": "Direct Mill", "Trader": null }, "geometry": { "type": "Point", "coordinates": [ 100.25326, 2.05261 ] } },
{ "type": "Feature", "properties": { "PHG ID": "PG-029", "Supplier N": "Sawit Asahan Indah", "Mill Name": "Sawit Asahan Indah", "Group": "Astra Agro Lestari Tbk", "Latitude": 0.76161, "Longitude": 100.51889, "UML ID": "PO1000004417", "Commodity": "CPO", "Supplier": "Pelita Agung Agrindustri - Dumai", "Status": "Direct Mill", "Trader": null }, "geometry": { "type": "Point", "coordinates": [ 100.51889, 0.76161 ] } },
{ "type": "Feature", "properties": { "PHG ID": "PG-030", "Supplier N": "Eka Dura Indonesia", "Mill Name": "Eka Dura Indonesia", "Group": "Astra Agro Lestari Tbk", "Latitude": 0.88428, "Longitude": 100.61372, "UML ID": "PO1000004422", "Commodity": "CPO", "Supplier": "Pelita Agung Agrindustri - Dumai", "Status": "Direct Mill", "Trader": null }, "geometry": { "type": "Point", "coordinates": [ 100.61372, 0.88428 ] } },
{ "type": "Feature", "properties": { "PHG ID": "PG-034", "Supplier N": "Kimia Tirta Utama", "Mill Name": "Kimia Tirta Utama", "Group": "Astra Agro Lestari Tbk", "Latitude": 0.67619, "Longitude": 101.72675, "UML ID": "PO1000004408", "Commodity": "CPO", "Supplier": "Pelita Agung Agrindustri - Dumai", "Status": "Direct Mill", "Trader": null }, "geometry": { "type": "Point", "coordinates": [ 101.72675, 0.67619 ] } },
{ "type": "Feature", "properties": { "PHG ID": "PG-036", "Supplier N": "Sari Lembah Subur", "Mill Name": "Sari Lembah Subur 1", "Group": "Astra Agro Lestari Tbk", "Latitude": -0.05083, "Longitude": 102.25281, "UML ID": "PO1000004935", "Commodity": "CPO", "Supplier": "Pelita Agung Agrindustri - Dumai", "Status": "Direct Mill", "Trader": null }, "geometry": { "type": "Point", "coordinates": [ 102.25281, -0.05083 ] } },
{ "type": "Feature", "properties": { "PHG ID": "PG-037", "Supplier N": "Sari Lembah Subur", "Mill Name": "Sari Lembah Subur 2", "Group": "Astra Agro Lestari Tbk", "Latitude": -0.00181, "Longitude": 102.19642, "UML ID": "PO1000007596", "Commodity": "CPO", "Supplier": "Pelita Agung Agrindustri - Dumai", "Status": "Direct Mill", "Trader": null }, "geometry": { "type": "Point", "coordinates": [ 102.19642, -0.00181 ] } },
{ "type": "Feature", "properties": { "PHG ID": "PG-038", "Supplier N": "Tunggal Perkasa Plantation", "Mill Name": "Tunggal Perkasa Plantation", "Group": "Astra Agro Lestari Tbk", "Latitude": -0.30264, "Longitude": 102.27317, "UML ID": "PO1000004372", "Commodity": "CPO", "Supplier": "Pelita Agung Agrindustri - Dumai", "Status": "Direct Mill", "Trader": null }, "geometry": { "type": "Point", "coordinates": [ 102.27317, -0.30264 ] } },
{ "type": "Feature", "properties": { "PHG ID": "PG-080", "Supplier N": "Giga Putra Nusantara", "Mill Name": "Giga Putra Nusantara", "Group": "Giga Putra Nusantara", "Latitude": 1.30817, "Longitude": 99.76825, "UML ID": "PO1000008570", "Commodity": "CPO", "Supplier": "Pelita Agung Agrindustri - Dumai", "Status": "Direct Mill", "Trader": null }, "geometry": { "type": "Point", "coordinates": [ 99.76825, 1.30817 ] } },
{ "type": "Feature", "properties": { "PHG ID": "PG-137", "Supplier N": "Mazuma Agro Indonesia", "Mill Name": "Mazuma Agro Indonesia", "Group": "Mazuma", "Latitude": 1.12867, "Longitude": 100.1545, "UML ID": "PO1000004438", "Commodity": "CPO", "Supplier": "Pelita Agung Agrindustri - Dumai", "Status": "Direct Mill", "Trader": null }, "geometry": { "type": "Point", "coordinates": [ 100.1545, 1.12867 ] } },
{ "type": "Feature", "properties": { "PHG ID": "PG-148", "Supplier N": "Tunggal Mitra Plantations", "Mill Name": "Manggala", "Group": "Minamas", "Latitude": 1.521, "Longitude": 100.732, "UML ID": "PO1000000330", "Commodity": "CPO", "Supplier": "Pelita Agung Agrindustri - Dumai", "Status": "Direct Mill", "Trader": null }, "geometry": { "type": "Point", "coordinates": [ 100.732, 1.521 ] } },
{ "type": "Feature", "properties": { "PHG ID": "PG-165", "Supplier N": "Mustika Agung Sarana Sejahtera", "Mill Name": "Mustika Agung Sarana Sejahtera", "Group": "Mustika", "Latitude": 1.74944, "Longitude": 100.93017, "UML ID": "PO1000007661", "Commodity": "CPO", "Supplier": "Pelita Agung Agrindustri - Dumai", "Status": "Direct Mill", "Trader": null }, "geometry": { "type": "Point", "coordinates": [ 100.93017, 1.74944 ] } },
{ "type": "Feature", "properties": { "PHG ID": "PG-184", "Supplier N": "Nubika Jaya", "Mill Name": "Blok Songo", "Group": "Permata Group", "Latitude": 1.947629, "Longitude": 100.10167, "UML ID": "PO1000006257", "Commodity": "CPO", "Supplier": "Pelita Agung Agrindustri - Dumai", "Status": "Direct Mill", "Trader": null }, "geometry": { "type": "Point", "coordinates": [ 100.10167, 1.947629 ] } },
{ "type": "Feature", "properties": { "PHG ID": "PG-185", "Supplier N": "Pelita Agung Agrindustri", "Mill Name": "Duri", "Group": "Permata Group", "Latitude": 1.427931, "Longitude": 101.188599, "UML ID": "PO1000011184", "Commodity": "CPO", "Supplier": "Pelita Agung Agrindustri - Dumai", "Status": "Direct Mill", "Trader": null }, "geometry": { "type": "Point", "coordinates": [ 101.188599, 1.427931 ] } },
{ "type": "Feature", "properties": { "PHG ID": "PG-187", "Supplier N": "Permata Hijau Indonesia", "Mill Name": "Hutalombang", "Group": "Permata Group", "Latitude": 1.13935, "Longitude": 99.76689, "UML ID": "PO1000006269", "Commodity": "CPO", "Supplier": "Pelita Agung Agrindustri - Dumai", "Status": "Direct Mill", "Trader": null }, "geometry": { "type": "Point", "coordinates": [ 99.76689, 1.13935 ] } },
{ "type": "Feature", "properties": { "PHG ID": "PG-188", "Supplier N": "Permata Hijau Indonesia", "Mill Name": "Balam", "Group": "Permata Group", "Latitude": 1.6955, "Longitude": 100.68383, "UML ID": "PO1000010028", "Commodity": "CPO", "Supplier": "Pelita Agung Agrindustri - Dumai", "Status": "Direct Mill", "Trader": null }, "geometry": { "type": "Point", "coordinates": [ 100.68383, 1.6955 ] } },
{ "type": "Feature", "properties": { "PHG ID": "PG-189", "Supplier N": "Permata Hijau Indonesia", "Mill Name": "Langgam", "Group": "Permata Group", "Latitude": 0.304, "Longitude": 101.905, "UML ID": "PO1000004164", "Commodity": "CPO", "Supplier": "Pelita Agung Agrindustri - Dumai", "Status": "Direct Mill", "Trader": null }, "geometry": { "type": "Point", "coordinates": [ 101.905, 0.304 ] } },
{ "type": "Feature", "properties": { "PHG ID": "PG-195", "Supplier N": "Riau Kampar Sahabat Sejati", "Mill Name": "Riau Kampar Sahabat Sejati", "Group": "Riau Kampar Sahabat Sejati", "Latitude": 0.659452, "Longitude": 100.897976, "UML ID": "PO1000006152", "Commodity": "CPO", "Supplier": "Pelita Agung Agrindustri - Dumai", "Status": "Direct Mill", "Trader": null }, "geometry": { "type": "Point", "coordinates": [ 100.897976, 0.659452 ] } },
{ "type": "Feature", "properties": { "PHG ID": "PG-215", "Supplier N": "Perkebunan Nusantara IV", "Mill Name": "Adolina", "Group": "PTPN IV", "Latitude": 3.568, "Longitude": 98.94781, "UML ID": "PO1000004497", "Commodity": "CPO", "Supplier": "Pelita Agung Agrindustri - Dumai", "Status": "Direct Mill", "Trader": null }, "geometry": { "type": "Point", "coordinates": [ 98.94781, 3.568 ] } },
{ "type": "Feature", "properties": { "PHG ID": "PG-216", "Supplier N": "Perkebunan Nusantara IV", "Mill Name": "Air Batu", "Group": "PTPN IV", "Latitude": 2.85997, "Longitude": 99.63842, "UML ID": "PO1000004280", "Commodity": "CPO", "Supplier": "Pelita Agung Agrindustri - Dumai", "Status": "Direct Mill", "Trader": null }, "geometry": { "type": "Point", "coordinates": [ 99.63842, 2.85997 ] } },
{ "type": "Feature", "properties": { "PHG ID": "PG-218", "Supplier N": "Perkebunan Nusantara IV", "Mill Name": "Bah Jambi", "Group": "PTPN IV", "Latitude": 2.98847, "Longitude": 99.22031, "UML ID": "PO1000004181", "Commodity": "CPO", "Supplier": "Pelita Agung Agrindustri - Dumai", "Status": "Direct Mill", "Trader": null }, "geometry": { "type": "Point", "coordinates": [ 99.22031, 2.98847 ] } },
{ "type": "Feature", "properties": { "PHG ID": "PG-220", "Supplier N": "Perkebunan Nusantara IV", "Mill Name": "Dolok Ilir", "Group": "PTPN IV", "Latitude": 3.12119, "Longitude": 99.16, "UML ID": "PO1000002539", "Commodity": "CPO", "Supplier": "Pelita Agung Agrindustri - Dumai", "Status": "Direct Mill", "Trader": null }, "geometry": { "type": "Point", "coordinates": [ 99.16, 3.12119 ] } },
{ "type": "Feature", "properties": { "PHG ID": "PG-221", "Supplier N": "Perkebunan Nusantara IV", "Mill Name": "Dolok Sinumbah", "Group": "PTPN IV", "Latitude": 3.11161, "Longitude": 99.32906, "UML ID": "PO1000005868", "Commodity": "CPO", "Supplier": "Pelita Agung Agrindustri - Dumai", "Status": "Direct Mill", "Trader": null }, "geometry": { "type": "Point", "coordinates": [ 99.32906, 3.11161 ] } },
{ "type": "Feature", "properties": { "PHG ID": "PG-222", "Supplier N": "Perkebunan Nusantara IV", "Mill Name": "Pabatu", "Group": "PTPN IV", "Latitude": 3.28653, "Longitude": 99.10911, "UML ID": "PO1000002520", "Commodity": "CPO", "Supplier": "Pelita Agung Agrindustri - Dumai", "Status": "Direct Mill", "Trader": null }, "geometry": { "type": "Point", "coordinates": [ 99.10911, 3.28653 ] } },
{ "type": "Feature", "properties": { "PHG ID": "PG-223", "Supplier N": "Perkebunan Nusantara IV", "Mill Name": "Pasir Mandoge", "Group": "PTPN IV", "Latitude": 2.76844, "Longitude": 99.31769, "UML ID": "PO1000004277", "Commodity": "CPO", "Supplier": "Pelita Agung Agrindustri - Dumai", "Status": "Direct Mill", "Trader": null }, "geometry": { "type": "Point", "coordinates": [ 99.31769, 2.76844 ] } },
{ "type": "Feature", "properties": { "PHG ID": "PG-224", "Supplier N": "Perkebunan Nusantara IV", "Mill Name": "Sawit Langkat", "Group": "PTPN IV", "Latitude": 3.70058, "Longitude": 98.29406, "UML ID": "PO1000004524", "Commodity": "CPO", "Supplier": "Pelita Agung Agrindustri - Dumai", "Status": "Direct Mill", "Trader": null }, "geometry": { "type": "Point", "coordinates": [ 98.29406, 3.70058 ] } },
{ "type": "Feature", "properties": { "PHG ID": "PG-225", "Supplier N": "Perkebunan Nusantara IV", "Mill Name": "Sosa", "Group": "PTPN IV", "Latitude": 1.04856, "Longitude": 100.01397, "UML ID": "PO1000004428", "Commodity": "CPO", "Supplier": "Pelita Agung Agrindustri - Dumai", "Status": "Direct Mill", "Trader": null }, "geometry": { "type": "Point", "coordinates": [ 100.01397, 1.04856 ] } },
{ "type": "Feature", "properties": { "PHG ID": "PG-226", "Supplier N": "Perkebunan Nusantara IV", "Mill Name": "Tinjowan", "Group": "PTPN IV", "Latitude": 3.08044, "Longitude": 99.51267, "UML ID": "PO1000004208", "Commodity": "CPO", "Supplier": "Pelita Agung Agrindustri - Dumai", "Status": "Direct Mill", "Trader": null }, "geometry": { "type": "Point", "coordinates": [ 99.51267, 3.08044 ] } },
{ "type": "Feature", "properties": { "PHG ID": "PG-270", "Supplier N": "Sinar Utama Nabati", "Mill Name": "Sinar Utama Nabati", "Group": "Sinar Utama Nabati", "Latitude": -0.392, "Longitude": 101.41701, "UML ID": "PO1000010074", "Commodity": "CPO", "Supplier": "Pelita Agung Agrindustri - Dumai", "Status": "Direct Mill", "Trader": null }, "geometry": { "type": "Point", "coordinates": [ 101.41701, -0.392 ] } },
{ "type": "Feature", "properties": { "PHG ID": "PG-315", "Supplier N": "Perkebunan Nusantara IV", "Mill Name": "Timur", "Group": "PTPN IV", "Latitude": 0.36719, "Longitude": 99.30765, "UML ID": "PO1000004331", "Commodity": "CPO", "Supplier": "Pelita Agung Agrindustri - Dumai", "Status": "Direct Mill", "Trader": null }, "geometry": { "type": "Point", "coordinates": [ 99.30765, 0.36719 ] } },
{ "type": "Feature", "properties": { "PHG ID": "PG-327", "Supplier N": "Balam Berlian Sawit", "Mill Name": "Balam Berlian Sawit", "Group": "Balam Berlian Sawit", "Latitude": 1.68041, "Longitude": 100.810047, "UML ID": "PO1000013778", "Commodity": "CPO", "Supplier": "Pelita Agung Agrindustri - Dumai", "Status": "Direct Mill", "Trader": null }, "geometry": { "type": "Point", "coordinates": [ 100.810047, 1.68041 ] } },
{ "type": "Feature", "properties": { "PHG ID": "PG-339", "Supplier N": "Perkebunan Nusantara IV", "Mill Name": "Mayang", "Group": "PTPN IV", "Latitude": 3.03298, "Longitude": 99.33295, "UML ID": "PO1000004281", "Commodity": "CPO", "Supplier": "Pelita Agung Agrindustri - Dumai", "Status": "Direct Mill", "Trader": null }, "geometry": { "type": "Point", "coordinates": [ 99.33295, 3.03298 ] } },
{ "type": "Feature", "properties": { "PHG ID": "PG-340", "Supplier N": "Perkebunan Nusantara IV", "Mill Name": "Pulau Raja", "Group": "PTPN IV", "Latitude": 2.702107, "Longitude": 99.624523, "UML ID": "PO1000002335", "Commodity": "CPO", "Supplier": "Pelita Agung Agrindustri - Dumai", "Status": "Direct Mill", "Trader": null }, "geometry": { "type": "Point", "coordinates": [ 99.624523, 2.702107 ] } },
{ "type": "Feature", "properties": { "PHG ID": "PG-019", "Supplier N": "Anugerah Agro Sawit Perkasa", "Mill Name": "Anugerah Agro Sawit Perkasa", "Group": "Anugerah Agro Sawit Perkasa", "Latitude": 1.84464, "Longitude": 100.44456, "UML ID": "PO1000008585", "Commodity": "CPO", "Supplier": "Pelita Agung Agrindustri - Duri", "Status": "Direct Mill", "Trader": null }, "geometry": { "type": "Point", "coordinates": [ 100.44456, 1.84464 ] } },
{ "type": "Feature", "properties": { "PHG ID": "PG-069", "Supplier N": "Era Sawita", "Mill Name": "Era Sawita", "Group": "Era Sawita", "Latitude": 1.08, "Longitude": 100.49167, "UML ID": "PO1000004245", "Commodity": "CPO", "Supplier": "Pelita Agung Agrindustri - Duri", "Status": "Direct Mill", "Trader": null }, "geometry": { "type": "Point", "coordinates": [ 100.49167, 1.08 ] } },
{ "type": "Feature", "properties": { "PHG ID": "PG-070", "Supplier N": "Karya Cipta Nirvana", "Mill Name": "Karya Cipta Nirvana", "Group": "Karya Cipta Nirvana", "Latitude": 0.666862, "Longitude": 100.508528, "UML ID": "PO1000010051", "Commodity": "CPO", "Supplier": "Pelita Agung Agrindustri - Duri", "Status": "Direct Mill", "Trader": null }, "geometry": { "type": "Point", "coordinates": [ 100.508528, 0.666862 ] } },
{ "type": "Feature", "properties": { "PHG ID": "PG-085", "Supplier N": "Graha Permata Hijau", "Mill Name": "Graha Permata Hijau", "Group": "Graha Permata Hijau", "Latitude": 1.12558, "Longitude": 100.84739, "UML ID": "PO1000012850", "Commodity": "CPO", "Supplier": "Pelita Agung Agrindustri - Duri", "Status": "Direct Mill", "Trader": null }, "geometry": { "type": "Point", "coordinates": [ 100.84739, 1.12558 ] } },
{ "type": "Feature", "properties": { "PHG ID": "PG-127", "Supplier N": "Libo Sawit Perkasa", "Mill Name": "Libo Sawit Perkasa", "Group": "Libo Sawit Perkasa", "Latitude": 0.95606, "Longitude": 101.14094, "UML ID": "PO1000004239", "Commodity": "CPO", "Supplier": "Pelita Agung Agrindustri - Duri", "Status": "Direct Mill", "Trader": null }, "geometry": { "type": "Point", "coordinates": [ 101.14094, 0.95606 ] } },
{ "type": "Feature", "properties": { "PHG ID": "PG-137", "Supplier N": "Mazuma Agro Indonesia", "Mill Name": "Mazuma Agro Indonesia", "Group": "Mazuma", "Latitude": 1.12867, "Longitude": 100.1545, "UML ID": "PO1000004438", "Commodity": "CPO", "Supplier": "Pelita Agung Agrindustri - Duri", "Status": "Direct Mill", "Trader": null }, "geometry": { "type": "Point", "coordinates": [ 100.1545, 1.12867 ] } },
{ "type": "Feature", "properties": { "PHG ID": "PG-166", "Supplier N": "Mustika Agung Sawit Gemilang", "Mill Name": "Mustika Agung Sawit Gemilang", "Group": "Mustika", "Latitude": -0.52528, "Longitude": 101.99339, "UML ID": "PO1000011182", "Commodity": "CPO", "Supplier": "Pelita Agung Agrindustri - Duri", "Status": "Direct Mill", "Trader": null }, "geometry": { "type": "Point", "coordinates": [ 101.99339, -0.52528 ] } },
{ "type": "Feature", "properties": { "PHG ID": "PG-184", "Supplier N": "Nubika Jaya", "Mill Name": "Blok Songo", "Group": "Permata Group", "Latitude": 1.947629, "Longitude": 100.10167, "UML ID": "PO1000006257", "Commodity": "CPO", "Supplier": "Pelita Agung Agrindustri - Duri", "Status": "Direct Mill", "Trader": null }, "geometry": { "type": "Point", "coordinates": [ 100.10167, 1.947629 ] } },
{ "type": "Feature", "properties": { "PHG ID": "PG-185", "Supplier N": "Pelita Agung Agrindustri", "Mill Name": "Duri", "Group": "Permata Group", "Latitude": 1.427931, "Longitude": 101.188599, "UML ID": "PO1000011184", "Commodity": "CPO", "Supplier": "Pelita Agung Agrindustri - Duri", "Status": "Direct Mill", "Trader": null }, "geometry": { "type": "Point", "coordinates": [ 101.188599, 1.427931 ] } },
{ "type": "Feature", "properties": { "PHG ID": "PG-187", "Supplier N": "Permata Hijau Indonesia", "Mill Name": "Hutalombang", "Group": "Permata Group", "Latitude": 1.13935, "Longitude": 99.76689, "UML ID": "PO1000006269", "Commodity": "CPO", "Supplier": "Pelita Agung Agrindustri - Duri", "Status": "Direct Mill", "Trader": null }, "geometry": { "type": "Point", "coordinates": [ 99.76689, 1.13935 ] } },
{ "type": "Feature", "properties": { "PHG ID": "PG-188", "Supplier N": "Permata Hijau Indonesia", "Mill Name": "Balam", "Group": "Permata Group", "Latitude": 1.6955, "Longitude": 100.68383, "UML ID": "PO1000010028", "Commodity": "CPO", "Supplier": "Pelita Agung Agrindustri - Duri", "Status": "Direct Mill", "Trader": null }, "geometry": { "type": "Point", "coordinates": [ 100.68383, 1.6955 ] } },
{ "type": "Feature", "properties": { "PHG ID": "PG-189", "Supplier N": "Permata Hijau Indonesia", "Mill Name": "Langgam", "Group": "Permata Group", "Latitude": 0.304, "Longitude": 101.905, "UML ID": "PO1000004164", "Commodity": "CPO", "Supplier": "Pelita Agung Agrindustri - Duri", "Status": "Direct Mill", "Trader": null }, "geometry": { "type": "Point", "coordinates": [ 101.905, 0.304 ] } },
{ "type": "Feature", "properties": { "PHG ID": "PG-243", "Supplier N": "Riau Anugerah Sentosa", "Mill Name": "Riau Anugerah Sentosa", "Group": "Riau Anugerah Sentosa", "Latitude": 1.082585, "Longitude": 100.817214, "UML ID": "PO1000014625", "Commodity": "CPO", "Supplier": "Pelita Agung Agrindustri - Duri", "Status": "Direct Mill", "Trader": null }, "geometry": { "type": "Point", "coordinates": [ 100.817214, 1.082585 ] } },
{ "type": "Feature", "properties": { "PHG ID": "PG-260", "Supplier N": "Semunai Sawit Perkasa", "Mill Name": "Semunai Sawit Perkasa", "Group": "Semunai Sawit Perkasa", "Latitude": 1.16339, "Longitude": 101.27806, "UML ID": "PO1000008278", "Commodity": "CPO", "Supplier": "Pelita Agung Agrindustri - Duri", "Status": "Direct Mill", "Trader": null }, "geometry": { "type": "Point", "coordinates": [ 101.27806, 1.16339 ] } },
{ "type": "Feature", "properties": { "PHG ID": "PG-338", "Supplier N": "Surya Sawit Mandiri", "Mill Name": "Surya Sawit Mandiri", "Group": "Surya Sawit Mandiri", "Latitude": 0.634, "Longitude": 100.601, "UML ID": "PO1000017404", "Commodity": "CPO", "Supplier": "Pelita Agung Agrindustri - Duri", "Status": "Direct Mill", "Trader": null }, "geometry": { "type": "Point", "coordinates": [ 100.601, 0.634 ] } },
{ "type": "Feature", "properties": { "PHG ID": "PG-001", "Supplier N": "Abdi Budi Mulia", "Mill Name": "PMKS 1", "Group": "Abdi Budi Mulia", "Latitude": 2.05261, "Longitude": 100.25326, "UML ID": "PO1000004269", "Commodity": "CPO", "Supplier": "Pelita Agung Agrindustri - KID", "Status": "Direct Mill", "Trader": null }, "geometry": { "type": "Point", "coordinates": [ 100.25326, 2.05261 ] } },
{ "type": "Feature", "properties": { "PHG ID": "PG-011", "Supplier N": "Air Kampar", "Mill Name": "Air Kampar", "Group": "Air Kampar", "Latitude": 0.422926, "Longitude": 101.184381, "UML ID": "PO1000014222", "Commodity": "CPO", "Supplier": "Pelita Agung Agrindustri - KID", "Status": "Direct Mill", "Trader": null }, "geometry": { "type": "Point", "coordinates": [ 101.184381, 0.422926 ] } },
{ "type": "Feature", "properties": { "PHG ID": "PG-019", "Supplier N": "Anugerah Agro Sawit Perkasa", "Mill Name": "Anugerah Agro Sawit Perkasa", "Group": "Anugerah Agro Sawit Perkasa", "Latitude": 1.84464, "Longitude": 100.44456, "UML ID": "PO1000008585", "Commodity": "CPO", "Supplier": "Pelita Agung Agrindustri - KID", "Status": "Direct Mill", "Trader": null }, "geometry": { "type": "Point", "coordinates": [ 100.44456, 1.84464 ] } },
{ "type": "Feature", "properties": { "PHG ID": "PG-020", "Supplier N": "Anugerah Tani Makmur", "Mill Name": "Anugerah Tani Makmur", "Group": "Anugerah Tani Makmur", "Latitude": 0.536, "Longitude": 101.602, "UML ID": "PO1000007457", "Commodity": "CPO", "Supplier": "Pelita Agung Agrindustri - KID", "Status": "Direct Mill", "Trader": null }, "geometry": { "type": "Point", "coordinates": [ 101.602, 0.536 ] } },
{ "type": "Feature", "properties": { "PHG ID": "PG-054", "Supplier N": "Rohul Sawit Industri", "Mill Name": "Sukadamai", "Group": "Bumitama Agri Ltd", "Latitude": 0.680564, "Longitude": 100.526172, "UML ID": "PO1000004410", "Commodity": "CPO", "Supplier": "Pelita Agung Agrindustri - KID", "Status": "Direct Mill", "Trader": null }, "geometry": { "type": "Point", "coordinates": [ 100.526172, 0.680564 ] } },
{ "type": "Feature", "properties": { "PHG ID": "PG-069", "Supplier N": "Era Sawita", "Mill Name": "Era Sawita", "Group": "Era Sawita", "Latitude": 1.08, "Longitude": 100.49167, "UML ID": "PO1000004245", "Commodity": "CPO", "Supplier": "Pelita Agung Agrindustri - KID", "Status": "Direct Mill", "Trader": null }, "geometry": { "type": "Point", "coordinates": [ 100.49167, 1.08 ] } },
{ "type": "Feature", "properties": { "PHG ID": "PG-070", "Supplier N": "Karya Cipta Nirvana", "Mill Name": "Karya Cipta Nirvana", "Group": "Karya Cipta Nirvana", "Latitude": 0.666862, "Longitude": 100.508528, "UML ID": "PO1000010051", "Commodity": "CPO", "Supplier": "Pelita Agung Agrindustri - KID", "Status": "Direct Mill", "Trader": null }, "geometry": { "type": "Point", "coordinates": [ 100.508528, 0.666862 ] } },
{ "type": "Feature", "properties": { "PHG ID": "PG-072", "Supplier N": "Flora Wahana Tirta", "Mill Name": "Flora Wahana Tirta", "Group": "Flora Wahana Tirta", "Latitude": 0.135596, "Longitude": 101.266403, "UML ID": "PO1000004154", "Commodity": "CPO", "Supplier": "Pelita Agung Agrindustri - KID", "Status": "Direct Mill", "Trader": null }, "geometry": { "type": "Point", "coordinates": [ 101.266403, 0.135596 ] } },
{ "type": "Feature", "properties": { "PHG ID": "PG-080", "Supplier N": "Giga Putra Nusantara", "Mill Name": "Giga Putra Nusantara", "Group": "Giga Putra Nusantara", "Latitude": 1.30817, "Longitude": 99.76825, "UML ID": "PO1000008570", "Commodity": "CPO", "Supplier": "Pelita Agung Agrindustri - KID", "Status": "Direct Mill", "Trader": null }, "geometry": { "type": "Point", "coordinates": [ 99.76825, 1.30817 ] } },
{ "type": "Feature", "properties": { "PHG ID": "PG-081", "Supplier N": "Giga Putra Perkasa", "Mill Name": "Giga Putra Perkasa", "Group": "Giga Putra Perkasa", "Latitude": 0.421, "Longitude": 100.814, "UML ID": "PO1000010039", "Commodity": "CPO", "Supplier": "Pelita Agung Agrindustri - KID", "Status": "Direct Mill", "Trader": null }, "geometry": { "type": "Point", "coordinates": [ 100.814, 0.421 ] } },
{ "type": "Feature", "properties": { "PHG ID": "PG-084", "Supplier N": "Pujud Karya Sawit", "Mill Name": "Pujud Karya Sawit", "Group": "Graha", "Latitude": 1.37486, "Longitude": 100.52783, "UML ID": "PO1000004456", "Commodity": "CPO", "Supplier": "Pelita Agung Agrindustri - KID", "Status": "Direct Mill", "Trader": null }, "geometry": { "type": "Point", "coordinates": [ 100.52783, 1.37486 ] } },
{ "type": "Feature", "properties": { "PHG ID": "PG-087", "Supplier N": "Guna Setia Pratama", "Mill Name": "Guna Setia Pratama", "Group": "Guna Setia Pratama", "Latitude": 0.428, "Longitude": 101.597, "UML ID": "PO1000008224", "Commodity": "CPO", "Supplier": "Pelita Agung Agrindustri - KID", "Status": "Direct Mill", "Trader": null }, "geometry": { "type": "Point", "coordinates": [ 101.597, 0.428 ] } },
{ "type": "Feature", "properties": { "PHG ID": "PG-093", "Supplier N": "Hutahaean", "Mill Name": "Goragahana", "Group": "Hutahaean", "Latitude": 1.179571, "Longitude": 100.2695, "UML ID": "PO1000004443", "Commodity": "CPO", "Supplier": "Pelita Agung Agrindustri - KID", "Status": "Direct Mill", "Trader": null }, "geometry": { "type": "Point", "coordinates": [ 100.2695, 1.179571 ] } },
{ "type": "Feature", "properties": { "PHG ID": "PG-106", "Supplier N": "Arya Rama Prakarsa", "Mill Name": "Arya Rama Prakarsa", "Group": "Genk Agro Mas", "Latitude": 1.22097, "Longitude": 100.38383, "UML ID": "PO1000008279", "Commodity": "CPO", "Supplier": "Pelita Agung Agrindustri - KID", "Status": "Direct Mill", "Trader": null }, "geometry": { "type": "Point", "coordinates": [ 100.38383, 1.22097 ] } },
{ "type": "Feature", "properties": { "PHG ID": "PG-107", "Supplier N": "Kencana Agro Persada", "Mill Name": "Kencana Agro Persada", "Group": "Genk Agro Mas", "Latitude": 0.60525, "Longitude": 101.24161, "UML ID": "PO1000011194", "Commodity": "CPO", "Supplier": "Pelita Agung Agrindustri - KID", "Status": "Direct Mill", "Trader": null }, "geometry": { "type": "Point", "coordinates": [ 101.24161, 0.60525 ] } },
{ "type": "Feature", "properties": { "PHG ID": "PG-111", "Supplier N": "Kencana Persada Nusantara", "Mill Name": "Kencana Persada Nusantara", "Group": "Genk Agro Mas", "Latitude": 1.175, "Longitude": 100.233, "UML ID": "PO1000004442", "Commodity": "CPO", "Supplier": "Pelita Agung Agrindustri - KID", "Status": "Direct Mill", "Trader": null }, "geometry": { "type": "Point", "coordinates": [ 100.233, 1.175 ] } },
{ "type": "Feature", "properties": { "PHG ID": "PG-112", "Supplier N": "Kencana Utama Sejati", "Mill Name": "Kencana Utama Sejati", "Group": "Genk Agro Mas", "Latitude": 1.06897, "Longitude": 100.11719, "UML ID": "PO1000007569", "Commodity": "CPO", "Supplier": "Pelita Agung Agrindustri - KID", "Status": "Direct Mill", "Trader": null }, "geometry": { "type": "Point", "coordinates": [ 100.11719, 1.06897 ] } },
{ "type": "Feature", "properties": { "PHG ID": "PG-123", "Supplier N": "Langgak Inti Lestari", "Mill Name": "Langgak Inti Lestari", "Group": "Langgak Inti Lestari", "Latitude": 0.63608, "Longitude": 100.59139, "UML ID": "PO1000007567", "Commodity": "CPO", "Supplier": "Pelita Agung Agrindustri - KID", "Status": "Direct Mill", "Trader": null }, "geometry": { "type": "Point", "coordinates": [ 100.59139, 0.63608 ] } },
{ "type": "Feature", "properties": { "PHG ID": "PG-127", "Supplier N": "Libo Sawit Perkasa", "Mill Name": "Libo Sawit Perkasa", "Group": "Libo Sawit Perkasa", "Latitude": 0.95606, "Longitude": 101.14094, "UML ID": "PO1000004239", "Commodity": "CPO", "Supplier": "Pelita Agung Agrindustri - KID", "Status": "Direct Mill", "Trader": null }, "geometry": { "type": "Point", "coordinates": [ 101.14094, 0.95606 ] } },
{ "type": "Feature", "properties": { "PHG ID": "PG-129", "Supplier N": "Nagamas Agro Mulia", "Mill Name": "Tanjung Medan", "Group": "Nagamas Group", "Latitude": 1.302344, "Longitude": 100.396834, "UML ID": "PO1000004449", "Commodity": "CPO", "Supplier": "Pelita Agung Agrindustri - KID", "Status": "Direct Mill", "Trader": null }, "geometry": { "type": "Point", "coordinates": [ 100.396834, 1.302344 ] } },
{ "type": "Feature", "properties": { "PHG ID": "PG-130", "Supplier N": "Sumber Sawit Nusantara", "Mill Name": "Sumber Sawit Nusantara", "Group": "Nagamas Group", "Latitude": 1.54961, "Longitude": 99.95694, "UML ID": "PO1000008291", "Commodity": "CPO", "Supplier": "Pelita Agung Agrindustri - KID", "Status": "Direct Mill", "Trader": null }, "geometry": { "type": "Point", "coordinates": [ 99.95694, 1.54961 ] } },
{ "type": "Feature", "properties": { "PHG ID": "PG-133", "Supplier N": "Mahato Inti Sawit", "Mill Name": "Mahato Inti Sawit", "Group": "Mahato Inti Sawit", "Latitude": 1.37356, "Longitude": 100.29867, "UML ID": "PO1000011910", "Commodity": "CPO", "Supplier": "Pelita Agung Agrindustri - KID", "Status": "Direct Mill", "Trader": null }, "geometry": { "type": "Point", "coordinates": [ 100.29867, 1.37356 ] } },
{ "type": "Feature", "properties": { "PHG ID": "PG-134", "Supplier N": "Maju Indoraya", "Mill Name": "Maju Indoraya", "Group": "Maju Indo Raya", "Latitude": 1.40914, "Longitude": 98.85764, "UML ID": "PO1000004461", "Commodity": "CPO", "Supplier": "Pelita Agung Agrindustri - KID", "Status": "Direct Mill", "Trader": null }, "geometry": { "type": "Point", "coordinates": [ 98.85764, 1.40914 ] } },
{ "type": "Feature", "properties": { "PHG ID": "PG-136", "Supplier N": "Makmur Andalan Sawit", "Mill Name": "Makmur Andalan Sawit", "Group": "Makmur Andalan Sawit", "Latitude": 0.067078, "Longitude": 102.124408, "UML ID": "PO1000004345", "Commodity": "CPO", "Supplier": "Pelita Agung Agrindustri - KID", "Status": "Direct Mill", "Trader": null }, "geometry": { "type": "Point", "coordinates": [ 102.124408, 0.067078 ] } },
{ "type": "Feature", "properties": { "PHG ID": "PG-137", "Supplier N": "Mazuma Agro Indonesia", "Mill Name": "Mazuma Agro Indonesia", "Group": "Mazuma", "Latitude": 1.12867, "Longitude": 100.1545, "UML ID": "PO1000004438", "Commodity": "CPO", "Supplier": "Pelita Agung Agrindustri - KID", "Status": "Direct Mill", "Trader": null }, "geometry": { "type": "Point", "coordinates": [ 100.1545, 1.12867 ] } },
{ "type": "Feature", "properties": { "PHG ID": "PG-148", "Supplier N": "Tunggal Mitra Plantations", "Mill Name": "Manggala", "Group": "Minamas", "Latitude": 1.521, "Longitude": 100.732, "UML ID": "PO1000000330", "Commodity": "CPO", "Supplier": "Pelita Agung Agrindustri - KID", "Status": "Direct Mill", "Trader": null }, "geometry": { "type": "Point", "coordinates": [ 100.732, 1.521 ] } },
{ "type": "Feature", "properties": { "PHG ID": "PG-165", "Supplier N": "Mustika Agung Sarana Sejahtera", "Mill Name": "Mustika Agung Sarana Sejahtera", "Group": "Mustika", "Latitude": 1.74944, "Longitude": 100.93017, "UML ID": "PO1000007661", "Commodity": "CPO", "Supplier": "Pelita Agung Agrindustri - KID", "Status": "Direct Mill", "Trader": null }, "geometry": { "type": "Point", "coordinates": [ 100.93017, 1.74944 ] } },
{ "type": "Feature", "properties": { "PHG ID": "PG-166", "Supplier N": "Mustika Agung Sawit Gemilang", "Mill Name": "Mustika Agung Sawit Gemilang", "Group": "Mustika", "Latitude": -0.52528, "Longitude": 101.99339, "UML ID": "PO1000011182", "Commodity": "CPO", "Supplier": "Pelita Agung Agrindustri - KID", "Status": "Direct Mill", "Trader": null }, "geometry": { "type": "Point", "coordinates": [ 101.99339, -0.52528 ] } },
{ "type": "Feature", "properties": { "PHG ID": "PG-167", "Supplier N": "Mustika Agung Sawit Sejahtera", "Mill Name": "Mustika Agung Sawit Sejahtera", "Group": "Mustika", "Latitude": 1.224, "Longitude": 101.242, "UML ID": "PO1000004255", "Commodity": "CPO", "Supplier": "Pelita Agung Agrindustri - KID", "Status": "Direct Mill", "Trader": null }, "geometry": { "type": "Point", "coordinates": [ 101.242, 1.224 ] } },
{ "type": "Feature", "properties": { "PHG ID": "PG-178", "Supplier N": "Barumun Agro Sentosa", "Mill Name": "Aek Sigalagala", "Group": "Pasifik Agro Sentosa", "Latitude": 1.61947, "Longitude": 100.10383, "UML ID": "PO1000001315", "Commodity": "CPO", "Supplier": "Pelita Agung Agrindustri - KID", "Status": "Direct Mill", "Trader": null }, "geometry": { "type": "Point", "coordinates": [ 100.10383, 1.61947 ] } },
{ "type": "Feature", "properties": { "PHG ID": "PG-180", "Supplier N": "Peputra Masterindo", "Mill Name": "Peputra Masterindo", "Group": "Peputra Masterindo", "Latitude": 0.59, "Longitude": 100.99089, "UML ID": "PO1000004400", "Commodity": "CPO", "Supplier": "Pelita Agung Agrindustri - KID", "Status": "Direct Mill", "Trader": null }, "geometry": { "type": "Point", "coordinates": [ 100.99089, 0.59 ] } },
{ "type": "Feature", "properties": { "PHG ID": "PG-181", "Supplier N": "Peputra Supra Jaya", "Mill Name": "Peputra Supra Jaya", "Group": "Peputra Supra Jaya", "Latitude": 0.15911, "Longitude": 101.78133, "UML ID": "PO1000008421", "Commodity": "CPO", "Supplier": "Pelita Agung Agrindustri - KID", "Status": "Direct Mill", "Trader": null }, "geometry": { "type": "Point", "coordinates": [ 101.78133, 0.15911 ] } },
{ "type": "Feature", "properties": { "PHG ID": "PG-184", "Supplier N": "Nubika Jaya", "Mill Name": "Blok Songo", "Group": "Permata Group", "Latitude": 1.947629, "Longitude": 100.10167, "UML ID": "PO1000006257", "Commodity": "CPO", "Supplier": "Pelita Agung Agrindustri - KID", "Status": "Direct Mill", "Trader": null }, "geometry": { "type": "Point", "coordinates": [ 100.10167, 1.947629 ] } },
{ "type": "Feature", "properties": { "PHG ID": "PG-185", "Supplier N": "Pelita Agung Agrindustri", "Mill Name": "Duri", "Group": "Permata Group", "Latitude": 1.427931, "Longitude": 101.188599, "UML ID": "PO1000011184", "Commodity": "CPO", "Supplier": "Pelita Agung Agrindustri - KID", "Status": "Direct Mill", "Trader": null }, "geometry": { "type": "Point", "coordinates": [ 101.188599, 1.427931 ] } },
{ "type": "Feature", "properties": { "PHG ID": "PG-186", "Supplier N": "Permata Hijau Sawit", "Mill Name": "Mananti", "Group": "Permata Group", "Latitude": 1.06572, "Longitude": 100.07039, "UML ID": "PO1000004244", "Commodity": "CPO", "Supplier": "Pelita Agung Agrindustri - KID", "Status": "Direct Mill", "Trader": null }, "geometry": { "type": "Point", "coordinates": [ 100.07039, 1.06572 ] } },
{ "type": "Feature", "properties": { "PHG ID": "PG-187", "Supplier N": "Permata Hijau Indonesia", "Mill Name": "Hutalombang", "Group": "Permata Group", "Latitude": 1.13935, "Longitude": 99.76689, "UML ID": "PO1000006269", "Commodity": "CPO", "Supplier": "Pelita Agung Agrindustri - KID", "Status": "Direct Mill", "Trader": null }, "geometry": { "type": "Point", "coordinates": [ 99.76689, 1.13935 ] } },
{ "type": "Feature", "properties": { "PHG ID": "PG-188", "Supplier N": "Permata Hijau Indonesia", "Mill Name": "Balam", "Group": "Permata Group", "Latitude": 1.6955, "Longitude": 100.68383, "UML ID": "PO1000010028", "Commodity": "CPO", "Supplier": "Pelita Agung Agrindustri - KID", "Status": "Direct Mill", "Trader": null }, "geometry": { "type": "Point", "coordinates": [ 100.68383, 1.6955 ] } },
{ "type": "Feature", "properties": { "PHG ID": "PG-189", "Supplier N": "Permata Hijau Indonesia", "Mill Name": "Langgam", "Group": "Permata Group", "Latitude": 0.304, "Longitude": 101.905, "UML ID": "PO1000004164", "Commodity": "CPO", "Supplier": "Pelita Agung Agrindustri - KID", "Status": "Direct Mill", "Trader": null }, "geometry": { "type": "Point", "coordinates": [ 101.905, 0.304 ] } },
{ "type": "Feature", "properties": { "PHG ID": "PG-193", "Supplier N": "Karyabadi Samasejati", "Mill Name": "Karyabadi Samasejati", "Group": "Karyabadi Samasejati", "Latitude": 1.47592, "Longitude": 100.59894, "UML ID": "PO1000008287", "Commodity": "CPO", "Supplier": "Pelita Agung Agrindustri - KID", "Status": "Direct Mill", "Trader": null }, "geometry": { "type": "Point", "coordinates": [ 100.59894, 1.47592 ] } },
{ "type": "Feature", "properties": { "PHG ID": "PG-195", "Supplier N": "Riau Kampar Sahabat Sejati", "Mill Name": "Riau Kampar Sahabat Sejati", "Group": "Riau Kampar Sahabat Sejati", "Latitude": 0.659452, "Longitude": 100.897976, "UML ID": "PO1000006152", "Commodity": "CPO", "Supplier": "Pelita Agung Agrindustri - KID", "Status": "Direct Mill", "Trader": null }, "geometry": { "type": "Point", "coordinates": [ 100.897976, 0.659452 ] } },
{ "type": "Feature", "properties": { "PHG ID": "PG-204", "Supplier N": "Perkebunan Nusantara III", "Mill Name": "Aek Nabara", "Group": "PTPN III", "Latitude": 2.0565, "Longitude": 99.95717, "UML ID": "PO1000001564", "Commodity": "CPO", "Supplier": "Pelita Agung Agrindustri - KID", "Status": "Direct Mill", "Trader": null }, "geometry": { "type": "Point", "coordinates": [ 99.95717, 2.0565 ] } },
{ "type": "Feature", "properties": { "PHG ID": "PG-205", "Supplier N": "Perkebunan Nusantara III", "Mill Name": "Aek Raso", "Group": "PTPN III", "Latitude": 1.70347, "Longitude": 100.17333, "UML ID": "PO1000001566", "Commodity": "CPO", "Supplier": "Pelita Agung Agrindustri - KID", "Status": "Direct Mill", "Trader": null }, "geometry": { "type": "Point", "coordinates": [ 100.17333, 1.70347 ] } },
{ "type": "Feature", "properties": { "PHG ID": "PG-207", "Supplier N": "Perkebunan Nusantara III", "Mill Name": "Rambutan", "Group": "PTPN III", "Latitude": 3.35078, "Longitude": 99.16989, "UML ID": "PO1000004342", "Commodity": "CPO", "Supplier": "Pelita Agung Agrindustri - KID", "Status": "Direct Mill", "Trader": null }, "geometry": { "type": "Point", "coordinates": [ 99.16989, 3.35078 ] } },
{ "type": "Feature", "properties": { "PHG ID": "PG-209", "Supplier N": "Perkebunan Nusantara III", "Mill Name": "Sei Daun", "Group": "PTPN III", "Latitude": 1.67953, "Longitude": 100.32783, "UML ID": "PO1000004477", "Commodity": "CPO", "Supplier": "Pelita Agung Agrindustri - KID", "Status": "Direct Mill", "Trader": null }, "geometry": { "type": "Point", "coordinates": [ 100.32783, 1.67953 ] } },
{ "type": "Feature", "properties": { "PHG ID": "PG-210", "Supplier N": "Perkebunan Nusantara III", "Mill Name": "Sei Mangkei", "Group": "PTPN III", "Latitude": 3.12925, "Longitude": 99.34344, "UML ID": "PO1000000879", "Commodity": "CPO", "Supplier": "Pelita Agung Agrindustri - KID", "Status": "Direct Mill", "Trader": null }, "geometry": { "type": "Point", "coordinates": [ 99.34344, 3.12925 ] } },
{ "type": "Feature", "properties": { "PHG ID": "PG-211", "Supplier N": "Perkebunan Nusantara III", "Mill Name": "Sei Meranti", "Group": "PTPN III", "Latitude": 1.64222, "Longitude": 100.41594, "UML ID": "PO1000004927", "Commodity": "CPO", "Supplier": "Pelita Agung Agrindustri - KID", "Status": "Direct Mill", "Trader": null }, "geometry": { "type": "Point", "coordinates": [ 100.41594, 1.64222 ] } },
{ "type": "Feature", "properties": { "PHG ID": "PG-214", "Supplier N": "Perkebunan Nusantara III", "Mill Name": "Torgamba", "Group": "PTPN III", "Latitude": 1.71489, "Longitude": 100.29111, "UML ID": "PO1000004929", "Commodity": "CPO", "Supplier": "Pelita Agung Agrindustri - KID", "Status": "Direct Mill", "Trader": null }, "geometry": { "type": "Point", "coordinates": [ 100.29111, 1.71489 ] } },
{ "type": "Feature", "properties": { "PHG ID": "PG-246", "Supplier N": "Gandaerah Hendana", "Mill Name": "Gandaerah Hendana", "Group": "S&G Biofuel Pte Ltd", "Latitude": -0.156053, "Longitude": 102.206587, "UML ID": "PO1000004138", "Commodity": "CPO", "Supplier": "Pelita Agung Agrindustri - KID", "Status": "Direct Mill", "Trader": null }, "geometry": { "type": "Point", "coordinates": [ 102.206587, -0.156053 ] } },
{ "type": "Feature", "properties": { "PHG ID": "PG-247", "Supplier N": "Inecda", "Mill Name": "Inecda", "Group": "S&G Biofuel Pte Ltd", "Latitude": -0.49361, "Longitude": 102.36694, "UML ID": "PO1000004128", "Commodity": "CPO", "Supplier": "Pelita Agung Agrindustri - KID", "Status": "Direct Mill", "Trader": null }, "geometry": { "type": "Point", "coordinates": [ 102.36694, -0.49361 ] } },
{ "type": "Feature", "properties": { "PHG ID": "PG-260", "Supplier N": "Semunai Sawit Perkasa", "Mill Name": "Semunai Sawit Perkasa", "Group": "Semunai Sawit Perkasa", "Latitude": 1.16339, "Longitude": 101.27806, "UML ID": "PO1000008278", "Commodity": "CPO", "Supplier": "Pelita Agung Agrindustri - KID", "Status": "Direct Mill", "Trader": null }, "geometry": { "type": "Point", "coordinates": [ 101.27806, 1.16339 ] } },
{ "type": "Feature", "properties": { "PHG ID": "PG-264", "Supplier N": "Sianipar Integritas Agrindo", "Mill Name": "Sianipar Integritas Agrindo", "Group": "Sianipar Integritas Agrindo", "Latitude": 1.5385, "Longitude": 100.43408, "UML ID": "PO1000014624", "Commodity": "CPO", "Supplier": "Pelita Agung Agrindustri - KID", "Status": "Direct Mill", "Trader": null }, "geometry": { "type": "Point", "coordinates": [ 100.43408, 1.5385 ] } },
{ "type": "Feature", "properties": { "PHG ID": "PG-270", "Supplier N": "Sinar Utama Nabati", "Mill Name": "Sinar Utama Nabati", "Group": "Sinar Utama Nabati", "Latitude": -0.392, "Longitude": 101.41701, "UML ID": "PO1000010074", "Commodity": "CPO", "Supplier": "Pelita Agung Agrindustri - KID", "Status": "Direct Mill", "Trader": null }, "geometry": { "type": "Point", "coordinates": [ 101.41701, -0.392 ] } },
{ "type": "Feature", "properties": { "PHG ID": "PG-279", "Supplier N": "Karya Agung Sawita", "Mill Name": "Papaso", "Group": "Sumber Tani Agung", "Latitude": 0.895772, "Longitude": 100.111483, "UML ID": "PO1000010065", "Commodity": "CPO", "Supplier": "Pelita Agung Agrindustri - KID", "Status": "Direct Mill", "Trader": null }, "geometry": { "type": "Point", "coordinates": [ 100.111483, 0.895772 ] } },
{ "type": "Feature", "properties": { "PHG ID": "PG-282", "Supplier N": "Madina Agro Lestari", "Mill Name": "Madina Agro Lestari", "Group": "Sumber Tani Agung", "Latitude": 1.21778, "Longitude": 98.89603, "UML ID": "PO1000011179", "Commodity": "CPO", "Supplier": "Pelita Agung Agrindustri - KID", "Status": "Direct Mill", "Trader": null }, "geometry": { "type": "Point", "coordinates": [ 98.89603, 1.21778 ] } },
{ "type": "Feature", "properties": { "PHG ID": "PG-283", "Supplier N": "Sumber Tani Agung Resources Tbk", "Mill Name": "Portibi", "Group": "Sumber Tani Agung", "Latitude": 1.42831, "Longitude": 99.72117, "UML ID": "PO1000004462", "Commodity": "CPO", "Supplier": "Pelita Agung Agrindustri - KID", "Status": "Direct Mill", "Trader": null }, "geometry": { "type": "Point", "coordinates": [ 99.72117, 1.42831 ] } },
{ "type": "Feature", "properties": { "PHG ID": "PG-284", "Supplier N": "Sumber Tani Agung", "Mill Name": "Sumber Tani Agung", "Group": "Sumber Tani Agung", "Latitude": 1.754692, "Longitude": 99.98478, "UML ID": "PO1000004483", "Commodity": "CPO", "Supplier": "Pelita Agung Agrindustri - KID", "Status": "Direct Mill", "Trader": null }, "geometry": { "type": "Point", "coordinates": [ 99.98478, 1.754692 ] } },
{ "type": "Feature", "properties": { "PHG ID": "PG-289", "Supplier N": "Swastisiddhi Amagra", "Mill Name": "Bina Baru", "Group": "Swastisiddhi Amagra", "Latitude": 0.210528, "Longitude": 101.274965, "UML ID": "PO1000004360", "Commodity": "CPO", "Supplier": "Pelita Agung Agrindustri - KID", "Status": "Direct Mill", "Trader": null }, "geometry": { "type": "Point", "coordinates": [ 101.274965, 0.210528 ] } },
{ "type": "Feature", "properties": { "PHG ID": "PG-290", "Supplier N": "Swastisiddhi Amagra", "Mill Name": "Libo Jaya", "Group": "Swastisiddhi Amagra", "Latitude": 0.947, "Longitude": 101.097, "UML ID": "PO1000008269", "Commodity": "CPO", "Supplier": "Pelita Agung Agrindustri - KID", "Status": "Direct Mill", "Trader": null }, "geometry": { "type": "Point", "coordinates": [ 101.097, 0.947 ] } },
{ "type": "Feature", "properties": { "PHG ID": "PG-300", "Supplier N": "Tian Tujuhpuluh Utama", "Mill Name": "Tian Tujuhpuluh Utama", "Group": "Tian Tujuhpuluh Utama", "Latitude": 1.684, "Longitude": 100.53361, "UML ID": "PO1000011180", "Commodity": "CPO", "Supplier": "Pelita Agung Agrindustri - KID", "Status": "Direct Mill", "Trader": null }, "geometry": { "type": "Point", "coordinates": [ 100.53361, 1.684 ] } },
{ "type": "Feature", "properties": { "PHG ID": "PG-307", "Supplier N": "Yuni Bersaudara Sejahtera", "Mill Name": "Yuni Bersaudara Sejahtera", "Group": "Yuni Bersaudara Sejahtera", "Latitude": -0.026494, "Longitude": 101.189985, "UML ID": "PO1000012852", "Commodity": "CPO", "Supplier": "Pelita Agung Agrindustri - KID", "Status": "Direct Mill", "Trader": null }, "geometry": { "type": "Point", "coordinates": [ 101.189985, -0.026494 ] } },
{ "type": "Feature", "properties": { "PHG ID": "PG-330", "Supplier N": "Karya Panen Terus", "Mill Name": "Karya Panen Terus", "Group": "Karya Panen Terus", "Latitude": -0.01252, "Longitude": 102.36114, "UML ID": "PO1000014953", "Commodity": "CPO", "Supplier": "Pelita Agung Agrindustri - KID", "Status": "Direct Mill", "Trader": null }, "geometry": { "type": "Point", "coordinates": [ 102.36114, -0.01252 ] } },
{ "type": "Feature", "properties": { "PHG ID": "PG-331", "Supplier N": "Kencana Agro Sejahtera", "Mill Name": "Kencana Agro Sejahtera", "Group": "Genk Agro Mas", "Latitude": 1.37743, "Longitude": 100.32697, "UML ID": "PO1000015291", "Commodity": "CPO", "Supplier": "Pelita Agung Agrindustri - KID", "Status": "Direct Mill", "Trader": null }, "geometry": { "type": "Point", "coordinates": [ 100.32697, 1.37743 ] } },
{ "type": "Feature", "properties": { "PHG ID": "PG-336", "Supplier N": "Kampar Alam Mas Inti", "Mill Name": "Kampar Alam Mas Inti", "Group": "Kampar Alam Mas Inti", "Latitude": 0.56648, "Longitude": 101.17312, "UML ID": "PO1000015587", "Commodity": "CPO", "Supplier": "Pelita Agung Agrindustri - KID", "Status": "Direct Mill", "Trader": null }, "geometry": { "type": "Point", "coordinates": [ 101.17312, 0.56648 ] } },
{ "type": "Feature", "properties": { "PHG ID": "PG-350", "Supplier N": "Hutahaean", "Mill Name": "Teluk Sono", "Group": "Hutahaean", "Latitude": 1.06, "Longitude": 100.7572, "UML ID": "PO1000004241", "Commodity": "CPO", "Supplier": "Pelita Agung Agrindustri - KID", "Status": "Direct Mill", "Trader": null }, "geometry": { "type": "Point", "coordinates": [ 100.7572, 1.06 ] } },
{ "type": "Feature", "properties": { "PHG ID": "PG-359", "Supplier N": "Makmur Palma Lestari", "Mill Name": "Makmur Palma Lestari", "Group": "Makmur Palma Lestari", "Latitude": 0.675, "Longitude": 100.857, "UML ID": "PO1000016381", "Commodity": "CPO", "Supplier": "Pelita Agung Agrindustri - KID", "Status": "Direct Mill", "Trader": null }, "geometry": { "type": "Point", "coordinates": [ 100.857, 0.675 ] } },
{ "type": "Feature", "properties": { "PHG ID": "PG-361", "Supplier N": "Sahabat Sawit Rokan Sejahtera", "Mill Name": "Sahabat Sawit Rokan Sejahtera", "Group": "Sahabat Sawit Rokan Sejahtera", "Latitude": 1.36866, "Longitude": 100.51962, "UML ID": "PO1000016964", "Commodity": "CPO", "Supplier": "Pelita Agung Agrindustri - KID", "Status": "Direct Mill", "Trader": null }, "geometry": { "type": "Point", "coordinates": [ 100.51962, 1.36866 ] } },
{ "type": "Feature", "properties": { "PHG ID": "PG-363", "Supplier N": "Ujung Tanjung Sejahtera", "Mill Name": "Ujung Tanjung Sejahtera", "Group": "Ujung Tanjung Sejahtera", "Latitude": 1.624, "Longitude": 101.05, "UML ID": "PO1000018000", "Commodity": "CPO", "Supplier": "Pelita Agung Agrindustri - KID", "Status": "Direct Mill", "Trader": null }, "geometry": { "type": "Point", "coordinates": [ 101.05, 1.624 ] } },
{ "type": "Feature", "properties": { "PHG ID": "PG-365", "Supplier N": "Nagamas Agro Mulia", "Mill Name": "Talikumain", "Group": "Nagamas Group", "Latitude": 1.07799, "Longitude": 100.26128, "UML ID": "PO1000004435", "Commodity": "CPO", "Supplier": "Pelita Agung Agrindustri - KID", "Status": "Direct Mill", "Trader": null }, "geometry": { "type": "Point", "coordinates": [ 100.26128, 1.07799 ] } },
{ "type": "Feature", "properties": { "PHG ID": "PG-370", "Supplier N": "Sinergi Integritas Agroindustri", "Mill Name": "Sinergi Integritas Agroindustri", "Group": "Sianipar Integritas Agrindo", "Latitude": 1.6839, "Longitude": 100.4411, "UML ID": "PO1000020078", "Commodity": "CPO", "Supplier": "Pelita Agung Agrindustri - KID", "Status": "Direct Mill", "Trader": null }, "geometry": { "type": "Point", "coordinates": [ 100.4411, 1.6839 ] } },
{ "type": "Feature", "properties": { "PHG ID": "PG-372", "Supplier N": "Taro Rakaya Tasyra", "Mill Name": "Taro Rakaya Tasyra", "Group": "Taro Rakaya Tasyra", "Latitude": 0.42151, "Longitude": 101.6854, "UML ID": "PO1000018003", "Commodity": "CPO", "Supplier": "Pelita Agung Agrindustri - KID", "Status": "Direct Mill", "Trader": null }, "geometry": { "type": "Point", "coordinates": [ 101.6854, 0.42151 ] } },
{ "type": "Feature", "properties": { "PHG ID": "PG-349", "Supplier N": "Sawit Rupat Sejahtera", "Mill Name": "Sawit Rupat Sejahtera", "Group": "Sawit Rupat Sejahtera", "Latitude": 1.935, "Longitude": 101.733, "UML ID": "PO1000011912", "Commodity": "CPO", "Supplier": "Pelita Agung Agrindustri - KID", "Status": "Direct Mill", "Trader": null }, "geometry": { "type": "Point", "coordinates": [ 101.733, 1.935 ] } },
{ "type": "Feature", "properties": { "PHG ID": "PG-069", "Supplier N": "Era Sawita", "Mill Name": "Era Sawita", "Group": "Era Sawita", "Latitude": 1.08, "Longitude": 100.49167, "UML ID": "PO1000004245", "Commodity": "CPO", "Supplier": "Permata Hijau Sawit", "Status": "Direct Mill", "Trader": null }, "geometry": { "type": "Point", "coordinates": [ 100.49167, 1.08 ] } },
{ "type": "Feature", "properties": { "PHG ID": "PG-070", "Supplier N": "Karya Cipta Nirvana", "Mill Name": "Karya Cipta Nirvana", "Group": "Karya Cipta Nirvana", "Latitude": 0.666862, "Longitude": 100.508528, "UML ID": "PO1000010051", "Commodity": "CPO", "Supplier": "Permata Hijau Sawit", "Status": "Direct Mill", "Trader": null }, "geometry": { "type": "Point", "coordinates": [ 100.508528, 0.666862 ] } },
{ "type": "Feature", "properties": { "PHG ID": "PG-106", "Supplier N": "Arya Rama Prakarsa", "Mill Name": "Arya Rama Prakarsa", "Group": "Genk Agro Mas", "Latitude": 1.22097, "Longitude": 100.38383, "UML ID": "PO1000008279", "Commodity": "CPO", "Supplier": "Permata Hijau Sawit", "Status": "Direct Mill", "Trader": null }, "geometry": { "type": "Point", "coordinates": [ 100.38383, 1.22097 ] } },
{ "type": "Feature", "properties": { "PHG ID": "PG-111", "Supplier N": "Kencana Persada Nusantara", "Mill Name": "Kencana Persada Nusantara", "Group": "Genk Agro Mas", "Latitude": 1.175, "Longitude": 100.233, "UML ID": "PO1000004442", "Commodity": "CPO", "Supplier": "Permata Hijau Sawit", "Status": "Direct Mill", "Trader": null }, "geometry": { "type": "Point", "coordinates": [ 100.233, 1.175 ] } },
{ "type": "Feature", "properties": { "PHG ID": "PG-112", "Supplier N": "Kencana Utama Sejati", "Mill Name": "Kencana Utama Sejati", "Group": "Genk Agro Mas", "Latitude": 1.06897, "Longitude": 100.11719, "UML ID": "PO1000007569", "Commodity": "CPO", "Supplier": "Permata Hijau Sawit", "Status": "Direct Mill", "Trader": null }, "geometry": { "type": "Point", "coordinates": [ 100.11719, 1.06897 ] } },
{ "type": "Feature", "properties": { "PHG ID": "PG-163", "Supplier N": "Multiagro Sumaterajaya", "Mill Name": "Aliaga", "Group": "Multiagro Sumaterajaya", "Latitude": 1.07906, "Longitude": 100.05503, "UML ID": "PO1000008398", "Commodity": "CPO", "Supplier": "Permata Hijau Sawit", "Status": "Direct Mill", "Trader": null }, "geometry": { "type": "Point", "coordinates": [ 100.05503, 1.07906 ] } },
{ "type": "Feature", "properties": { "PHG ID": "PG-186", "Supplier N": "Permata Hijau Sawit", "Mill Name": "Mananti", "Group": "Permata Group", "Latitude": 1.06572, "Longitude": 100.07039, "UML ID": "PO1000004244", "Commodity": "CPO", "Supplier": "Permata Hijau Sawit", "Status": "Direct Mill", "Trader": null }, "geometry": { "type": "Point", "coordinates": [ 100.07039, 1.06572 ] } },
{ "type": "Feature", "properties": { "PHG ID": "PG-187", "Supplier N": "Permata Hijau Indonesia", "Mill Name": "Hutalombang", "Group": "Permata Group", "Latitude": 1.13935, "Longitude": 99.76689, "UML ID": "PO1000006269", "Commodity": "CPO", "Supplier": "Permata Hijau Sawit", "Status": "Direct Mill", "Trader": null }, "geometry": { "type": "Point", "coordinates": [ 99.76689, 1.13935 ] } },
{ "type": "Feature", "properties": { "PHG ID": "PG-331", "Supplier N": "Kencana Agro Sejahtera", "Mill Name": "Kencana Agro Sejahtera", "Group": "Genk Agro Mas", "Latitude": 1.37743, "Longitude": 100.32697, "UML ID": "PO1000015291", "Commodity": "CPO", "Supplier": "Permata Hijau Sawit", "Status": "Direct Mill", "Trader": null }, "geometry": { "type": "Point", "coordinates": [ 100.32697, 1.37743 ] } },
{ "type": "Feature", "properties": { "PHG ID": "PG-184", "Supplier N": "Nubika Jaya", "Mill Name": "Blok Songo", "Group": "Permata Group", "Latitude": 1.947629, "Longitude": 100.10167, "UML ID": "PO1000006257", "Commodity": "PK", "Supplier": "Nubika Jaya", "Status": "Direct Mill", "Trader": null }, "geometry": { "type": "Point", "coordinates": [ 100.10167, 1.947629 ] } },
{ "type": "Feature", "properties": { "PHG ID": "PG-019", "Supplier N": "Anugerah Agro Sawit Perkasa", "Mill Name": "Anugerah Agro Sawit Perkasa", "Group": "Anugerah Agro Sawit Perkasa", "Latitude": 1.84464, "Longitude": 100.44456, "UML ID": "PO1000008585", "Commodity": "PK", "Supplier": "Pelita Agung Agrindustri - Duri", "Status": "Direct Mill", "Trader": null }, "geometry": { "type": "Point", "coordinates": [ 100.44456, 1.84464 ] } },
{ "type": "Feature", "properties": { "PHG ID": "PG-069", "Supplier N": "Era Sawita", "Mill Name": "Era Sawita", "Group": "Era Sawita", "Latitude": 1.08, "Longitude": 100.49167, "UML ID": "PO1000004245", "Commodity": "PK", "Supplier": "Pelita Agung Agrindustri - Duri", "Status": "Direct Mill", "Trader": null }, "geometry": { "type": "Point", "coordinates": [ 100.49167, 1.08 ] } },
{ "type": "Feature", "properties": { "PHG ID": "PG-080", "Supplier N": "Giga Putra Nusantara", "Mill Name": "Giga Putra Nusantara", "Group": "Giga Putra Nusantara", "Latitude": 1.30817, "Longitude": 99.76825, "UML ID": "PO1000008570", "Commodity": "PK", "Supplier": "Pelita Agung Agrindustri - Duri", "Status": "Direct Mill", "Trader": null }, "geometry": { "type": "Point", "coordinates": [ 99.76825, 1.30817 ] } },
{ "type": "Feature", "properties": { "PHG ID": "PG-093", "Supplier N": "Hutahaean", "Mill Name": "Goragahana", "Group": "Hutahaean", "Latitude": 1.179571, "Longitude": 100.2695, "UML ID": "PO1000004443", "Commodity": "PK", "Supplier": "Pelita Agung Agrindustri - Duri", "Status": "Direct Mill", "Trader": null }, "geometry": { "type": "Point", "coordinates": [ 100.2695, 1.179571 ] } },
{ "type": "Feature", "properties": { "PHG ID": "PG-185", "Supplier N": "Pelita Agung Agrindustri", "Mill Name": "Duri", "Group": "Permata Group", "Latitude": 1.427931, "Longitude": 101.188599, "UML ID": "PO1000011184", "Commodity": "PK", "Supplier": "Pelita Agung Agrindustri - Duri", "Status": "Direct Mill", "Trader": null }, "geometry": { "type": "Point", "coordinates": [ 101.188599, 1.427931 ] } },
{ "type": "Feature", "properties": { "PHG ID": "PG-305", "Supplier N": "Pangkalan Baru Indah", "Mill Name": "Pangkalan Baru Indah", "Group": "Wasundari Indah", "Latitude": 0.425094, "Longitude": 101.589374, "UML ID": "PO1000004383", "Commodity": "PK", "Supplier": "Pelita Agung Agrindustri - Duri", "Status": "Direct Mill", "Trader": null }, "geometry": { "type": "Point", "coordinates": [ 101.589374, 0.425094 ] } },
{ "type": "Feature", "properties": { "PHG ID": "PG-336", "Supplier N": "Kampar Alam Mas Inti", "Mill Name": "Kampar Alam Mas Inti", "Group": "Kampar Alam Mas Inti", "Latitude": 0.56648, "Longitude": 101.17312, "UML ID": "PO1000015587", "Commodity": "PK", "Supplier": "Pelita Agung Agrindustri - Duri", "Status": "Direct Mill", "Trader": null }, "geometry": { "type": "Point", "coordinates": [ 101.17312, 0.56648 ] } },
{ "type": "Feature", "properties": { "PHG ID": "PG-338", "Supplier N": "Surya Sawit Mandiri", "Mill Name": "Surya Sawit Mandiri", "Group": "Surya Sawit Mandiri", "Latitude": 0.634, "Longitude": 100.601, "UML ID": "PO1000017404", "Commodity": "PK", "Supplier": "Pelita Agung Agrindustri - Duri", "Status": "Direct Mill", "Trader": null }, "geometry": { "type": "Point", "coordinates": [ 100.601, 0.634 ] } },
{ "type": "Feature", "properties": { "PHG ID": "PG-350", "Supplier N": "Hutahaean", "Mill Name": "Teluk Sono", "Group": "Hutahaean", "Latitude": 1.06, "Longitude": 100.7572, "UML ID": "PO1000004241", "Commodity": "PK", "Supplier": "Pelita Agung Agrindustri - Duri", "Status": "Direct Mill", "Trader": null }, "geometry": { "type": "Point", "coordinates": [ 100.7572, 1.06 ] } },
{ "type": "Feature", "properties": { "PHG ID": "PG-355", "Supplier N": "Doton Putra Kandis", "Mill Name": "Doton Putra Kandis", "Group": "Doton Putra Kandis", "Latitude": 1.011477, "Longitude": 101.274692, "UML ID": "-", "Commodity": "PK", "Supplier": "Pelita Agung Agrindustri - Duri", "Status": "Direct Mill", "Trader": null }, "geometry": { "type": "Point", "coordinates": [ 101.274692, 1.011477 ] } },
{ "type": "Feature", "properties": { "PHG ID": "PG-362", "Supplier N": "Rantau Agronusa Sejahtera", "Mill Name": "Rantau Agronusa Sejahtera", "Group": "Rantau Agronusa Sejahtera", "Latitude": 0.45256, "Longitude": 101.17911, "UML ID": "PO1000017988", "Commodity": "PK", "Supplier": "Pelita Agung Agrindustri - Duri", "Status": "Direct Mill", "Trader": null }, "geometry": { "type": "Point", "coordinates": [ 101.17911, 0.45256 ] } },
{ "type": "Feature", "properties": { "PHG ID": "PG-001", "Supplier N": "Abdi Budi Mulia", "Mill Name": "PMKS 1", "Group": "Abdi Budi Mulia", "Latitude": 2.05261, "Longitude": 100.25326, "UML ID": "PO1000004269", "Commodity": "PK", "Supplier": "Pelita Agung Agrindustri - KID", "Status": "Direct Mill", "Trader": null }, "geometry": { "type": "Point", "coordinates": [ 100.25326, 2.05261 ] } },
{ "type": "Feature", "properties": { "PHG ID": "PG-011", "Supplier N": "Air Kampar", "Mill Name": "Air Kampar", "Group": "Air Kampar", "Latitude": 0.422926, "Longitude": 101.184381, "UML ID": "PO1000014222", "Commodity": "PK", "Supplier": "Pelita Agung Agrindustri - KID", "Status": "Direct Mill", "Trader": null }, "geometry": { "type": "Point", "coordinates": [ 101.184381, 0.422926 ] } },
{ "type": "Feature", "properties": { "PHG ID": "PG-017", "Supplier N": "Austindo Nusantara Jaya Agri Siais", "Mill Name": "Austindo Nusantara Jaya Agri Siais", "Group": "ANJ Group", "Latitude": 1.1748, "Longitude": 99.15635, "UML ID": "PO1000001992", "Commodity": "PK", "Supplier": "Pelita Agung Agrindustri - KID", "Status": "Direct Mill", "Trader": null }, "geometry": { "type": "Point", "coordinates": [ 99.15635, 1.1748 ] } },
{ "type": "Feature", "properties": { "PHG ID": "PG-019", "Supplier N": "Anugerah Agro Sawit Perkasa", "Mill Name": "Anugerah Agro Sawit Perkasa", "Group": "Anugerah Agro Sawit Perkasa", "Latitude": 1.84464, "Longitude": 100.44456, "UML ID": "PO1000008585", "Commodity": "PK", "Supplier": "Pelita Agung Agrindustri - KID", "Status": "Direct Mill", "Trader": null }, "geometry": { "type": "Point", "coordinates": [ 100.44456, 1.84464 ] } },
{ "type": "Feature", "properties": { "PHG ID": "PG-054", "Supplier N": "Rohul Sawit Industri", "Mill Name": "Sukadamai", "Group": "Bumitama Agri Ltd", "Latitude": 0.680564, "Longitude": 100.526172, "UML ID": "PO1000004410", "Commodity": "PK", "Supplier": "Pelita Agung Agrindustri - KID", "Status": "Direct Mill", "Trader": null }, "geometry": { "type": "Point", "coordinates": [ 100.526172, 0.680564 ] } },
{ "type": "Feature", "properties": { "PHG ID": "PG-069", "Supplier N": "Era Sawita", "Mill Name": "Era Sawita", "Group": "Era Sawita", "Latitude": 1.08, "Longitude": 100.49167, "UML ID": "PO1000004245", "Commodity": "PK", "Supplier": "Pelita Agung Agrindustri - KID", "Status": "Direct Mill", "Trader": null }, "geometry": { "type": "Point", "coordinates": [ 100.49167, 1.08 ] } },
{ "type": "Feature", "properties": { "PHG ID": "PG-070", "Supplier N": "Karya Cipta Nirvana", "Mill Name": "Karya Cipta Nirvana", "Group": "Karya Cipta Nirvana", "Latitude": 0.666862, "Longitude": 100.508528, "UML ID": "PO1000010051", "Commodity": "PK", "Supplier": "Pelita Agung Agrindustri - KID", "Status": "Direct Mill", "Trader": null }, "geometry": { "type": "Point", "coordinates": [ 100.508528, 0.666862 ] } },
{ "type": "Feature", "properties": { "PHG ID": "PG-072", "Supplier N": "Flora Wahana Tirta", "Mill Name": "Flora Wahana Tirta", "Group": "Flora Wahana Tirta", "Latitude": 0.135596, "Longitude": 101.266403, "UML ID": "PO1000004154", "Commodity": "PK", "Supplier": "Pelita Agung Agrindustri - KID", "Status": "Direct Mill", "Trader": null }, "geometry": { "type": "Point", "coordinates": [ 101.266403, 0.135596 ] } },
{ "type": "Feature", "properties": { "PHG ID": "PG-080", "Supplier N": "Giga Putra Nusantara", "Mill Name": "Giga Putra Nusantara", "Group": "Giga Putra Nusantara", "Latitude": 1.30817, "Longitude": 99.76825, "UML ID": "PO1000008570", "Commodity": "PK", "Supplier": "Pelita Agung Agrindustri - KID", "Status": "Direct Mill", "Trader": null }, "geometry": { "type": "Point", "coordinates": [ 99.76825, 1.30817 ] } },
{ "type": "Feature", "properties": { "PHG ID": "PG-081", "Supplier N": "Giga Putra Perkasa", "Mill Name": "Giga Putra Perkasa", "Group": "Giga Putra Perkasa", "Latitude": 0.421, "Longitude": 100.814, "UML ID": "PO1000010039", "Commodity": "PK", "Supplier": "Pelita Agung Agrindustri - KID", "Status": "Direct Mill", "Trader": null }, "geometry": { "type": "Point", "coordinates": [ 100.814, 0.421 ] } },
{ "type": "Feature", "properties": { "PHG ID": "PG-084", "Supplier N": "Pujud Karya Sawit", "Mill Name": "Pujud Karya Sawit", "Group": "Graha", "Latitude": 1.37486, "Longitude": 100.52783, "UML ID": "PO1000004456", "Commodity": "PK", "Supplier": "Pelita Agung Agrindustri - KID", "Status": "Direct Mill", "Trader": null }, "geometry": { "type": "Point", "coordinates": [ 100.52783, 1.37486 ] } },
{ "type": "Feature", "properties": { "PHG ID": "PG-093", "Supplier N": "Hutahaean", "Mill Name": "Goragahana", "Group": "Hutahaean", "Latitude": 1.179571, "Longitude": 100.2695, "UML ID": "PO1000004443", "Commodity": "PK", "Supplier": "Pelita Agung Agrindustri - KID", "Status": "Direct Mill", "Trader": null }, "geometry": { "type": "Point", "coordinates": [ 100.2695, 1.179571 ] } },
{ "type": "Feature", "properties": { "PHG ID": "PG-107", "Supplier N": "Kencana Agro Persada", "Mill Name": "Kencana Agro Persada", "Group": "Genk Agro Mas", "Latitude": 0.60525, "Longitude": 101.24161, "UML ID": "PO1000011194", "Commodity": "PK", "Supplier": "Pelita Agung Agrindustri - KID", "Status": "Direct Mill", "Trader": null }, "geometry": { "type": "Point", "coordinates": [ 101.24161, 0.60525 ] } },
{ "type": "Feature", "properties": { "PHG ID": "PG-123", "Supplier N": "Langgak Inti Lestari", "Mill Name": "Langgak Inti Lestari", "Group": "Langgak Inti Lestari", "Latitude": 0.63608, "Longitude": 100.59139, "UML ID": "PO1000007567", "Commodity": "PK", "Supplier": "Pelita Agung Agrindustri - KID", "Status": "Direct Mill", "Trader": null }, "geometry": { "type": "Point", "coordinates": [ 100.59139, 0.63608 ] } },
{ "type": "Feature", "properties": { "PHG ID": "PG-137", "Supplier N": "Mazuma Agro Indonesia", "Mill Name": "Mazuma Agro Indonesia", "Group": "Mazuma", "Latitude": 1.12867, "Longitude": 100.1545, "UML ID": "PO1000004438", "Commodity": "PK", "Supplier": "Pelita Agung Agrindustri - KID", "Status": "Direct Mill", "Trader": null }, "geometry": { "type": "Point", "coordinates": [ 100.1545, 1.12867 ] } },
{ "type": "Feature", "properties": { "PHG ID": "PG-153", "Supplier N": "Mitrasari Prima", "Mill Name": "Mitrasari Prima", "Group": "Mitrasari Prima", "Latitude": 0.137499, "Longitude": 101.704197, "UML ID": "PO1000007464", "Commodity": "PK", "Supplier": "Pelita Agung Agrindustri - KID", "Status": "Direct Mill", "Trader": null }, "geometry": { "type": "Point", "coordinates": [ 101.704197, 0.137499 ] } },
{ "type": "Feature", "properties": { "PHG ID": "PG-165", "Supplier N": "Mustika Agung Sarana Sejahtera", "Mill Name": "Mustika Agung Sarana Sejahtera", "Group": "Mustika", "Latitude": 1.74944, "Longitude": 100.93017, "UML ID": "PO1000007661", "Commodity": "PK", "Supplier": "Pelita Agung Agrindustri - KID", "Status": "Direct Mill", "Trader": null }, "geometry": { "type": "Point", "coordinates": [ 100.93017, 1.74944 ] } },
{ "type": "Feature", "properties": { "PHG ID": "PG-166", "Supplier N": "Mustika Agung Sawit Gemilang", "Mill Name": "Mustika Agung Sawit Gemilang", "Group": "Mustika", "Latitude": -0.52528, "Longitude": 101.99339, "UML ID": "PO1000011182", "Commodity": "PK", "Supplier": "Pelita Agung Agrindustri - KID", "Status": "Direct Mill", "Trader": null }, "geometry": { "type": "Point", "coordinates": [ 101.99339, -0.52528 ] } },
{ "type": "Feature", "properties": { "PHG ID": "PG-167", "Supplier N": "Mustika Agung Sawit Sejahtera", "Mill Name": "Mustika Agung Sawit Sejahtera", "Group": "Mustika", "Latitude": 1.224, "Longitude": 101.242, "UML ID": "PO1000004255", "Commodity": "PK", "Supplier": "Pelita Agung Agrindustri - KID", "Status": "Direct Mill", "Trader": null }, "geometry": { "type": "Point", "coordinates": [ 101.242, 1.224 ] } },
{ "type": "Feature", "properties": { "PHG ID": "PG-188", "Supplier N": "Permata Hijau Indonesia", "Mill Name": "Balam", "Group": "Permata Group", "Latitude": 1.6955, "Longitude": 100.68383, "UML ID": "PO1000010028", "Commodity": "PK", "Supplier": "Pelita Agung Agrindustri - KID", "Status": "Direct Mill", "Trader": null }, "geometry": { "type": "Point", "coordinates": [ 100.68383, 1.6955 ] } },
{ "type": "Feature", "properties": { "PHG ID": "PG-189", "Supplier N": "Permata Hijau Indonesia", "Mill Name": "Langgam", "Group": "Permata Group", "Latitude": 0.304, "Longitude": 101.905, "UML ID": "PO1000004164", "Commodity": "PK", "Supplier": "Pelita Agung Agrindustri - KID", "Status": "Direct Mill", "Trader": null }, "geometry": { "type": "Point", "coordinates": [ 101.905, 0.304 ] } },
{ "type": "Feature", "properties": { "PHG ID": "PG-195", "Supplier N": "Riau Kampar Sahabat Sejati", "Mill Name": "Riau Kampar Sahabat Sejati", "Group": "Riau Kampar Sahabat Sejati", "Latitude": 0.659452, "Longitude": 100.897976, "UML ID": "PO1000006152", "Commodity": "PK", "Supplier": "Pelita Agung Agrindustri - KID", "Status": "Direct Mill", "Trader": null }, "geometry": { "type": "Point", "coordinates": [ 100.897976, 0.659452 ] } },
{ "type": "Feature", "properties": { "PHG ID": "PG-246", "Supplier N": "Gandaerah Hendana", "Mill Name": "Gandaerah Hendana", "Group": "S&G Biofuel Pte Ltd", "Latitude": -0.156053, "Longitude": 102.206587, "UML ID": "PO1000004138", "Commodity": "PK", "Supplier": "Pelita Agung Agrindustri - KID", "Status": "Direct Mill", "Trader": null }, "geometry": { "type": "Point", "coordinates": [ 102.206587, -0.156053 ] } },
{ "type": "Feature", "properties": { "PHG ID": "PG-247", "Supplier N": "Inecda", "Mill Name": "Inecda", "Group": "S&G Biofuel Pte Ltd", "Latitude": -0.49361, "Longitude": 102.36694, "UML ID": "PO1000004128", "Commodity": "PK", "Supplier": "Pelita Agung Agrindustri - KID", "Status": "Direct Mill", "Trader": null }, "geometry": { "type": "Point", "coordinates": [ 102.36694, -0.49361 ] } },
{ "type": "Feature", "properties": { "PHG ID": "PG-264", "Supplier N": "Sianipar Integritas Agrindo", "Mill Name": "Sianipar Integritas Agrindo", "Group": "Sianipar Integritas Agrindo", "Latitude": 1.5385, "Longitude": 100.43408, "UML ID": "PO1000014624", "Commodity": "PK", "Supplier": "Pelita Agung Agrindustri - KID", "Status": "Direct Mill", "Trader": null }, "geometry": { "type": "Point", "coordinates": [ 100.43408, 1.5385 ] } },
{ "type": "Feature", "properties": { "PHG ID": "PG-270", "Supplier N": "Sinar Utama Nabati", "Mill Name": "Sinar Utama Nabati", "Group": "Sinar Utama Nabati", "Latitude": -0.392, "Longitude": 101.41701, "UML ID": "PO1000010074", "Commodity": "PK", "Supplier": "Pelita Agung Agrindustri - KID", "Status": "Direct Mill", "Trader": null }, "geometry": { "type": "Point", "coordinates": [ 101.41701, -0.392 ] } },
{ "type": "Feature", "properties": { "PHG ID": "PG-300", "Supplier N": "Tian Tujuhpuluh Utama", "Mill Name": "Tian Tujuhpuluh Utama", "Group": "Tian Tujuhpuluh Utama", "Latitude": 1.684, "Longitude": 100.53361, "UML ID": "PO1000011180", "Commodity": "PK", "Supplier": "Pelita Agung Agrindustri - KID", "Status": "Direct Mill", "Trader": null }, "geometry": { "type": "Point", "coordinates": [ 100.53361, 1.684 ] } },
{ "type": "Feature", "properties": { "PHG ID": "PG-305", "Supplier N": "Pangkalan Baru Indah", "Mill Name": "Pangkalan Baru Indah", "Group": "Wasundari Indah", "Latitude": 0.425094, "Longitude": 101.589374, "UML ID": "PO1000004383", "Commodity": "PK", "Supplier": "Pelita Agung Agrindustri - KID", "Status": "Direct Mill", "Trader": null }, "geometry": { "type": "Point", "coordinates": [ 101.589374, 0.425094 ] } },
{ "type": "Feature", "properties": { "PHG ID": "PG-307", "Supplier N": "Yuni Bersaudara Sejahtera", "Mill Name": "Yuni Bersaudara Sejahtera", "Group": "Yuni Bersaudara Sejahtera", "Latitude": -0.026494, "Longitude": 101.189985, "UML ID": "PO1000012852", "Commodity": "PK", "Supplier": "Pelita Agung Agrindustri - KID", "Status": "Direct Mill", "Trader": null }, "geometry": { "type": "Point", "coordinates": [ 101.189985, -0.026494 ] } },
{ "type": "Feature", "properties": { "PHG ID": "PG-330", "Supplier N": "Karya Panen Terus", "Mill Name": "Karya Panen Terus", "Group": "Karya Panen Terus", "Latitude": -0.01252, "Longitude": 102.36114, "UML ID": "PO1000014953", "Commodity": "PK", "Supplier": "Pelita Agung Agrindustri - KID", "Status": "Direct Mill", "Trader": null }, "geometry": { "type": "Point", "coordinates": [ 102.36114, -0.01252 ] } },
{ "type": "Feature", "properties": { "PHG ID": "PG-337", "Supplier N": "Persada Nusa Nabati Indonesia", "Mill Name": "Persada Nusa Nabati Indonesia", "Group": "Persada Nusa Nabati Indonesia", "Latitude": 0.649, "Longitude": 101.485, "UML ID": "PO1000006153", "Commodity": "PK", "Supplier": "Pelita Agung Agrindustri - KID", "Status": "Direct Mill", "Trader": null }, "geometry": { "type": "Point", "coordinates": [ 101.485, 0.649 ] } },
{ "type": "Feature", "properties": { "PHG ID": "PG-338", "Supplier N": "Surya Sawit Mandiri", "Mill Name": "Surya Sawit Mandiri", "Group": "Surya Sawit Mandiri", "Latitude": 0.634, "Longitude": 100.601, "UML ID": "PO1000017404", "Commodity": "PK", "Supplier": "Pelita Agung Agrindustri - KID", "Status": "Direct Mill", "Trader": null }, "geometry": { "type": "Point", "coordinates": [ 100.601, 0.634 ] } },
{ "type": "Feature", "properties": { "PHG ID": "PG-355", "Supplier N": "Doton Putra Kandis", "Mill Name": "Doton Putra Kandis", "Group": "Doton Putra Kandis", "Latitude": 1.011477, "Longitude": 101.274692, "UML ID": "-", "Commodity": "PK", "Supplier": "Pelita Agung Agrindustri - KID", "Status": "Direct Mill", "Trader": null }, "geometry": { "type": "Point", "coordinates": [ 101.274692, 1.011477 ] } },
{ "type": "Feature", "properties": { "PHG ID": "PG-361", "Supplier N": "Sahabat Sawit Rokan Sejahtera", "Mill Name": "Sahabat Sawit Rokan Sejahtera", "Group": "Sahabat Sawit Rokan Sejahtera", "Latitude": 1.36866, "Longitude": 100.51962, "UML ID": "PO1000016964", "Commodity": "PK", "Supplier": "Pelita Agung Agrindustri - KID", "Status": "Direct Mill", "Trader": null }, "geometry": { "type": "Point", "coordinates": [ 100.51962, 1.36866 ] } },
{ "type": "Feature", "properties": { "PHG ID": "PG-363", "Supplier N": "Ujung Tanjung Sejahtera", "Mill Name": "Ujung Tanjung Sejahtera", "Group": "Ujung Tanjung Sejahtera", "Latitude": 1.624, "Longitude": 101.05, "UML ID": "PO1000018000", "Commodity": "PK", "Supplier": "Pelita Agung Agrindustri - KID", "Status": "Direct Mill", "Trader": null }, "geometry": { "type": "Point", "coordinates": [ 101.05, 1.624 ] } },
{ "type": "Feature", "properties": { "PHG ID": "PG-370", "Supplier N": "Sinergi Integritas Agroindustri", "Mill Name": "Sinergi Integritas Agroindustri", "Group": "Sianipar Integritas Agrindo", "Latitude": 1.6839, "Longitude": 100.4411, "UML ID": "PO1000020078", "Commodity": "PK", "Supplier": "Pelita Agung Agrindustri - KID", "Status": "Direct Mill", "Trader": null }, "geometry": { "type": "Point", "coordinates": [ 100.4411, 1.6839 ] } },
{ "type": "Feature", "properties": { "PHG ID": "PG-372", "Supplier N": "Taro Rakaya Tasyra", "Mill Name": "Taro Rakaya Tasyra", "Group": "Taro Rakaya Tasyra", "Latitude": 0.42151, "Longitude": 101.6854, "UML ID": "PO1000018003", "Commodity": "PK", "Supplier": "Pelita Agung Agrindustri - KID", "Status": "Direct Mill", "Trader": null }, "geometry": { "type": "Point", "coordinates": [ 101.6854, 0.42151 ] } },
{ "type": "Feature", "properties": { "PHG ID": "PG-349", "Supplier N": "Sawit Rupat Sejahtera", "Mill Name": "Sawit Rupat Sejahtera", "Group": "Sawit Rupat Sejahtera", "Latitude": 1.935, "Longitude": 101.733, "UML ID": "PO1000011912", "Commodity": "PK", "Supplier": "Pelita Agung Agrindustri - KID", "Status": "Direct Mill", "Trader": null }, "geometry": { "type": "Point", "coordinates": [ 101.733, 1.935 ] } },
{ "type": "Feature", "properties": { "PHG ID": "PG-106", "Supplier N": "Arya Rama Prakarsa", "Mill Name": "Arya Rama Prakarsa", "Group": "Genk Agro Mas", "Latitude": 1.22097, "Longitude": 100.38383, "UML ID": "PO1000008279", "Commodity": "PK", "Supplier": "Permata Hijau Indonesia - Hutalombang", "Status": "Direct Mill", "Trader": null }, "geometry": { "type": "Point", "coordinates": [ 100.38383, 1.22097 ] } },
{ "type": "Feature", "properties": { "PHG ID": "PG-111", "Supplier N": "Kencana Persada Nusantara", "Mill Name": "Kencana Persada Nusantara", "Group": "Genk Agro Mas", "Latitude": 1.175, "Longitude": 100.233, "UML ID": "PO1000004442", "Commodity": "PK", "Supplier": "Permata Hijau Indonesia - Hutalombang", "Status": "Direct Mill", "Trader": null }, "geometry": { "type": "Point", "coordinates": [ 100.233, 1.175 ] } },
{ "type": "Feature", "properties": { "PHG ID": "PG-112", "Supplier N": "Kencana Utama Sejati", "Mill Name": "Kencana Utama Sejati", "Group": "Genk Agro Mas", "Latitude": 1.06897, "Longitude": 100.11719, "UML ID": "PO1000007569", "Commodity": "PK", "Supplier": "Permata Hijau Indonesia - Hutalombang", "Status": "Direct Mill", "Trader": null }, "geometry": { "type": "Point", "coordinates": [ 100.11719, 1.06897 ] } },
{ "type": "Feature", "properties": { "PHG ID": "PG-186", "Supplier N": "Permata Hijau Sawit", "Mill Name": "Mananti", "Group": "Permata Group", "Latitude": 1.06572, "Longitude": 100.07039, "UML ID": "PO1000004244", "Commodity": "PK", "Supplier": "Permata Hijau Indonesia - Hutalombang", "Status": "Direct Mill", "Trader": null }, "geometry": { "type": "Point", "coordinates": [ 100.07039, 1.06572 ] } },
{ "type": "Feature", "properties": { "PHG ID": "PG-187", "Supplier N": "Permata Hijau Indonesia", "Mill Name": "Hutalombang", "Group": "Permata Group", "Latitude": 1.13935, "Longitude": 99.76689, "UML ID": "PO1000006269", "Commodity": "PK", "Supplier": "Permata Hijau Indonesia - Hutalombang", "Status": "Direct Mill", "Trader": null }, "geometry": { "type": "Point", "coordinates": [ 99.76689, 1.13935 ] } },
{ "type": "Feature", "properties": { "PHG ID": "PG-331", "Supplier N": "Kencana Agro Sejahtera", "Mill Name": "Kencana Agro Sejahtera", "Group": "Genk Agro Mas", "Latitude": 1.37743, "Longitude": 100.32697, "UML ID": "PO1000015291", "Commodity": "PK", "Supplier": "Permata Hijau Indonesia - Hutalombang", "Status": "Direct Mill", "Trader": null }, "geometry": { "type": "Point", "coordinates": [ 100.32697, 1.37743 ] } },
{ "type": "Feature", "properties": { "PHG ID": "PG-028", "Supplier N": "Sari Aditya Loka", "Mill Name": "Sari Aditya Loka 2", "Group": "Astra Agro Lestari Tbk", "Latitude": -1.651, "Longitude": 102.308, "UML ID": "PO1000008403", "Commodity": "CPO", "Supplier": "Pelita Agung Agrindustri - Dumai", "Status": "Direct Mill", "Trader": null }, "geometry": { "type": "Point", "coordinates": [ 102.308, -1.651 ] } },
{ "type": "Feature", "properties": { "PHG ID": "PG-027", "Supplier N": "Sari Aditya Loka", "Mill Name": "Sari Aditya Loka 1", "Group": "Astra Agro Lestari Tbk", "Latitude": -1.95914, "Longitude": 102.37047, "UML ID": "PO1000004505", "Commodity": "CPO", "Supplier": "Pelita Agung Agrindustri - Dumai", "Status": "Direct Mill", "Trader": null }, "geometry": { "type": "Point", "coordinates": [ 102.37047, -1.95914 ] } },
{ "type": "Feature", "properties": { "PHG ID": "PG-378", "Supplier N": "Tumpuan", "Mill Name": "Tumpuan", "Group": "Bukit Barisan Indah Prima", "Latitude": 1.28978686, "Longitude": 101.0550173, "UML ID": "-", "Commodity": "CPO", "Supplier": "Pelita Agung Agrindustri - Dumai", "Status": "Direct Mill", "Trader": null }, "geometry": { "type": "Point", "coordinates": [ 101.0550173, 1.28978686 ] } },
{ "type": "Feature", "properties": { "PHG ID": "PG-019", "Supplier N": "Anugerah Agro Sawit Perkasa", "Mill Name": "Anugerah Agro Sawit Perkasa", "Group": "Anugerah Agro Sawit Perkasa", "Latitude": 1.84464, "Longitude": 100.44456, "UML ID": "PO1000008585", "Commodity": "CPO", "Supplier": "Pelita Agung Agrindustri - Dumai", "Status": "Indirect Mill", "Trader": "Permata Hijau Indonesia" }, "geometry": { "type": "Point", "coordinates": [ 100.44456, 1.84464 ] } },
{ "type": "Feature", "properties": { "PHG ID": "PG-162", "Supplier N": "Multi Palma Sejahtera", "Mill Name": "Multi Palma Sejahtera", "Group": "Multi Palma Sejahtera", "Latitude": 0.414751, "Longitude": 101.667147, "UML ID": "PO1000004172", "Commodity": "CPO", "Supplier": "Pelita Agung Agrindustri - Dumai", "Status": "Indirect Mill", "Trader": "Permata Hijau Indonesia" }, "geometry": { "type": "Point", "coordinates": [ 101.667147, 0.414751 ] } },
{ "type": "Feature", "properties": { "PHG ID": "PG-004", "Supplier N": "Adimulia Palmo Lestari", "Mill Name": "Adimulia Palmo Lestari", "Group": "Adimulia", "Latitude": -1.70526, "Longitude": 102.7823, "UML ID": "PO1000010257", "Commodity": "CPO", "Supplier": "Pelita Agung Agrindustri - Dumai", "Status": "Indirect Mill", "Trader": "Talang Duku" }, "geometry": { "type": "Point", "coordinates": [ 102.7823, -1.70526 ] } },
{ "type": "Feature", "properties": { "PHG ID": "PG-354", "Supplier N": "Agrindo Panca Tunggal Perkasa", "Mill Name": "Agrindo Panca Tunggal Perkasa", "Group": "Agrindo Panca Tunggal Perkasa", "Latitude": -2.36757, "Longitude": 102.79132, "UML ID": "PO1000016966", "Commodity": "CPO", "Supplier": "Pelita Agung Agrindustri - Dumai", "Status": "Indirect Mill", "Trader": "Talang Duku" }, "geometry": { "type": "Point", "coordinates": [ 102.79132, -2.36757 ] } },
{ "type": "Feature", "properties": { "PHG ID": "PG-344", "Supplier N": "Agrojaya Perdana", "Mill Name": "Agrojaya Perdana", "Group": "Growth Steel Group", "Latitude": -1.27021, "Longitude": 103.8144, "UML ID": "PO1000007469", "Commodity": "CPO", "Supplier": "Pelita Agung Agrindustri - Dumai", "Status": "Indirect Mill", "Trader": "Talang Duku" }, "geometry": { "type": "Point", "coordinates": [ 103.8144, -1.27021 ] } },
{ "type": "Feature", "properties": { "PHG ID": "PG-345", "Supplier N": "Anekapura Multikerta", "Mill Name": "Anekapura Multikerta", "Group": "Anekapura Multikerta", "Latitude": -1.079265, "Longitude": 103.008358, "UML ID": "PO1000004842", "Commodity": "CPO", "Supplier": "Pelita Agung Agrindustri - Dumai", "Status": "Indirect Mill", "Trader": "Talang Duku" }, "geometry": { "type": "Point", "coordinates": [ 103.008358, -1.079265 ] } },
{ "type": "Feature", "properties": { "PHG ID": "PG-309", "Supplier N": "Bahari Gembira Ria", "Mill Name": "Ladang Panjang", "Group": "Minamas", "Latitude": -1.79167, "Longitude": 103.79139, "UML ID": "PO1000000315", "Commodity": "CPO", "Supplier": "Pelita Agung Agrindustri - Dumai", "Status": "Indirect Mill", "Trader": "Talang Duku" }, "geometry": { "type": "Point", "coordinates": [ 103.79139, -1.79167 ] } },
{ "type": "Feature", "properties": { "PHG ID": "PG-308", "Supplier N": "Batanghari Sawit Sejahtera", "Mill Name": "Batanghari Sawit Sejahtera", "Group": "Bukit Barisan Indah Prima", "Latitude": -1.347646, "Longitude": 103.542529, "UML ID": "PO1000004455", "Commodity": "CPO", "Supplier": "Pelita Agung Agrindustri - Dumai", "Status": "Indirect Mill", "Trader": "Talang Duku" }, "geometry": { "type": "Point", "coordinates": [ 103.542529, -1.347646 ] } },
{ "type": "Feature", "properties": { "PHG ID": "PG-056", "Supplier N": "Bungo Suko Menanti", "Mill Name": "Bungo Suko Menanti", "Group": "Bungo Suko Menanti", "Latitude": -1.30817, "Longitude": 101.76408, "UML ID": "PO1000009558", "Commodity": "CPO", "Supplier": "Pelita Agung Agrindustri - Dumai", "Status": "Indirect Mill", "Trader": "Talang Duku" }, "geometry": { "type": "Point", "coordinates": [ 101.76408, -1.30817 ] } },
{ "type": "Feature", "properties": { "PHG ID": "PG-364", "Supplier N": "Kaspari Agro Sentosa", "Mill Name": "Kaspari Agro Sentosa", "Group": "Kaspari Agro Sentosa", "Latitude": -1.78292, "Longitude": 103.488414, "UML ID": "PO1000017064", "Commodity": "CPO", "Supplier": "Pelita Agung Agrindustri - Dumai", "Status": "Indirect Mill", "Trader": "Talang Duku" }, "geometry": { "type": "Point", "coordinates": [ 103.488414, -1.78292 ] } },
{ "type": "Feature", "properties": { "PHG ID": "PG-105", "Supplier N": "Kedaton Mulia Primas", "Mill Name": "Kedaton Mulia Primas", "Group": "Palma Group (Not Official Yet)", "Latitude": -1.90717, "Longitude": 103.01361, "UML ID": "PO1000008345", "Commodity": "CPO", "Supplier": "Pelita Agung Agrindustri - Dumai", "Status": "Indirect Mill", "Trader": "Talang Duku" }, "geometry": { "type": "Point", "coordinates": [ 103.01361, -1.90717 ] } },
{ "type": "Feature", "properties": { "PHG ID": "PG-121", "Supplier N": "Kurnia Batang Hari Berjaya", "Mill Name": "Kurnia Batang Hari Berjaya", "Group": "Kurnia Batang Hari Berjaya", "Latitude": -1.78872, "Longitude": 103.07972, "UML ID": "PO1000009559", "Commodity": "CPO", "Supplier": "Pelita Agung Agrindustri - Dumai", "Status": "Indirect Mill", "Trader": "Talang Duku" }, "geometry": { "type": "Point", "coordinates": [ 103.07972, -1.78872 ] } },
{ "type": "Feature", "properties": { "PHG ID": "PG-122", "Supplier N": "Kurnia Palma Agung Lestari", "Mill Name": "Kurnia Palma Agung Lestari", "Group": "Kurnia Palma Agung Lestari", "Latitude": -1.791, "Longitude": 102.25808, "UML ID": "PO1000013888", "Commodity": "CPO", "Supplier": "Pelita Agung Agrindustri - Dumai", "Status": "Indirect Mill", "Trader": "Talang Duku" }, "geometry": { "type": "Point", "coordinates": [ 102.25808, -1.791 ] } },
{ "type": "Feature", "properties": { "PHG ID": "PG-140", "Supplier N": "Merlung Inti Lestari", "Mill Name": "Merlung Inti Lestari", "Group": "Merlung Inti Lestari", "Latitude": -1.32864, "Longitude": 103.27372, "UML ID": "PO1000011556", "Commodity": "CPO", "Supplier": "Pelita Agung Agrindustri - Dumai", "Status": "Indirect Mill", "Trader": "Talang Duku" }, "geometry": { "type": "Point", "coordinates": [ 103.27372, -1.32864 ] } },
{ "type": "Feature", "properties": { "PHG ID": "PG-149", "Supplier N": "Mitra Agrolika Sejahtera", "Mill Name": "Mitra Agrolika Sejahtera", "Group": "Mitra Agrolika Sejahtera", "Latitude": -1.96278, "Longitude": 103.61547, "UML ID": "PO1000004323", "Commodity": "CPO", "Supplier": "Pelita Agung Agrindustri - Dumai", "Status": "Indirect Mill", "Trader": "Talang Duku" }, "geometry": { "type": "Point", "coordinates": [ 103.61547, -1.96278 ] } },
{ "type": "Feature", "properties": { "PHG ID": "PG-156", "Supplier N": "Muara Jambi Sawit Lestari", "Mill Name": "Muara Jambi Sawit Lestari", "Group": "Muara Jambi Sawit Lestari", "Latitude": -1.256, "Longitude": 103.70772, "UML ID": "PO1000008221", "Commodity": "CPO", "Supplier": "Pelita Agung Agrindustri - Dumai", "Status": "Indirect Mill", "Trader": "Talang Duku" }, "geometry": { "type": "Point", "coordinates": [ 103.70772, -1.256 ] } },
{ "type": "Feature", "properties": { "PHG ID": "PG-170", "Supplier N": "Palma Abadi", "Mill Name": "Palma Abadi", "Group": "Palma Group (Not Official Yet)", "Latitude": -1.321313, "Longitude": 103.266629, "UML ID": "PO1000004452", "Commodity": "CPO", "Supplier": "Pelita Agung Agrindustri - Dumai", "Status": "Indirect Mill", "Trader": "Talang Duku" }, "geometry": { "type": "Point", "coordinates": [ 103.266629, -1.321313 ] } },
{ "type": "Feature", "properties": { "PHG ID": "PG-171", "Supplier N": "Palma Gemilang Kencana", "Mill Name": "Palma Gemilang Kencana", "Group": "Palma Gemilang Kencana", "Latitude": -1.299, "Longitude": 103.487, "UML ID": "PO1000010016", "Commodity": "CPO", "Supplier": "Pelita Agung Agrindustri - Dumai", "Status": "Indirect Mill", "Trader": "Talang Duku" }, "geometry": { "type": "Point", "coordinates": [ 103.487, -1.299 ] } },
{ "type": "Feature", "properties": { "PHG ID": "PG-172", "Supplier N": "Palma Jaya Sejahtera", "Mill Name": "Palma Jaya Sejahtera", "Group": "Palma Group (Not Official Yet)", "Latitude": -1.87458, "Longitude": 103.56028, "UML ID": "PO1000004498", "Commodity": "CPO", "Supplier": "Pelita Agung Agrindustri - Dumai", "Status": "Indirect Mill", "Trader": "Talang Duku" }, "geometry": { "type": "Point", "coordinates": [ 103.56028, -1.87458 ] } },
{ "type": "Feature", "properties": { "PHG ID": "PG-190", "Supplier N": "Persada Alam Jaya", "Mill Name": "Persada Alam Jaya", "Group": "Persada Alam Jaya", "Latitude": -1.044642, "Longitude": 102.888934, "UML ID": "PO1000008618", "Commodity": "CPO", "Supplier": "Pelita Agung Agrindustri - Dumai", "Status": "Indirect Mill", "Trader": "Talang Duku" }, "geometry": { "type": "Point", "coordinates": [ 102.888934, -1.044642 ] } },
{ "type": "Feature", "properties": { "PHG ID": "PG-191", "Supplier N": "Petaling Mandraguna", "Mill Name": "Petaling Mandraguna", "Group": "Petaling Mandraguna", "Latitude": -1.44594, "Longitude": 103.62722, "UML ID": "PO1000004465", "Commodity": "CPO", "Supplier": "Pelita Agung Agrindustri - Dumai", "Status": "Indirect Mill", "Trader": "Talang Duku" }, "geometry": { "type": "Point", "coordinates": [ 103.62722, -1.44594 ] } },
{ "type": "Feature", "properties": { "PHG ID": "PG-028", "Supplier N": "Sari Aditya Loka", "Mill Name": "Sari Aditya Loka 2", "Group": "Astra Agro Lestari Tbk", "Latitude": -1.651, "Longitude": 102.308, "UML ID": "PO1000008403", "Commodity": "CPO", "Supplier": "Pelita Agung Agrindustri - Dumai", "Status": "Indirect Mill", "Trader": "Talang Duku" }, "geometry": { "type": "Point", "coordinates": [ 102.308, -1.651 ] } },
{ "type": "Feature", "properties": { "PHG ID": "PG-287", "Supplier N": "Surya Sumber Sawit Abadi", "Mill Name": "Surya Sumber Sawit Abadi", "Group": "Surya Sumber Sawit Abadi", "Latitude": -1.472702, "Longitude": 102.620073, "UML ID": "PO1000010015", "Commodity": "CPO", "Supplier": "Pelita Agung Agrindustri - Dumai", "Status": "Indirect Mill", "Trader": "Talang Duku" }, "geometry": { "type": "Point", "coordinates": [ 102.620073, -1.472702 ] } },
{ "type": "Feature", "properties": { "PHG ID": "PG-265", "Supplier N": "Trimitra Lestari", "Mill Name": "Trimitra Lestari", "Group": "Sin Tek Huat", "Latitude": -1.06976, "Longitude": 103.165858, "UML ID": "PO1000004432", "Commodity": "CPO", "Supplier": "Pelita Agung Agrindustri - Dumai", "Status": "Indirect Mill", "Trader": "Talang Duku" }, "geometry": { "type": "Point", "coordinates": [ 103.165858, -1.06976 ] } },
{ "type": "Feature", "properties": { "PHG ID": "PG-378", "Supplier N": "Tumpuan", "Mill Name": "Tumpuan", "Group": "Bukit Barisan Indah Prima", "Latitude": 1.28978686, "Longitude": 101.0550173, "UML ID": "-", "Commodity": "CPO", "Supplier": "Pelita Agung Agrindustri - Dumai", "Status": "Indirect Mill", "Trader": "Talang Duku" }, "geometry": { "type": "Point", "coordinates": [ 101.0550173, 1.28978686 ] } },
{ "type": "Feature", "properties": { "PHG ID": "PG-386", "Supplier N": "Dua Semeru Putra Mandiri", "Mill Name": "Dua Semeru Putra Mandiri", "Group": "Dua Semeru Putra Mandiri", "Latitude": -2.287189, "Longitude": 102.676234, "UML ID": "-", "Commodity": "CPO", "Supplier": "Pelita Agung Agrindustri - Dumai", "Status": "Indirect Mill", "Trader": "Talang Duku" }, "geometry": { "type": "Point", "coordinates": [ 102.676234, -2.287189 ] } },
{ "type": "Feature", "properties": { "PHG ID": "PG-387", "Supplier N": "Gemilang Bersama Utama Palm Oil", "Mill Name": "Gemilang Bersama Utama Palm Oil", "Group": "Gemilang Bersama Utama Palm Oil", "Latitude": -1.749137, "Longitude": 103.882261, "UML ID": "-", "Commodity": "CPO", "Supplier": "Pelita Agung Agrindustri - Dumai", "Status": "Indirect Mill", "Trader": "Talang Duku" }, "geometry": { "type": "Point", "coordinates": [ 103.882261, -1.749137 ] } },
{ "type": "Feature", "properties": { "PHG ID": "PG-382", "Supplier N": "Kurnia Merangin Berjaya", "Mill Name": "Kurnia Merangin Berjaya", "Group": "Kurnia Merangin Berjaya", "Latitude": -2.18175, "Longitude": 102.47051, "UML ID": "PO1000016969", "Commodity": "CPO", "Supplier": "Pelita Agung Agrindustri - Dumai", "Status": "Indirect Mill", "Trader": "Talang Duku" }, "geometry": { "type": "Point", "coordinates": [ 102.47051, -2.18175 ] } },
{ "type": "Feature", "properties": { "PHG ID": "PG-388", "Supplier N": "Kurnia Palma Berjaya", "Mill Name": "Kurnia Palma Berjaya", "Group": "Kurnia Palma Berjaya", "Latitude": -1.51697, "Longitude": 102.651138, "UML ID": "-", "Commodity": "CPO", "Supplier": "Pelita Agung Agrindustri - Dumai", "Status": "Indirect Mill", "Trader": "Talang Duku" }, "geometry": { "type": "Point", "coordinates": [ 102.651138, -1.51697 ] } },
{ "type": "Feature", "properties": { "PHG ID": "PG-383", "Supplier N": "Porman Anugerah Sejati", "Mill Name": "Porman Anugerah Sejati", "Group": "Porman Anugerah Sejati", "Latitude": -1.41955, "Longitude": 102.72013, "UML ID": "-", "Commodity": "CPO", "Supplier": "Pelita Agung Agrindustri - Dumai", "Status": "Indirect Mill", "Trader": "Talang Duku" }, "geometry": { "type": "Point", "coordinates": [ 102.72013, -1.41955 ] } },
{ "type": "Feature", "properties": { "PHG ID": "PG-384", "Supplier N": "Surya Lestari Usaha Mandiri", "Mill Name": "Surya Lestari Usaha Mandiri", "Group": "Surya Lestari Usaha Mandiri", "Latitude": -2.21486, "Longitude": 102.81641, "UML ID": "PO1000017065", "Commodity": "CPO", "Supplier": "Pelita Agung Agrindustri - Dumai", "Status": "Indirect Mill", "Trader": "Talang Duku" }, "geometry": { "type": "Point", "coordinates": [ 102.81641, -2.21486 ] } },
{ "type": "Feature", "properties": { "PHG ID": "PG-227", "Supplier N": "Perkebunan Nusantara V", "Mill Name": "Lubuk Dalam", "Group": "PTPN V", "Latitude": 0.62994, "Longitude": 101.77956, "UML ID": "PO1000004219", "Commodity": "CPO", "Supplier": "Pelita Agung Agrindustri - Dumai", "Status": "Indirect Mill", "Trader": "KPBN" }, "geometry": { "type": "Point", "coordinates": [ 101.77956, 0.62994 ] } },
{ "type": "Feature", "properties": { "PHG ID": "PG-228", "Supplier N": "Perkebunan Nusantara V", "Mill Name": "Sei Galuh", "Group": "PTPN V", "Latitude": 0.546957, "Longitude": 101.228963, "UML ID": "PO1000007604", "Commodity": "CPO", "Supplier": "Pelita Agung Agrindustri - Dumai", "Status": "Indirect Mill", "Trader": "KPBN" }, "geometry": { "type": "Point", "coordinates": [ 101.228963, 0.546957 ] } },
{ "type": "Feature", "properties": { "PHG ID": "PG-229", "Supplier N": "Perkebunan Nusantara V", "Mill Name": "Sei Garo", "Group": "PTPN V", "Latitude": 0.64372, "Longitude": 101.11006, "UML ID": "PO1000007605", "Commodity": "CPO", "Supplier": "Pelita Agung Agrindustri - Dumai", "Status": "Indirect Mill", "Trader": "KPBN" }, "geometry": { "type": "Point", "coordinates": [ 101.11006, 0.64372 ] } },
{ "type": "Feature", "properties": { "PHG ID": "PG-230", "Supplier N": "Perkebunan Nusantara V", "Mill Name": "Sei Intan", "Group": "PTPN V", "Latitude": 0.78425, "Longitude": 100.61086, "UML ID": "PO1000006147", "Commodity": "CPO", "Supplier": "Pelita Agung Agrindustri - Dumai", "Status": "Indirect Mill", "Trader": "KPBN" }, "geometry": { "type": "Point", "coordinates": [ 100.61086, 0.78425 ] } },
{ "type": "Feature", "properties": { "PHG ID": "PG-316", "Supplier N": "Perkebunan Nusantara V", "Mill Name": "Sei Pagar", "Group": "PTPN V", "Latitude": 0.327462, "Longitude": 101.35099, "UML ID": "PO1000006159", "Commodity": "CPO", "Supplier": "Pelita Agung Agrindustri - Dumai", "Status": "Indirect Mill", "Trader": "KPBN" }, "geometry": { "type": "Point", "coordinates": [ 101.35099, 0.327462 ] } },
{ "type": "Feature", "properties": { "PHG ID": "PG-231", "Supplier N": "Perkebunan Nusantara V", "Mill Name": "Sei Rokan", "Group": "PTPN V", "Latitude": 0.72572, "Longitude": 100.57897, "UML ID": "PO1000005128", "Commodity": "CPO", "Supplier": "Pelita Agung Agrindustri - Dumai", "Status": "Indirect Mill", "Trader": "KPBN" }, "geometry": { "type": "Point", "coordinates": [ 100.57897, 0.72572 ] } },
{ "type": "Feature", "properties": { "PHG ID": "PG-232", "Supplier N": "Perkebunan Nusantara V", "Mill Name": "Sei Tapung", "Group": "PTPN V", "Latitude": 0.599, "Longitude": 100.619, "UML ID": "PO1000004212", "Commodity": "CPO", "Supplier": "Pelita Agung Agrindustri - Dumai", "Status": "Indirect Mill", "Trader": "KPBN" }, "geometry": { "type": "Point", "coordinates": [ 100.619, 0.599 ] } },
{ "type": "Feature", "properties": { "PHG ID": "PG-233", "Supplier N": "Perkebunan Nusantara V", "Mill Name": "Tanah Putih", "Group": "PTPN V", "Latitude": 1.7425, "Longitude": 100.51225, "UML ID": "PO1000004268", "Commodity": "CPO", "Supplier": "Pelita Agung Agrindustri - Dumai", "Status": "Indirect Mill", "Trader": "KPBN" }, "geometry": { "type": "Point", "coordinates": [ 100.51225, 1.7425 ] } },
{ "type": "Feature", "properties": { "PHG ID": "PG-234", "Supplier N": "Perkebunan Nusantara V", "Mill Name": "Tandun", "Group": "PTPN V", "Latitude": 0.59964, "Longitude": 100.69281, "UML ID": "PO1000004402", "Commodity": "CPO", "Supplier": "Pelita Agung Agrindustri - Dumai", "Status": "Indirect Mill", "Trader": "KPBN" }, "geometry": { "type": "Point", "coordinates": [ 100.69281, 0.59964 ] } },
{ "type": "Feature", "properties": { "PHG ID": "PG-317", "Supplier N": "Perkebunan Nusantara V", "Mill Name": "Tanjung Medan", "Group": "PTPN V", "Latitude": 1.584567, "Longitude": 100.589, "UML ID": "PO1000008529", "Commodity": "CPO", "Supplier": "Pelita Agung Agrindustri - Dumai", "Status": "Indirect Mill", "Trader": "KPBN" }, "geometry": { "type": "Point", "coordinates": [ 100.589, 1.584567 ] } },
{ "type": "Feature", "properties": { "PHG ID": "PG-235", "Supplier N": "Perkebunan Nusantara V", "Mill Name": "Terantam", "Group": "PTPN V", "Latitude": 0.57919, "Longitude": 100.75078, "UML ID": "PO1000004206", "Commodity": "CPO", "Supplier": "Pelita Agung Agrindustri - Dumai", "Status": "Indirect Mill", "Trader": "KPBN" }, "geometry": { "type": "Point", "coordinates": [ 100.75078, 0.57919 ] } },
{ "type": "Feature", "properties": { "PHG ID": "PG-369", "Supplier N": "Rambah Sawit Mandiri", "Mill Name": "Rambah Sawit Mandiri", "Group": "Rambah Sawit Mandiri", "Latitude": 0.818173, "Longitude": 100.435301, "UML ID": "-", "Commodity": "CPO", "Supplier": "Pelita Agung Agrindustri - Dumai", "Status": "Indirect Mill", "Trader": "Pelita Agung Agrindustri - KID" }, "geometry": { "type": "Point", "coordinates": [ 100.435301, 0.818173 ] } },
{ "type": "Feature", "properties": { "PHG ID": "PG-378", "Supplier N": "Tumpuan", "Mill Name": "Tumpuan", "Group": "Bukit Barisan Indah Prima", "Latitude": 1.28978686, "Longitude": 101.0550173, "UML ID": "-", "Commodity": "CPO", "Supplier": "Pelita Agung Agrindustri - Dumai", "Status": "Indirect Mill", "Trader": "Pelita Agung Agrindustri - KID" }, "geometry": { "type": "Point", "coordinates": [ 101.0550173, 1.28978686 ] } },
{ "type": "Feature", "properties": { "PHG ID": "PG-370", "Supplier N": "Sinergi Integritas Agroindustri", "Mill Name": "Sinergi Integritas Agroindustri", "Group": "Sianipar Integritas Agrindo", "Latitude": 1.6839, "Longitude": 100.4411, "UML ID": "\nPO1000020078\n", "Commodity": "CPO", "Supplier": "Pelita Agung Agrindustri - Dumai", "Status": "Indirect Mill", "Trader": "Pelita Agung Agrindustri - KID" }, "geometry": { "type": "Point", "coordinates": [ 100.4411, 1.6839 ] } },
{ "type": "Feature", "properties": { "PHG ID": "PG-142", "Supplier N": "Aneka Inti Persada", "Mill Name": "Teluk Siak", "Group": "Minamas", "Latitude": 0.59139, "Longitude": 101.65889, "UML ID": "PO1000000317", "Commodity": "CPO", "Supplier": "Pelita Agung Agrindustri - Dumai", "Status": "Indirect Mill", "Trader": "Pelita Agung Agrindustri - KID" }, "geometry": { "type": "Point", "coordinates": [ 101.65889, 0.59139 ] } },
{ "type": "Feature", "properties": { "PHG ID": "PG-145", "Supplier N": "Lahan Tani Sakti", "Mill Name": "Alur Dumai", "Group": "Minamas", "Latitude": 1.56064, "Longitude": 100.54206, "UML ID": "PO1000000326", "Commodity": "CPO", "Supplier": "Pelita Agung Agrindustri - Dumai", "Status": "Indirect Mill", "Trader": "Pelita Agung Agrindustri - KID" }, "geometry": { "type": "Point", "coordinates": [ 100.54206, 1.56064 ] } },
{ "type": "Feature", "properties": { "PHG ID": "PG-148", "Supplier N": "Tunggal Mitra Plantations", "Mill Name": "Manggala", "Group": "Minamas", "Latitude": 1.521, "Longitude": 100.732, "UML ID": "PO1000000330", "Commodity": "CPO", "Supplier": "Pelita Agung Agrindustri - Dumai", "Status": "Indirect Mill", "Trader": "Pelita Agung Agrindustri - KID" }, "geometry": { "type": "Point", "coordinates": [ 100.732, 1.521 ] } },
{ "type": "Feature", "properties": { "PHG ID": "PG-210", "Supplier N": "Perkebunan Nusantara III", "Mill Name": "Sei Mangkei", "Group": "PTPN III", "Latitude": 3.12925, "Longitude": 99.34344, "UML ID": "PO1000000879", "Commodity": "CPO", "Supplier": "Pelita Agung Agrindustri - Dumai", "Status": "Indirect Mill", "Trader": "Pelita Agung Agrindustri - KID" }, "geometry": { "type": "Point", "coordinates": [ 99.34344, 3.12925 ] } },
{ "type": "Feature", "properties": { "PHG ID": "PG-178", "Supplier N": "Barumun Agro Sentosa", "Mill Name": "Aek Sigalagala", "Group": "Pasifik Agro Sentosa", "Latitude": 1.61947, "Longitude": 100.10383, "UML ID": "PO1000001315", "Commodity": "CPO", "Supplier": "Pelita Agung Agrindustri - Dumai", "Status": "Indirect Mill", "Trader": "Pelita Agung Agrindustri - KID" }, "geometry": { "type": "Point", "coordinates": [ 100.10383, 1.61947 ] } },
{ "type": "Feature", "properties": { "PHG ID": "PG-204", "Supplier N": "Perkebunan Nusantara III", "Mill Name": "Aek Nabara", "Group": "PTPN III", "Latitude": 2.0565, "Longitude": 99.95717, "UML ID": "PO1000001564", "Commodity": "CPO", "Supplier": "Pelita Agung Agrindustri - Dumai", "Status": "Indirect Mill", "Trader": "Pelita Agung Agrindustri - KID" }, "geometry": { "type": "Point", "coordinates": [ 99.95717, 2.0565 ] } },
{ "type": "Feature", "properties": { "PHG ID": "PG-205", "Supplier N": "Perkebunan Nusantara III", "Mill Name": "Aek Raso", "Group": "PTPN III", "Latitude": 1.70347, "Longitude": 100.17333, "UML ID": "PO1000001566", "Commodity": "CPO", "Supplier": "Pelita Agung Agrindustri - Dumai", "Status": "Indirect Mill", "Trader": "Pelita Agung Agrindustri - KID" }, "geometry": { "type": "Point", "coordinates": [ 100.17333, 1.70347 ] } },
{ "type": "Feature", "properties": { "PHG ID": "PG-179", "Supplier N": "Rimba Mujur Mahkota", "Mill Name": "Sikarakara", "Group": "Pasifik Agro Sentosa", "Latitude": 0.672017, "Longitude": 99.092167, "UML ID": "PO1000001960", "Commodity": "CPO", "Supplier": "Pelita Agung Agrindustri - Dumai", "Status": "Indirect Mill", "Trader": "Pelita Agung Agrindustri - KID" }, "geometry": { "type": "Point", "coordinates": [ 99.092167, 0.672017 ] } },
{ "type": "Feature", "properties": { "PHG ID": "PG-247", "Supplier N": "Inecda", "Mill Name": "Inecda", "Group": "S&G Biofuel Pte Ltd", "Latitude": -0.49361, "Longitude": 102.36694, "UML ID": "PO1000004128", "Commodity": "CPO", "Supplier": "Pelita Agung Agrindustri - Dumai", "Status": "Indirect Mill", "Trader": "Pelita Agung Agrindustri - KID" }, "geometry": { "type": "Point", "coordinates": [ 102.36694, -0.49361 ] } },
{ "type": "Feature", "properties": { "PHG ID": "PG-246", "Supplier N": "Gandaerah Hendana", "Mill Name": "Gandaerah Hendana", "Group": "S&G Biofuel Pte Ltd", "Latitude": -0.156053, "Longitude": 102.206587, "UML ID": "PO1000004138", "Commodity": "CPO", "Supplier": "Pelita Agung Agrindustri - Dumai", "Status": "Indirect Mill", "Trader": "Pelita Agung Agrindustri - KID" }, "geometry": { "type": "Point", "coordinates": [ 102.206587, -0.156053 ] } },
{ "type": "Feature", "properties": { "PHG ID": "PG-072", "Supplier N": "Flora Wahana Tirta", "Mill Name": "Flora Wahana Tirta", "Group": "Flora Wahana Tirta", "Latitude": 0.135596, "Longitude": 101.266403, "UML ID": "PO1000004154", "Commodity": "CPO", "Supplier": "Pelita Agung Agrindustri - Dumai", "Status": "Indirect Mill", "Trader": "Pelita Agung Agrindustri - KID" }, "geometry": { "type": "Point", "coordinates": [ 101.266403, 0.135596 ] } },
{ "type": "Feature", "properties": { "PHG ID": "PG-189", "Supplier N": "Permata Hijau Indonesia", "Mill Name": "Langgam", "Group": "Permata Group", "Latitude": 0.304, "Longitude": 101.905, "UML ID": "PO1000004164", "Commodity": "CPO", "Supplier": "Pelita Agung Agrindustri - Dumai", "Status": "Indirect Mill", "Trader": "Pelita Agung Agrindustri - KID" }, "geometry": { "type": "Point", "coordinates": [ 101.905, 0.304 ] } },
{ "type": "Feature", "properties": { "PHG ID": "PG-162", "Supplier N": "Multi Palma Sejahtera", "Mill Name": "Multi Palma Sejahtera", "Group": "Multi Palma Sejahtera", "Latitude": 0.414751, "Longitude": 101.667147, "UML ID": "PO1000004172", "Commodity": "CPO", "Supplier": "Pelita Agung Agrindustri - Dumai", "Status": "Indirect Mill", "Trader": "Pelita Agung Agrindustri - KID" }, "geometry": { "type": "Point", "coordinates": [ 101.667147, 0.414751 ] } },
{ "type": "Feature", "properties": { "PHG ID": "PG-257", "Supplier N": "Sawitta Unggul Jaya", "Mill Name": "Sawitta Unggul Jaya", "Group": "Sawitta Unggul Jaya", "Latitude": 2.33236, "Longitude": 100.09953, "UML ID": "PO1000004173", "Commodity": "CPO", "Supplier": "Pelita Agung Agrindustri - Dumai", "Status": "Indirect Mill", "Trader": "Pelita Agung Agrindustri - KID" }, "geometry": { "type": "Point", "coordinates": [ 100.09953, 2.33236 ] } },
{ "type": "Feature", "properties": { "PHG ID": "PG-127", "Supplier N": "Libo Sawit Perkasa", "Mill Name": "Libo Sawit Perkasa", "Group": "Libo Sawit Perkasa", "Latitude": 0.95606, "Longitude": 101.14094, "UML ID": "PO1000004239", "Commodity": "CPO", "Supplier": "Pelita Agung Agrindustri - Dumai", "Status": "Indirect Mill", "Trader": "Pelita Agung Agrindustri - KID" }, "geometry": { "type": "Point", "coordinates": [ 101.14094, 0.95606 ] } },
{ "type": "Feature", "properties": { "PHG ID": "PG-350", "Supplier N": "Hutahaean", "Mill Name": "Teluk Sono", "Group": "Hutahaean", "Latitude": 1.06, "Longitude": 100.7572, "UML ID": "PO1000004241", "Commodity": "CPO", "Supplier": "Pelita Agung Agrindustri - Dumai", "Status": "Indirect Mill", "Trader": "Pelita Agung Agrindustri - KID" }, "geometry": { "type": "Point", "coordinates": [ 100.7572, 1.06 ] } },
{ "type": "Feature", "properties": { "PHG ID": "PG-186", "Supplier N": "Permata Hijau Sawit", "Mill Name": "Mananti", "Group": "Permata Group", "Latitude": 1.06572, "Longitude": 100.07039, "UML ID": "PO1000004244", "Commodity": "CPO", "Supplier": "Pelita Agung Agrindustri - Dumai", "Status": "Indirect Mill", "Trader": "Pelita Agung Agrindustri - KID" }, "geometry": { "type": "Point", "coordinates": [ 100.07039, 1.06572 ] } },
{ "type": "Feature", "properties": { "PHG ID": "PG-069", "Supplier N": "Era Sawita", "Mill Name": "Era Sawita", "Group": "Era Sawita", "Latitude": 1.08, "Longitude": 100.49167, "UML ID": "PO1000004245", "Commodity": "CPO", "Supplier": "Pelita Agung Agrindustri - Dumai", "Status": "Indirect Mill", "Trader": "Pelita Agung Agrindustri - KID" }, "geometry": { "type": "Point", "coordinates": [ 100.49167, 1.08 ] } },
{ "type": "Feature", "properties": { "PHG ID": "PG-167", "Supplier N": "Mustika Agung Sawit Sejahtera", "Mill Name": "Mustika Agung Sawit Sejahtera", "Group": "Mustika", "Latitude": 1.224, "Longitude": 101.242, "UML ID": "PO1000004255", "Commodity": "CPO", "Supplier": "Pelita Agung Agrindustri - Dumai", "Status": "Indirect Mill", "Trader": "Pelita Agung Agrindustri - KID" }, "geometry": { "type": "Point", "coordinates": [ 101.242, 1.224 ] } },
{ "type": "Feature", "properties": { "PHG ID": "PG-001", "Supplier N": "Abdi Budi Mulia", "Mill Name": "PMKS 1", "Group": "Abdi Budi Mulia", "Latitude": 2.05261, "Longitude": 100.25326, "UML ID": "PO1000004269", "Commodity": "CPO", "Supplier": "Pelita Agung Agrindustri - Dumai", "Status": "Indirect Mill", "Trader": "Pelita Agung Agrindustri - KID" }, "geometry": { "type": "Point", "coordinates": [ 100.25326, 2.05261 ] } },
{ "type": "Feature", "properties": { "PHG ID": "PG-176", "Supplier N": "Kebun Pantai Raja", "Mill Name": "Kebun Pantai Raja", "Group": "Panca Eka", "Latitude": -0.0575, "Longitude": 101.24361, "UML ID": "PO1000004341", "Commodity": "CPO", "Supplier": "Pelita Agung Agrindustri - Dumai", "Status": "Indirect Mill", "Trader": "Pelita Agung Agrindustri - KID" }, "geometry": { "type": "Point", "coordinates": [ 101.24361, -0.0575 ] } },
{ "type": "Feature", "properties": { "PHG ID": "PG-207", "Supplier N": "Perkebunan Nusantara III", "Mill Name": "Rambutan", "Group": "PTPN III", "Latitude": 3.35078, "Longitude": 99.16989, "UML ID": "PO1000004342", "Commodity": "CPO", "Supplier": "Pelita Agung Agrindustri - Dumai", "Status": "Indirect Mill", "Trader": "Pelita Agung Agrindustri - KID" }, "geometry": { "type": "Point", "coordinates": [ 99.16989, 3.35078 ] } },
{ "type": "Feature", "properties": { "PHG ID": "PG-136", "Supplier N": "Makmur Andalan Sawit", "Mill Name": "Makmur Andalan Sawit", "Group": "Makmur Andalan Sawit", "Latitude": 0.067078, "Longitude": 102.124408, "UML ID": "PO1000004345", "Commodity": "CPO", "Supplier": "Pelita Agung Agrindustri - Dumai", "Status": "Indirect Mill", "Trader": "Pelita Agung Agrindustri - KID" }, "geometry": { "type": "Point", "coordinates": [ 102.124408, 0.067078 ] } },
{ "type": "Feature", "properties": { "PHG ID": "PG-289", "Supplier N": "Swastisiddhi Amagra", "Mill Name": "Bina Baru", "Group": "Swastisiddhi Amagra", "Latitude": 0.210528, "Longitude": 101.274965, "UML ID": "PO1000004360", "Commodity": "CPO", "Supplier": "Pelita Agung Agrindustri - Dumai", "Status": "Indirect Mill", "Trader": "Pelita Agung Agrindustri - KID" }, "geometry": { "type": "Point", "coordinates": [ 101.274965, 0.210528 ] } },
{ "type": "Feature", "properties": { "PHG ID": "PG-038", "Supplier N": "Tunggal Perkasa Plantation", "Mill Name": "Tunggal Perkasa Plantation", "Group": "Astra Agro Lestari Tbk", "Latitude": -0.30264, "Longitude": 102.27317, "UML ID": "PO1000004372", "Commodity": "CPO", "Supplier": "Pelita Agung Agrindustri - Dumai", "Status": "Indirect Mill", "Trader": "Pelita Agung Agrindustri - KID" }, "geometry": { "type": "Point", "coordinates": [ 102.27317, -0.30264 ] } },
{ "type": "Feature", "properties": { "PHG ID": "PG-180", "Supplier N": "Peputra Masterindo", "Mill Name": "Peputra Masterindo", "Group": "Peputra Masterindo", "Latitude": 0.59, "Longitude": 100.99089, "UML ID": "PO1000004400", "Commodity": "CPO", "Supplier": "Pelita Agung Agrindustri - Dumai", "Status": "Indirect Mill", "Trader": "Pelita Agung Agrindustri - KID" }, "geometry": { "type": "Point", "coordinates": [ 100.99089, 0.59 ] } },
{ "type": "Feature", "properties": { "PHG ID": "PG-034", "Supplier N": "Kimia Tirta Utama", "Mill Name": "Kimia Tirta Utama", "Group": "Astra Agro Lestari Tbk", "Latitude": 0.67619, "Longitude": 101.72675, "UML ID": "PO1000004408", "Commodity": "CPO", "Supplier": "Pelita Agung Agrindustri - Dumai", "Status": "Indirect Mill", "Trader": "Pelita Agung Agrindustri - KID" }, "geometry": { "type": "Point", "coordinates": [ 101.72675, 0.67619 ] } },
{ "type": "Feature", "properties": { "PHG ID": "PG-054", "Supplier N": "Rohul Sawit Industri", "Mill Name": "Sukadamai", "Group": "Bumitama Agri Ltd", "Latitude": 0.680564, "Longitude": 100.526172, "UML ID": "PO1000004410", "Commodity": "CPO", "Supplier": "Pelita Agung Agrindustri - Dumai", "Status": "Indirect Mill", "Trader": "Pelita Agung Agrindustri - KID" }, "geometry": { "type": "Point", "coordinates": [ 100.526172, 0.680564 ] } },
{ "type": "Feature", "properties": { "PHG ID": "PG-029", "Supplier N": "Sawit Asahan Indah", "Mill Name": "Sawit Asahan Indah", "Group": "Astra Agro Lestari Tbk", "Latitude": 0.76161, "Longitude": 100.51889, "UML ID": "PO1000004417", "Commodity": "CPO", "Supplier": "Pelita Agung Agrindustri - Dumai", "Status": "Indirect Mill", "Trader": "Pelita Agung Agrindustri - KID" }, "geometry": { "type": "Point", "coordinates": [ 100.51889, 0.76161 ] } },
{ "type": "Feature", "properties": { "PHG ID": "PG-030", "Supplier N": "Eka Dura Indonesia", "Mill Name": "Eka Dura Indonesia", "Group": "Astra Agro Lestari Tbk", "Latitude": 0.88428, "Longitude": 100.61372, "UML ID": "PO1000004422", "Commodity": "CPO", "Supplier": "Pelita Agung Agrindustri - Dumai", "Status": "Indirect Mill", "Trader": "Pelita Agung Agrindustri - KID" }, "geometry": { "type": "Point", "coordinates": [ 100.61372, 0.88428 ] } },
{ "type": "Feature", "properties": { "PHG ID": "PG-365", "Supplier N": "Nagamas Agro Mulia", "Mill Name": "Talikumain", "Group": "Nagamas Group", "Latitude": 1.07799, "Longitude": 100.26128, "UML ID": "PO1000004435", "Commodity": "CPO", "Supplier": "Pelita Agung Agrindustri - Dumai", "Status": "Indirect Mill", "Trader": "Pelita Agung Agrindustri - KID" }, "geometry": { "type": "Point", "coordinates": [ 100.26128, 1.07799 ] } },
{ "type": "Feature", "properties": { "PHG ID": "PG-137", "Supplier N": "Mazuma Agro Indonesia", "Mill Name": "Mazuma Agro Indonesia", "Group": "Mazuma", "Latitude": 1.12867, "Longitude": 100.1545, "UML ID": "PO1000004438", "Commodity": "CPO", "Supplier": "Pelita Agung Agrindustri - Dumai", "Status": "Indirect Mill", "Trader": "Pelita Agung Agrindustri - KID" }, "geometry": { "type": "Point", "coordinates": [ 100.1545, 1.12867 ] } },
{ "type": "Feature", "properties": { "PHG ID": "PG-360", "Supplier N": "Sawit Anugerah Sejahtera", "Mill Name": "Sawit Anugerah Sejahtera", "Group": "Sawit Anugerah Sejahtera", "Latitude": 1.15212, "Longitude": 101.27638, "UML ID": "PO1000004441", "Commodity": "CPO", "Supplier": "Pelita Agung Agrindustri - Dumai", "Status": "Indirect Mill", "Trader": "Pelita Agung Agrindustri - KID" }, "geometry": { "type": "Point", "coordinates": [ 101.27638, 1.15212 ] } },
{ "type": "Feature", "properties": { "PHG ID": "PG-111", "Supplier N": "Kencana Persada Nusantara", "Mill Name": "Kencana Persada Nusantara", "Group": "Genk Agro Mas", "Latitude": 1.175, "Longitude": 100.233, "UML ID": "PO1000004442", "Commodity": "CPO", "Supplier": "Pelita Agung Agrindustri - Dumai", "Status": "Indirect Mill", "Trader": "Pelita Agung Agrindustri - KID" }, "geometry": { "type": "Point", "coordinates": [ 100.233, 1.175 ] } },
{ "type": "Feature", "properties": { "PHG ID": "PG-093", "Supplier N": "Hutahaean", "Mill Name": "Goragahana", "Group": "Hutahaean", "Latitude": 1.179571, "Longitude": 100.2695, "UML ID": "PO1000004443", "Commodity": "CPO", "Supplier": "Pelita Agung Agrindustri - Dumai", "Status": "Indirect Mill", "Trader": "Pelita Agung Agrindustri - KID" }, "geometry": { "type": "Point", "coordinates": [ 100.2695, 1.179571 ] } },
{ "type": "Feature", "properties": { "PHG ID": "PG-129", "Supplier N": "Nagamas Agro Mulia", "Mill Name": "Tanjung Medan", "Group": "Nagamas Group", "Latitude": 1.302344, "Longitude": 100.396834, "UML ID": "PO1000004449", "Commodity": "CPO", "Supplier": "Pelita Agung Agrindustri - Dumai", "Status": "Indirect Mill", "Trader": "Pelita Agung Agrindustri - KID" }, "geometry": { "type": "Point", "coordinates": [ 100.396834, 1.302344 ] } },
{ "type": "Feature", "properties": { "PHG ID": "PG-084", "Supplier N": "Pujud Karya Sawit", "Mill Name": "Pujud Karya Sawit", "Group": "Graha", "Latitude": 1.37486, "Longitude": 100.52783, "UML ID": "PO1000004456", "Commodity": "CPO", "Supplier": "Pelita Agung Agrindustri - Dumai", "Status": "Indirect Mill", "Trader": "Pelita Agung Agrindustri - KID" }, "geometry": { "type": "Point", "coordinates": [ 100.52783, 1.37486 ] } },
{ "type": "Feature", "properties": { "PHG ID": "PG-134", "Supplier N": "Maju Indoraya", "Mill Name": "Maju Indoraya", "Group": "Maju Indo Raya", "Latitude": 1.40914, "Longitude": 98.85764, "UML ID": "PO1000004461", "Commodity": "CPO", "Supplier": "Pelita Agung Agrindustri - Dumai", "Status": "Indirect Mill", "Trader": "Pelita Agung Agrindustri - KID" }, "geometry": { "type": "Point", "coordinates": [ 98.85764, 1.40914 ] } },
{ "type": "Feature", "properties": { "PHG ID": "PG-283", "Supplier N": "Sumber Tani Agung Resources Tbk", "Mill Name": "Portibi", "Group": "Sumber Tani Agung", "Latitude": 1.42831, "Longitude": 99.72117, "UML ID": "PO1000004462", "Commodity": "CPO", "Supplier": "Pelita Agung Agrindustri - Dumai", "Status": "Indirect Mill", "Trader": "Pelita Agung Agrindustri - KID" }, "geometry": { "type": "Point", "coordinates": [ 99.72117, 1.42831 ] } },
{ "type": "Feature", "properties": { "PHG ID": "PG-391", "Supplier N": "Meskom Agro Sarimas", "Mill Name": "Meskom Agro Sarimas", "Group": "Tri Bakti Sarimas", "Latitude": 1.548778, "Longitude": 102.090917, "UML ID": "PO1000004470", "Commodity": "CPO", "Supplier": "Pelita Agung Agrindustri - Dumai", "Status": "Indirect Mill", "Trader": "Pelita Agung Agrindustri - KID" }, "geometry": { "type": "Point", "coordinates": [ 102.090917, 1.548778 ] } },
{ "type": "Feature", "properties": { "PHG ID": "PG-209", "Supplier N": "Perkebunan Nusantara III", "Mill Name": "Sei Daun", "Group": "PTPN III", "Latitude": 1.67953, "Longitude": 100.32783, "UML ID": "PO1000004477", "Commodity": "CPO", "Supplier": "Pelita Agung Agrindustri - Dumai", "Status": "Indirect Mill", "Trader": "Pelita Agung Agrindustri - KID" }, "geometry": { "type": "Point", "coordinates": [ 100.32783, 1.67953 ] } },
{ "type": "Feature", "properties": { "PHG ID": "PG-284", "Supplier N": "Sumber Tani Agung", "Mill Name": "Sumber Tani Agung", "Group": "Sumber Tani Agung", "Latitude": 1.754692, "Longitude": 99.98478, "UML ID": "PO1000004483", "Commodity": "CPO", "Supplier": "Pelita Agung Agrindustri - Dumai", "Status": "Indirect Mill", "Trader": "Pelita Agung Agrindustri - KID" }, "geometry": { "type": "Point", "coordinates": [ 99.98478, 1.754692 ] } },
{ "type": "Feature", "properties": { "PHG ID": "PG-211", "Supplier N": "Perkebunan Nusantara III", "Mill Name": "Sei Meranti", "Group": "PTPN III", "Latitude": 1.64222, "Longitude": 100.41594, "UML ID": "PO1000004927", "Commodity": "CPO", "Supplier": "Pelita Agung Agrindustri - Dumai", "Status": "Indirect Mill", "Trader": "Pelita Agung Agrindustri - KID" }, "geometry": { "type": "Point", "coordinates": [ 100.41594, 1.64222 ] } },
{ "type": "Feature", "properties": { "PHG ID": "PG-214", "Supplier N": "Perkebunan Nusantara III", "Mill Name": "Torgamba", "Group": "PTPN III", "Latitude": 1.71489, "Longitude": 100.29111, "UML ID": "PO1000004929", "Commodity": "CPO", "Supplier": "Pelita Agung Agrindustri - Dumai", "Status": "Indirect Mill", "Trader": "Pelita Agung Agrindustri - KID" }, "geometry": { "type": "Point", "coordinates": [ 100.29111, 1.71489 ] } },
{ "type": "Feature", "properties": { "PHG ID": "PG-036", "Supplier N": "Sari Lembah Subur", "Mill Name": "Sari Lembah Subur 1", "Group": "Astra Agro Lestari Tbk", "Latitude": -0.05083, "Longitude": 102.25281, "UML ID": "PO1000004935", "Commodity": "CPO", "Supplier": "Pelita Agung Agrindustri - Dumai", "Status": "Indirect Mill", "Trader": "Pelita Agung Agrindustri - KID" }, "geometry": { "type": "Point", "coordinates": [ 102.25281, -0.05083 ] } },
{ "type": "Feature", "properties": { "PHG ID": "PG-195", "Supplier N": "Riau Kampar Sahabat Sejati", "Mill Name": "Riau Kampar Sahabat Sejati", "Group": "Riau Kampar Sahabat Sejati", "Latitude": 0.659452, "Longitude": 100.897976, "UML ID": "PO1000006152", "Commodity": "CPO", "Supplier": "Pelita Agung Agrindustri - Dumai", "Status": "Indirect Mill", "Trader": "Pelita Agung Agrindustri - KID" }, "geometry": { "type": "Point", "coordinates": [ 100.897976, 0.659452 ] } },
{ "type": "Feature", "properties": { "PHG ID": "PG-099", "Supplier N": "Persada Agro Sawita", "Mill Name": "Persada Agro Sawita", "Group": "Persada Agro Sawita", "Latitude": -0.408655, "Longitude": 102.358981, "UML ID": "PO1000006176", "Commodity": "CPO", "Supplier": "Pelita Agung Agrindustri - Dumai", "Status": "Indirect Mill", "Trader": "Pelita Agung Agrindustri - KID" }, "geometry": { "type": "Point", "coordinates": [ 102.358981, -0.408655 ] } },
{ "type": "Feature", "properties": { "PHG ID": "PG-184", "Supplier N": "Nubika Jaya", "Mill Name": "Blok Songo", "Group": "Permata Group", "Latitude": 1.947629, "Longitude": 100.10167, "UML ID": "PO1000006257", "Commodity": "CPO", "Supplier": "Pelita Agung Agrindustri - Dumai", "Status": "Indirect Mill", "Trader": "Pelita Agung Agrindustri - KID" }, "geometry": { "type": "Point", "coordinates": [ 100.10167, 1.947629 ] } },
{ "type": "Feature", "properties": { "PHG ID": "PG-187", "Supplier N": "Permata Hijau Indonesia", "Mill Name": "Hutalombang", "Group": "Permata Group", "Latitude": 1.13935, "Longitude": 99.76689, "UML ID": "PO1000006269", "Commodity": "CPO", "Supplier": "Pelita Agung Agrindustri - Dumai", "Status": "Indirect Mill", "Trader": "Pelita Agung Agrindustri - KID" }, "geometry": { "type": "Point", "coordinates": [ 99.76689, 1.13935 ] } },
{ "type": "Feature", "properties": { "PHG ID": "PG-086", "Supplier N": "Guna Agung Semesta", "Mill Name": "Guna Agung Semesta", "Group": "Guna Agung Semesta", "Latitude": 0.988, "Longitude": 101.243, "UML ID": "PO1000006328", "Commodity": "CPO", "Supplier": "Pelita Agung Agrindustri - Dumai", "Status": "Indirect Mill", "Trader": "Pelita Agung Agrindustri - KID" }, "geometry": { "type": "Point", "coordinates": [ 101.243, 0.988 ] } },
{ "type": "Feature", "properties": { "PHG ID": "PG-020", "Supplier N": "Anugerah Tani Makmur", "Mill Name": "Anugerah Tani Makmur", "Group": "Anugerah Tani Makmur", "Latitude": 0.536, "Longitude": 101.602, "UML ID": "PO1000007457", "Commodity": "CPO", "Supplier": "Pelita Agung Agrindustri - Dumai", "Status": "Indirect Mill", "Trader": "Pelita Agung Agrindustri - KID" }, "geometry": { "type": "Point", "coordinates": [ 101.602, 0.536 ] } },
{ "type": "Feature", "properties": { "PHG ID": "PG-123", "Supplier N": "Langgak Inti Lestari", "Mill Name": "Langgak Inti Lestari", "Group": "Langgak Inti Lestari", "Latitude": 0.63608, "Longitude": 100.59139, "UML ID": "PO1000007567", "Commodity": "CPO", "Supplier": "Pelita Agung Agrindustri - Dumai", "Status": "Indirect Mill", "Trader": "Pelita Agung Agrindustri - KID" }, "geometry": { "type": "Point", "coordinates": [ 100.59139, 0.63608 ] } },
{ "type": "Feature", "properties": { "PHG ID": "PG-112", "Supplier N": "Kencana Utama Sejati", "Mill Name": "Kencana Utama Sejati", "Group": "Genk Agro Mas", "Latitude": 1.06897, "Longitude": 100.11719, "UML ID": "PO1000007569", "Commodity": "CPO", "Supplier": "Pelita Agung Agrindustri - Dumai", "Status": "Indirect Mill", "Trader": "Pelita Agung Agrindustri - KID" }, "geometry": { "type": "Point", "coordinates": [ 100.11719, 1.06897 ] } },
{ "type": "Feature", "properties": { "PHG ID": "PG-037", "Supplier N": "Sari Lembah Subur", "Mill Name": "Sari Lembah Subur 2", "Group": "Astra Agro Lestari Tbk", "Latitude": -0.00181, "Longitude": 102.19642, "UML ID": "PO1000007596", "Commodity": "CPO", "Supplier": "Pelita Agung Agrindustri - Dumai", "Status": "Indirect Mill", "Trader": "Pelita Agung Agrindustri - KID" }, "geometry": { "type": "Point", "coordinates": [ 102.19642, -0.00181 ] } },
{ "type": "Feature", "properties": { "PHG ID": "PG-374", "Supplier N": "Surya Agrolika Reksa", "Mill Name": "Surya Agrolika Reksa Sei Singingi", "Group": "Adimulia", "Latitude": -0.20614, "Longitude": 101.31786, "UML ID": "PO1000007629", "Commodity": "CPO", "Supplier": "Pelita Agung Agrindustri - Dumai", "Status": "Indirect Mill", "Trader": "Pelita Agung Agrindustri - KID" }, "geometry": { "type": "Point", "coordinates": [ 101.31786, -0.20614 ] } },
{ "type": "Feature", "properties": { "PHG ID": "PG-379", "Supplier N": "Jaya Gemilang Sukses", "Mill Name": "Jaya Gemilang Sukses", "Group": "Jaya Gemilang Sukses", "Latitude": 1.59927, "Longitude": 100.90593, "UML ID": "PO1000007653", "Commodity": "CPO", "Supplier": "Pelita Agung Agrindustri - Dumai", "Status": "Indirect Mill", "Trader": "Pelita Agung Agrindustri - KID" }, "geometry": { "type": "Point", "coordinates": [ 100.90593, 1.59927 ] } },
{ "type": "Feature", "properties": { "PHG ID": "PG-165", "Supplier N": "Mustika Agung Sarana Sejahtera", "Mill Name": "Mustika Agung Sarana Sejahtera", "Group": "Mustika", "Latitude": 1.74944, "Longitude": 100.93017, "UML ID": "PO1000007661", "Commodity": "CPO", "Supplier": "Pelita Agung Agrindustri - Dumai", "Status": "Indirect Mill", "Trader": "Pelita Agung Agrindustri - KID" }, "geometry": { "type": "Point", "coordinates": [ 100.93017, 1.74944 ] } },
{ "type": "Feature", "properties": { "PHG ID": "PG-128", "Supplier N": "Lingga Tiga Sawit", "Mill Name": "Lingga Tiga Sawit", "Group": "Nagamas Group", "Latitude": 2.01431, "Longitude": 99.87911, "UML ID": "PO1000008152", "Commodity": "CPO", "Supplier": "Pelita Agung Agrindustri - Dumai", "Status": "Indirect Mill", "Trader": "Pelita Agung Agrindustri - KID" }, "geometry": { "type": "Point", "coordinates": [ 99.87911, 2.01431 ] } },
{ "type": "Feature", "properties": { "PHG ID": "PG-169", "Supplier N": "Bukit Palem", "Mill Name": "Bukit Palem", "Group": "Bukit Palem", "Latitude": -2.37356, "Longitude": 110.64367, "UML ID": "PO1000008176", "Commodity": "CPO", "Supplier": "Pelita Agung Agrindustri - Dumai", "Status": "Indirect Mill", "Trader": "Pelita Agung Agrindustri - KID" }, "geometry": { "type": "Point", "coordinates": [ 110.64367, -2.37356 ] } },
{ "type": "Feature", "properties": { "PHG ID": "PG-087", "Supplier N": "Guna Setia Pratama", "Mill Name": "Guna Setia Pratama", "Group": "Guna Setia Pratama", "Latitude": 0.428, "Longitude": 101.597, "UML ID": "PO1000008224", "Commodity": "CPO", "Supplier": "Pelita Agung Agrindustri - Dumai", "Status": "Indirect Mill", "Trader": "Pelita Agung Agrindustri - KID" }, "geometry": { "type": "Point", "coordinates": [ 101.597, 0.428 ] } },
{ "type": "Feature", "properties": { "PHG ID": "PG-290", "Supplier N": "Swastisiddhi Amagra", "Mill Name": "Libo Jaya", "Group": "Swastisiddhi Amagra", "Latitude": 0.947, "Longitude": 101.097, "UML ID": "PO1000008269", "Commodity": "CPO", "Supplier": "Pelita Agung Agrindustri - Dumai", "Status": "Indirect Mill", "Trader": "Pelita Agung Agrindustri - KID" }, "geometry": { "type": "Point", "coordinates": [ 101.097, 0.947 ] } },
{ "type": "Feature", "properties": { "PHG ID": "PG-260", "Supplier N": "Semunai Sawit Perkasa", "Mill Name": "Semunai Sawit Perkasa", "Group": "Semunai Sawit Perkasa", "Latitude": 1.16339, "Longitude": 101.27806, "UML ID": "PO1000008278", "Commodity": "CPO", "Supplier": "Pelita Agung Agrindustri - Dumai", "Status": "Indirect Mill", "Trader": "Pelita Agung Agrindustri - KID" }, "geometry": { "type": "Point", "coordinates": [ 101.27806, 1.16339 ] } },
{ "type": "Feature", "properties": { "PHG ID": "PG-106", "Supplier N": "Arya Rama Prakarsa", "Mill Name": "Arya Rama Prakarsa", "Group": "Genk Agro Mas", "Latitude": 1.22097, "Longitude": 100.38383, "UML ID": "PO1000008279", "Commodity": "CPO", "Supplier": "Pelita Agung Agrindustri - Dumai", "Status": "Indirect Mill", "Trader": "Pelita Agung Agrindustri - KID" }, "geometry": { "type": "Point", "coordinates": [ 100.38383, 1.22097 ] } },
{ "type": "Feature", "properties": { "PHG ID": "PG-193", "Supplier N": "Karyabadi Samasejati", "Mill Name": "Karyabadi Samasejati", "Group": "Karyabadi Samasejati", "Latitude": 1.47592, "Longitude": 100.59894, "UML ID": "PO1000008287", "Commodity": "CPO", "Supplier": "Pelita Agung Agrindustri - Dumai", "Status": "Indirect Mill", "Trader": "Pelita Agung Agrindustri - KID" }, "geometry": { "type": "Point", "coordinates": [ 100.59894, 1.47592 ] } },
{ "type": "Feature", "properties": { "PHG ID": "PG-130", "Supplier N": "Sumber Sawit Nusantara", "Mill Name": "Sumber Sawit Nusantara", "Group": "Nagamas Group", "Latitude": 1.54961, "Longitude": 99.95694, "UML ID": "PO1000008291", "Commodity": "CPO", "Supplier": "Pelita Agung Agrindustri - Dumai", "Status": "Indirect Mill", "Trader": "Pelita Agung Agrindustri - KID" }, "geometry": { "type": "Point", "coordinates": [ 99.95694, 1.54961 ] } },
{ "type": "Feature", "properties": { "PHG ID": "PG-181", "Supplier N": "Peputra Supra Jaya", "Mill Name": "Peputra Supra Jaya", "Group": "Peputra Supra Jaya", "Latitude": 0.15911, "Longitude": 101.78133, "UML ID": "PO1000008421", "Commodity": "CPO", "Supplier": "Pelita Agung Agrindustri - Dumai", "Status": "Indirect Mill", "Trader": "Pelita Agung Agrindustri - KID" }, "geometry": { "type": "Point", "coordinates": [ 101.78133, 0.15911 ] } },
{ "type": "Feature", "properties": { "PHG ID": "PG-080", "Supplier N": "Giga Putra Nusantara", "Mill Name": "Giga Putra Nusantara", "Group": "Giga Putra Nusantara", "Latitude": 1.30817, "Longitude": 99.76825, "UML ID": "PO1000008570", "Commodity": "CPO", "Supplier": "Pelita Agung Agrindustri - Dumai", "Status": "Indirect Mill", "Trader": "Pelita Agung Agrindustri - KID" }, "geometry": { "type": "Point", "coordinates": [ 99.76825, 1.30817 ] } },
{ "type": "Feature", "properties": { "PHG ID": "PG-019", "Supplier N": "Anugerah Agro Sawit Perkasa", "Mill Name": "Anugerah Agro Sawit Perkasa", "Group": "Anugerah Agro Sawit Perkasa", "Latitude": 1.84464, "Longitude": 100.44456, "UML ID": "PO1000008585", "Commodity": "CPO", "Supplier": "Pelita Agung Agrindustri - Dumai", "Status": "Indirect Mill", "Trader": "Pelita Agung Agrindustri - KID" }, "geometry": { "type": "Point", "coordinates": [ 100.44456, 1.84464 ] } },
{ "type": "Feature", "properties": { "PHG ID": "PG-188", "Supplier N": "Permata Hijau Indonesia", "Mill Name": "Balam", "Group": "Permata Group", "Latitude": 1.6955, "Longitude": 100.68383, "UML ID": "PO1000010028", "Commodity": "CPO", "Supplier": "Pelita Agung Agrindustri - Dumai", "Status": "Indirect Mill", "Trader": "Pelita Agung Agrindustri - KID" }, "geometry": { "type": "Point", "coordinates": [ 100.68383, 1.6955 ] } },
{ "type": "Feature", "properties": { "PHG ID": "PG-081", "Supplier N": "Giga Putra Perkasa", "Mill Name": "Giga Putra Perkasa", "Group": "Giga Putra Perkasa", "Latitude": 0.421, "Longitude": 100.814, "UML ID": "PO1000010039", "Commodity": "CPO", "Supplier": "Pelita Agung Agrindustri - Dumai", "Status": "Indirect Mill", "Trader": "Pelita Agung Agrindustri - KID" }, "geometry": { "type": "Point", "coordinates": [ 100.814, 0.421 ] } },
{ "type": "Feature", "properties": { "PHG ID": "PG-070", "Supplier N": "Karya Cipta Nirvana", "Mill Name": "Karya Cipta Nirvana", "Group": "Karya Cipta Nirvana", "Latitude": 0.666862, "Longitude": 100.508528, "UML ID": "PO1000010051", "Commodity": "CPO", "Supplier": "Pelita Agung Agrindustri - Dumai", "Status": "Indirect Mill", "Trader": "Pelita Agung Agrindustri - KID" }, "geometry": { "type": "Point", "coordinates": [ 100.508528, 0.666862 ] } },
{ "type": "Feature", "properties": { "PHG ID": "PG-279", "Supplier N": "Karya Agung Sawita", "Mill Name": "Papaso", "Group": "Sumber Tani Agung", "Latitude": 0.895772, "Longitude": 100.111483, "UML ID": "PO1000010065", "Commodity": "CPO", "Supplier": "Pelita Agung Agrindustri - Dumai", "Status": "Indirect Mill", "Trader": "Pelita Agung Agrindustri - KID" }, "geometry": { "type": "Point", "coordinates": [ 100.111483, 0.895772 ] } },
{ "type": "Feature", "properties": { "PHG ID": "PG-270", "Supplier N": "Sinar Utama Nabati", "Mill Name": "Sinar Utama Nabati", "Group": "Sinar Utama Nabati", "Latitude": -0.392, "Longitude": 101.41701, "UML ID": "PO1000010074", "Commodity": "CPO", "Supplier": "Pelita Agung Agrindustri - Dumai", "Status": "Indirect Mill", "Trader": "Pelita Agung Agrindustri - KID" }, "geometry": { "type": "Point", "coordinates": [ 101.41701, -0.392 ] } },
{ "type": "Feature", "properties": { "PHG ID": "PG-282", "Supplier N": "Madina Agro Lestari", "Mill Name": "Madina Agro Lestari", "Group": "Sumber Tani Agung", "Latitude": 1.21778, "Longitude": 98.89603, "UML ID": "PO1000011179", "Commodity": "CPO", "Supplier": "Pelita Agung Agrindustri - Dumai", "Status": "Indirect Mill", "Trader": "Pelita Agung Agrindustri - KID" }, "geometry": { "type": "Point", "coordinates": [ 98.89603, 1.21778 ] } },
{ "type": "Feature", "properties": { "PHG ID": "PG-300", "Supplier N": "Tian Tujuhpuluh Utama", "Mill Name": "Tian Tujuhpuluh Utama", "Group": "Tian Tujuhpuluh Utama", "Latitude": 1.684, "Longitude": 100.53361, "UML ID": "PO1000011180", "Commodity": "CPO", "Supplier": "Pelita Agung Agrindustri - Dumai", "Status": "Indirect Mill", "Trader": "Pelita Agung Agrindustri - KID" }, "geometry": { "type": "Point", "coordinates": [ 100.53361, 1.684 ] } },
{ "type": "Feature", "properties": { "PHG ID": "PG-166", "Supplier N": "Mustika Agung Sawit Gemilang", "Mill Name": "Mustika Agung Sawit Gemilang", "Group": "Mustika", "Latitude": -0.52528, "Longitude": 101.99339, "UML ID": "PO1000011182", "Commodity": "CPO", "Supplier": "Pelita Agung Agrindustri - Dumai", "Status": "Indirect Mill", "Trader": "Pelita Agung Agrindustri - KID" }, "geometry": { "type": "Point", "coordinates": [ 101.99339, -0.52528 ] } },
{ "type": "Feature", "properties": { "PHG ID": "PG-185", "Supplier N": "Pelita Agung Agrindustri", "Mill Name": "Duri", "Group": "Permata Group", "Latitude": 1.427931, "Longitude": 101.188599, "UML ID": "PO1000011184", "Commodity": "CPO", "Supplier": "Pelita Agung Agrindustri - Dumai", "Status": "Indirect Mill", "Trader": "Pelita Agung Agrindustri - KID" }, "geometry": { "type": "Point", "coordinates": [ 101.188599, 1.427931 ] } },
{ "type": "Feature", "properties": { "PHG ID": "PG-107", "Supplier N": "Kencana Agro Persada", "Mill Name": "Kencana Agro Persada", "Group": "Genk Agro Mas", "Latitude": 0.60525, "Longitude": 101.24161, "UML ID": "PO1000011194", "Commodity": "CPO", "Supplier": "Pelita Agung Agrindustri - Dumai", "Status": "Indirect Mill", "Trader": "Pelita Agung Agrindustri - KID" }, "geometry": { "type": "Point", "coordinates": [ 101.24161, 0.60525 ] } },
{ "type": "Feature", "properties": { "PHG ID": "PG-133", "Supplier N": "Mahato Inti Sawit", "Mill Name": "Mahato Inti Sawit", "Group": "Mahato Inti Sawit", "Latitude": 1.37356, "Longitude": 100.29867, "UML ID": "PO1000011910", "Commodity": "CPO", "Supplier": "Pelita Agung Agrindustri - Dumai", "Status": "Indirect Mill", "Trader": "Pelita Agung Agrindustri - KID" }, "geometry": { "type": "Point", "coordinates": [ 100.29867, 1.37356 ] } },
{ "type": "Feature", "properties": { "PHG ID": "PG-349", "Supplier N": "Sawit Rupat Sejahtera", "Mill Name": "Sawit Rupat Sejahtera", "Group": "Sawit Rupat Sejahtera", "Latitude": 1.935, "Longitude": 101.733, "UML ID": "PO1000011912", "Commodity": "CPO", "Supplier": "Pelita Agung Agrindustri - Dumai", "Status": "Indirect Mill", "Trader": "Pelita Agung Agrindustri - KID" }, "geometry": { "type": "Point", "coordinates": [ 101.733, 1.935 ] } },
{ "type": "Feature", "properties": { "PHG ID": "PG-307", "Supplier N": "Yuni Bersaudara Sejahtera", "Mill Name": "Yuni Bersaudara Sejahtera", "Group": "Yuni Bersaudara Sejahtera", "Latitude": -0.026494, "Longitude": 101.189985, "UML ID": "PO1000012852", "Commodity": "CPO", "Supplier": "Pelita Agung Agrindustri - Dumai", "Status": "Indirect Mill", "Trader": "Pelita Agung Agrindustri - KID" }, "geometry": { "type": "Point", "coordinates": [ 101.189985, -0.026494 ] } },
{ "type": "Feature", "properties": { "PHG ID": "PG-011", "Supplier N": "Air Kampar", "Mill Name": "Air Kampar", "Group": "Air Kampar", "Latitude": 0.422926, "Longitude": 101.184381, "UML ID": "PO1000014222", "Commodity": "CPO", "Supplier": "Pelita Agung Agrindustri - Dumai", "Status": "Indirect Mill", "Trader": "Pelita Agung Agrindustri - KID" }, "geometry": { "type": "Point", "coordinates": [ 101.184381, 0.422926 ] } },
{ "type": "Feature", "properties": { "PHG ID": "PG-264", "Supplier N": "Sianipar Integritas Agrindo", "Mill Name": "Sianipar Integritas Agrindo", "Group": "Sianipar Integritas Agrindo", "Latitude": 1.5385, "Longitude": 100.43408, "UML ID": "PO1000014624", "Commodity": "CPO", "Supplier": "Pelita Agung Agrindustri - Dumai", "Status": "Indirect Mill", "Trader": "Pelita Agung Agrindustri - KID" }, "geometry": { "type": "Point", "coordinates": [ 100.43408, 1.5385 ] } },
{ "type": "Feature", "properties": { "PHG ID": "PG-330", "Supplier N": "Karya Panen Terus", "Mill Name": "Karya Panen Terus", "Group": "Karya Panen Terus", "Latitude": -0.01252, "Longitude": 102.36114, "UML ID": "PO1000014953", "Commodity": "CPO", "Supplier": "Pelita Agung Agrindustri - Dumai", "Status": "Indirect Mill", "Trader": "Pelita Agung Agrindustri - KID" }, "geometry": { "type": "Point", "coordinates": [ 102.36114, -0.01252 ] } },
{ "type": "Feature", "properties": { "PHG ID": "PG-331", "Supplier N": "Kencana Agro Sejahtera", "Mill Name": "Kencana Agro Sejahtera", "Group": "Genk Agro Mas", "Latitude": 1.37743, "Longitude": 100.32697, "UML ID": "PO1000015291", "Commodity": "CPO", "Supplier": "Pelita Agung Agrindustri - Dumai", "Status": "Indirect Mill", "Trader": "Pelita Agung Agrindustri - KID" }, "geometry": { "type": "Point", "coordinates": [ 100.32697, 1.37743 ] } },
{ "type": "Feature", "properties": { "PHG ID": "PG-336", "Supplier N": "Kampar Alam Mas Inti", "Mill Name": "Kampar Alam Mas Inti", "Group": "Kampar Alam Mas Inti", "Latitude": 0.56648, "Longitude": 101.17312, "UML ID": "PO1000015587", "Commodity": "CPO", "Supplier": "Pelita Agung Agrindustri - Dumai", "Status": "Indirect Mill", "Trader": "Pelita Agung Agrindustri - KID" }, "geometry": { "type": "Point", "coordinates": [ 101.17312, 0.56648 ] } },
{ "type": "Feature", "properties": { "PHG ID": "PG-377", "Supplier N": "Sri Ulina Ersada Karina", "Mill Name": "Sri Ulina Ersada Karina", "Group": "Sri Ulina Ersada Karina", "Latitude": 1.323700062, "Longitude": 101.0693876, "UML ID": "PO1000015874", "Commodity": "CPO", "Supplier": "Pelita Agung Agrindustri - Dumai", "Status": "Indirect Mill", "Trader": "Pelita Agung Agrindustri - KID" }, "geometry": { "type": "Point", "coordinates": [ 101.0693876, 1.323700062 ] } },
{ "type": "Feature", "properties": { "PHG ID": "PG-359", "Supplier N": "Makmur Palma Lestari", "Mill Name": "Makmur Palma Lestari", "Group": "Makmur Palma Lestari", "Latitude": 0.675, "Longitude": 100.857, "UML ID": "PO1000016381", "Commodity": "CPO", "Supplier": "Pelita Agung Agrindustri - Dumai", "Status": "Indirect Mill", "Trader": "Pelita Agung Agrindustri - KID" }, "geometry": { "type": "Point", "coordinates": [ 100.857, 0.675 ] } },
{ "type": "Feature", "properties": { "PHG ID": "PG-361", "Supplier N": "Sahabat Sawit Rokan Sejahtera", "Mill Name": "Sahabat Sawit Rokan Sejahtera", "Group": "Sahabat Sawit Rokan Sejahtera", "Latitude": 1.36866, "Longitude": 100.51962, "UML ID": "PO1000016964", "Commodity": "CPO", "Supplier": "Pelita Agung Agrindustri - Dumai", "Status": "Indirect Mill", "Trader": "Pelita Agung Agrindustri - KID" }, "geometry": { "type": "Point", "coordinates": [ 100.51962, 1.36866 ] } },
{ "type": "Feature", "properties": { "PHG ID": "PG-363", "Supplier N": "Ujung Tanjung Sejahtera", "Mill Name": "Ujung Tanjung Sejahtera", "Group": "Ujung Tanjung Sejahtera", "Latitude": 1.624, "Longitude": 101.05, "UML ID": "PO1000018000", "Commodity": "CPO", "Supplier": "Pelita Agung Agrindustri - Dumai", "Status": "Indirect Mill", "Trader": "Pelita Agung Agrindustri - KID" }, "geometry": { "type": "Point", "coordinates": [ 101.05, 1.624 ] } },
{ "type": "Feature", "properties": { "PHG ID": "PG-372", "Supplier N": "Taro Rakaya Tasyra", "Mill Name": "Taro Rakaya Tasyra", "Group": "Taro Rakaya Tasyra", "Latitude": 0.42151, "Longitude": 101.6854, "UML ID": "PO1000018003", "Commodity": "CPO", "Supplier": "Pelita Agung Agrindustri - Dumai", "Status": "Indirect Mill", "Trader": "Pelita Agung Agrindustri - KID" }, "geometry": { "type": "Point", "coordinates": [ 101.6854, 0.42151 ] } },
{ "type": "Feature", "properties": { "PHG ID": "PG-376", "Supplier N": "Bukit Kuansing Permai", "Mill Name": "Bukit Kuansing Permai", "Group": "Bukit Kuansing Permai", "Latitude": -0.724772, "Longitude": 101.510779, "UML ID": "-", "Commodity": "CPO", "Supplier": "Pelita Agung Agrindustri - Duri", "Status": "Direct Mill", "Trader": null }, "geometry": { "type": "Point", "coordinates": [ 101.510779, -0.724772 ] } },
{ "type": "Feature", "properties": { "PHG ID": "PG-369", "Supplier N": "Rambah Sawit Mandiri", "Mill Name": "Rambah Sawit Mandiri", "Group": "Rambah Sawit Mandiri", "Latitude": 0.818173, "Longitude": 100.435301, "UML ID": "-", "Commodity": "CPO", "Supplier": "Pelita Agung Agrindustri - Duri", "Status": "Direct Mill", "Trader": null }, "geometry": { "type": "Point", "coordinates": [ 100.435301, 0.818173 ] } },
{ "type": "Feature", "properties": { "PHG ID": "PG-270", "Supplier N": "Sinar Utama Nabati", "Mill Name": "Sinar Utama Nabati", "Group": "Sinar Utama Nabati", "Latitude": -0.392, "Longitude": 101.41701, "UML ID": "PO1000010074", "Commodity": "CPO", "Supplier": "Pelita Agung Agrindustri - Duri", "Status": "Direct Mill", "Trader": null }, "geometry": { "type": "Point", "coordinates": [ 101.41701, -0.392 ] } },
{ "type": "Feature", "properties": { "PHG ID": "PG-019", "Supplier N": "Anugerah Agro Sawit Perkasa", "Mill Name": "Anugerah Agro Sawit Perkasa", "Group": "Anugerah Agro Sawit Perkasa", "Latitude": 1.84464, "Longitude": 100.44456, "UML ID": "PO1000008585", "Commodity": "CPO", "Supplier": "Pelita Agung Agrindustri - Duri", "Status": "Indirect Mill", "Trader": "Permata Hijau Indonesia" }, "geometry": { "type": "Point", "coordinates": [ 100.44456, 1.84464 ] } },
{ "type": "Feature", "properties": { "PHG ID": "PG-253", "Supplier N": "Sawit Riau Makmur", "Mill Name": "Sawit Riau Makmur", "Group": "Sawit Riau Makmur", "Latitude": 1.534374, "Longitude": 100.992972, "UML ID": "PO1000004263", "Commodity": "CPO", "Supplier": "Pelita Agung Agrindustri - Duri", "Status": "Indirect Mill", "Trader": "Permata Hijau Indonesia" }, "geometry": { "type": "Point", "coordinates": [ 100.992972, 1.534374 ] } },
{ "type": "Feature", "properties": { "PHG ID": "PG-001", "Supplier N": "Abdi Budi Mulia", "Mill Name": "PMKS 1", "Group": "Abdi Budi Mulia", "Latitude": 2.05261, "Longitude": 100.25326, "UML ID": "PO1000004269", "Commodity": "CPO", "Supplier": "Pelita Agung Agrindustri - Duri", "Status": "Indirect Mill", "Trader": "Pelita Agung Agrindustri - Dumai" }, "geometry": { "type": "Point", "coordinates": [ 100.25326, 2.05261 ] } },
{ "type": "Feature", "properties": { "PHG ID": "PG-004", "Supplier N": "Adimulia Palmo Lestari", "Mill Name": "Adimulia Palmo Lestari", "Group": "Adimulia", "Latitude": -1.70526, "Longitude": 102.7823, "UML ID": "PO1000010257", "Commodity": "CPO", "Supplier": "Pelita Agung Agrindustri - Duri", "Status": "Indirect Mill", "Trader": "Pelita Agung Agrindustri - Dumai" }, "geometry": { "type": "Point", "coordinates": [ 102.7823, -1.70526 ] } },
{ "type": "Feature", "properties": { "PHG ID": "PG-011", "Supplier N": "Air Kampar", "Mill Name": "Air Kampar", "Group": "Air Kampar", "Latitude": 0.422926, "Longitude": 101.184381, "UML ID": "PO1000014222", "Commodity": "CPO", "Supplier": "Pelita Agung Agrindustri - Duri", "Status": "Indirect Mill", "Trader": "Pelita Agung Agrindustri - Dumai" }, "geometry": { "type": "Point", "coordinates": [ 101.184381, 0.422926 ] } },
{ "type": "Feature", "properties": { "PHG ID": "PG-019", "Supplier N": "Anugerah Agro Sawit Perkasa", "Mill Name": "Anugerah Agro Sawit Perkasa", "Group": "Anugerah Agro Sawit Perkasa", "Latitude": 1.84464, "Longitude": 100.44456, "UML ID": "PO1000008585", "Commodity": "CPO", "Supplier": "Pelita Agung Agrindustri - Duri", "Status": "Indirect Mill", "Trader": "Pelita Agung Agrindustri - Dumai" }, "geometry": { "type": "Point", "coordinates": [ 100.44456, 1.84464 ] } },
{ "type": "Feature", "properties": { "PHG ID": "PG-020", "Supplier N": "Anugerah Tani Makmur", "Mill Name": "Anugerah Tani Makmur", "Group": "Anugerah Tani Makmur", "Latitude": 0.536, "Longitude": 101.602, "UML ID": "PO1000007457", "Commodity": "CPO", "Supplier": "Pelita Agung Agrindustri - Duri", "Status": "Indirect Mill", "Trader": "Pelita Agung Agrindustri - Dumai" }, "geometry": { "type": "Point", "coordinates": [ 101.602, 0.536 ] } },
{ "type": "Feature", "properties": { "PHG ID": "PG-027", "Supplier N": "Sari Aditya Loka", "Mill Name": "Sari Aditya Loka 1", "Group": "Astra Agro Lestari Tbk", "Latitude": -1.95914, "Longitude": 102.37047, "UML ID": "PO1000004505", "Commodity": "CPO", "Supplier": "Pelita Agung Agrindustri - Duri", "Status": "Indirect Mill", "Trader": "Pelita Agung Agrindustri - Dumai" }, "geometry": { "type": "Point", "coordinates": [ 102.37047, -1.95914 ] } },
{ "type": "Feature", "properties": { "PHG ID": "PG-028", "Supplier N": "Sari Aditya Loka", "Mill Name": "Sari Aditya Loka 2", "Group": "Astra Agro Lestari Tbk", "Latitude": -1.651, "Longitude": 102.308, "UML ID": "PO1000008403", "Commodity": "CPO", "Supplier": "Pelita Agung Agrindustri - Duri", "Status": "Indirect Mill", "Trader": "Pelita Agung Agrindustri - Dumai" }, "geometry": { "type": "Point", "coordinates": [ 102.308, -1.651 ] } },
{ "type": "Feature", "properties": { "PHG ID": "PG-029", "Supplier N": "Sawit Asahan Indah", "Mill Name": "Sawit Asahan Indah", "Group": "Astra Agro Lestari Tbk", "Latitude": 0.76161, "Longitude": 100.51889, "UML ID": "PO1000004417", "Commodity": "CPO", "Supplier": "Pelita Agung Agrindustri - Duri", "Status": "Indirect Mill", "Trader": "Pelita Agung Agrindustri - Dumai" }, "geometry": { "type": "Point", "coordinates": [ 100.51889, 0.76161 ] } },
{ "type": "Feature", "properties": { "PHG ID": "PG-030", "Supplier N": "Eka Dura Indonesia", "Mill Name": "Eka Dura Indonesia", "Group": "Astra Agro Lestari Tbk", "Latitude": 0.88428, "Longitude": 100.61372, "UML ID": "PO1000004422", "Commodity": "CPO", "Supplier": "Pelita Agung Agrindustri - Duri", "Status": "Indirect Mill", "Trader": "Pelita Agung Agrindustri - Dumai" }, "geometry": { "type": "Point", "coordinates": [ 100.61372, 0.88428 ] } },
{ "type": "Feature", "properties": { "PHG ID": "PG-034", "Supplier N": "Kimia Tirta Utama", "Mill Name": "Kimia Tirta Utama", "Group": "Astra Agro Lestari Tbk", "Latitude": 0.67619, "Longitude": 101.72675, "UML ID": "PO1000004408", "Commodity": "CPO", "Supplier": "Pelita Agung Agrindustri - Duri", "Status": "Indirect Mill", "Trader": "Pelita Agung Agrindustri - Dumai" }, "geometry": { "type": "Point", "coordinates": [ 101.72675, 0.67619 ] } },
{ "type": "Feature", "properties": { "PHG ID": "PG-036", "Supplier N": "Sari Lembah Subur", "Mill Name": "Sari Lembah Subur 1", "Group": "Astra Agro Lestari Tbk", "Latitude": -0.05083, "Longitude": 102.25281, "UML ID": "PO1000004935", "Commodity": "CPO", "Supplier": "Pelita Agung Agrindustri - Duri", "Status": "Indirect Mill", "Trader": "Pelita Agung Agrindustri - Dumai" }, "geometry": { "type": "Point", "coordinates": [ 102.25281, -0.05083 ] } },
{ "type": "Feature", "properties": { "PHG ID": "PG-037", "Supplier N": "Sari Lembah Subur", "Mill Name": "Sari Lembah Subur 2", "Group": "Astra Agro Lestari Tbk", "Latitude": -0.00181, "Longitude": 102.19642, "UML ID": "PO1000007596", "Commodity": "CPO", "Supplier": "Pelita Agung Agrindustri - Duri", "Status": "Indirect Mill", "Trader": "Pelita Agung Agrindustri - Dumai" }, "geometry": { "type": "Point", "coordinates": [ 102.19642, -0.00181 ] } },
{ "type": "Feature", "properties": { "PHG ID": "PG-038", "Supplier N": "Tunggal Perkasa Plantation", "Mill Name": "Tunggal Perkasa Plantation", "Group": "Astra Agro Lestari Tbk", "Latitude": -0.30264, "Longitude": 102.27317, "UML ID": "PO1000004372", "Commodity": "CPO", "Supplier": "Pelita Agung Agrindustri - Duri", "Status": "Indirect Mill", "Trader": "Pelita Agung Agrindustri - Dumai" }, "geometry": { "type": "Point", "coordinates": [ 102.27317, -0.30264 ] } },
{ "type": "Feature", "properties": { "PHG ID": "PG-054", "Supplier N": "Rohul Sawit Industri", "Mill Name": "Sukadamai", "Group": "Bumitama Agri Ltd", "Latitude": 0.680564, "Longitude": 100.526172, "UML ID": "PO1000004410", "Commodity": "CPO", "Supplier": "Pelita Agung Agrindustri - Duri", "Status": "Indirect Mill", "Trader": "Pelita Agung Agrindustri - Dumai" }, "geometry": { "type": "Point", "coordinates": [ 100.526172, 0.680564 ] } },
{ "type": "Feature", "properties": { "PHG ID": "PG-056", "Supplier N": "Bungo Suko Menanti", "Mill Name": "Bungo Suko Menanti", "Group": "Bungo Suko Menanti", "Latitude": -1.30817, "Longitude": 101.76408, "UML ID": "PO1000009558", "Commodity": "CPO", "Supplier": "Pelita Agung Agrindustri - Duri", "Status": "Indirect Mill", "Trader": "Pelita Agung Agrindustri - Dumai" }, "geometry": { "type": "Point", "coordinates": [ 101.76408, -1.30817 ] } },
{ "type": "Feature", "properties": { "PHG ID": "PG-069", "Supplier N": "Era Sawita", "Mill Name": "Era Sawita", "Group": "Era Sawita", "Latitude": 1.08, "Longitude": 100.49167, "UML ID": "PO1000004245", "Commodity": "CPO", "Supplier": "Pelita Agung Agrindustri - Duri", "Status": "Indirect Mill", "Trader": "Pelita Agung Agrindustri - Dumai" }, "geometry": { "type": "Point", "coordinates": [ 100.49167, 1.08 ] } },
{ "type": "Feature", "properties": { "PHG ID": "PG-070", "Supplier N": "Karya Cipta Nirvana", "Mill Name": "Karya Cipta Nirvana", "Group": "Karya Cipta Nirvana", "Latitude": 0.666862, "Longitude": 100.508528, "UML ID": "PO1000010051", "Commodity": "CPO", "Supplier": "Pelita Agung Agrindustri - Duri", "Status": "Indirect Mill", "Trader": "Pelita Agung Agrindustri - Dumai" }, "geometry": { "type": "Point", "coordinates": [ 100.508528, 0.666862 ] } },
{ "type": "Feature", "properties": { "PHG ID": "PG-072", "Supplier N": "Flora Wahana Tirta", "Mill Name": "Flora Wahana Tirta", "Group": "Flora Wahana Tirta", "Latitude": 0.135596, "Longitude": 101.266403, "UML ID": "PO1000004154", "Commodity": "CPO", "Supplier": "Pelita Agung Agrindustri - Duri", "Status": "Indirect Mill", "Trader": "Pelita Agung Agrindustri - Dumai" }, "geometry": { "type": "Point", "coordinates": [ 101.266403, 0.135596 ] } },
{ "type": "Feature", "properties": { "PHG ID": "PG-080", "Supplier N": "Giga Putra Nusantara", "Mill Name": "Giga Putra Nusantara", "Group": "Giga Putra Nusantara", "Latitude": 1.30817, "Longitude": 99.76825, "UML ID": "PO1000008570", "Commodity": "CPO", "Supplier": "Pelita Agung Agrindustri - Duri", "Status": "Indirect Mill", "Trader": "Pelita Agung Agrindustri - Dumai" }, "geometry": { "type": "Point", "coordinates": [ 99.76825, 1.30817 ] } },
{ "type": "Feature", "properties": { "PHG ID": "PG-081", "Supplier N": "Giga Putra Perkasa", "Mill Name": "Giga Putra Perkasa", "Group": "Giga Putra Perkasa", "Latitude": 0.421, "Longitude": 100.814, "UML ID": "PO1000010039", "Commodity": "CPO", "Supplier": "Pelita Agung Agrindustri - Duri", "Status": "Indirect Mill", "Trader": "Pelita Agung Agrindustri - Dumai" }, "geometry": { "type": "Point", "coordinates": [ 100.814, 0.421 ] } },
{ "type": "Feature", "properties": { "PHG ID": "PG-084", "Supplier N": "Pujud Karya Sawit", "Mill Name": "Pujud Karya Sawit", "Group": "Graha", "Latitude": 1.37486, "Longitude": 100.52783, "UML ID": "PO1000004456", "Commodity": "CPO", "Supplier": "Pelita Agung Agrindustri - Duri", "Status": "Indirect Mill", "Trader": "Pelita Agung Agrindustri - Dumai" }, "geometry": { "type": "Point", "coordinates": [ 100.52783, 1.37486 ] } },
{ "type": "Feature", "properties": { "PHG ID": "PG-086", "Supplier N": "Guna Agung Semesta", "Mill Name": "Guna Agung Semesta", "Group": "Guna Agung Semesta", "Latitude": 0.988, "Longitude": 101.243, "UML ID": "PO1000006328", "Commodity": "CPO", "Supplier": "Pelita Agung Agrindustri - Duri", "Status": "Indirect Mill", "Trader": "Pelita Agung Agrindustri - Dumai" }, "geometry": { "type": "Point", "coordinates": [ 101.243, 0.988 ] } },
{ "type": "Feature", "properties": { "PHG ID": "PG-087", "Supplier N": "Guna Setia Pratama", "Mill Name": "Guna Setia Pratama", "Group": "Guna Setia Pratama", "Latitude": 0.428, "Longitude": 101.597, "UML ID": "PO1000008224", "Commodity": "CPO", "Supplier": "Pelita Agung Agrindustri - Duri", "Status": "Indirect Mill", "Trader": "Pelita Agung Agrindustri - Dumai" }, "geometry": { "type": "Point", "coordinates": [ 101.597, 0.428 ] } },
{ "type": "Feature", "properties": { "PHG ID": "PG-093", "Supplier N": "Hutahaean", "Mill Name": "Goragahana", "Group": "Hutahaean", "Latitude": 1.179571, "Longitude": 100.2695, "UML ID": "PO1000004443", "Commodity": "CPO", "Supplier": "Pelita Agung Agrindustri - Duri", "Status": "Indirect Mill", "Trader": "Pelita Agung Agrindustri - Dumai" }, "geometry": { "type": "Point", "coordinates": [ 100.2695, 1.179571 ] } },
{ "type": "Feature", "properties": { "PHG ID": "PG-099", "Supplier N": "Persada Agro Sawita", "Mill Name": "Persada Agro Sawita", "Group": "Persada Agro Sawita", "Latitude": -0.408655, "Longitude": 102.358981, "UML ID": "PO1000006176", "Commodity": "CPO", "Supplier": "Pelita Agung Agrindustri - Duri", "Status": "Indirect Mill", "Trader": "Pelita Agung Agrindustri - Dumai" }, "geometry": { "type": "Point", "coordinates": [ 102.358981, -0.408655 ] } },
{ "type": "Feature", "properties": { "PHG ID": "PG-105", "Supplier N": "Kedaton Mulia Primas", "Mill Name": "Kedaton Mulia Primas", "Group": "Palma Group (Not Official Yet)", "Latitude": -1.90717, "Longitude": 103.01361, "UML ID": "PO1000008345", "Commodity": "CPO", "Supplier": "Pelita Agung Agrindustri - Duri", "Status": "Indirect Mill", "Trader": "Pelita Agung Agrindustri - Dumai" }, "geometry": { "type": "Point", "coordinates": [ 103.01361, -1.90717 ] } },
{ "type": "Feature", "properties": { "PHG ID": "PG-106", "Supplier N": "Arya Rama Prakarsa", "Mill Name": "Arya Rama Prakarsa", "Group": "Genk Agro Mas", "Latitude": 1.22097, "Longitude": 100.38383, "UML ID": "PO1000008279", "Commodity": "CPO", "Supplier": "Pelita Agung Agrindustri - Duri", "Status": "Indirect Mill", "Trader": "Pelita Agung Agrindustri - Dumai" }, "geometry": { "type": "Point", "coordinates": [ 100.38383, 1.22097 ] } },
{ "type": "Feature", "properties": { "PHG ID": "PG-107", "Supplier N": "Kencana Agro Persada", "Mill Name": "Kencana Agro Persada", "Group": "Genk Agro Mas", "Latitude": 0.60525, "Longitude": 101.24161, "UML ID": "PO1000011194", "Commodity": "CPO", "Supplier": "Pelita Agung Agrindustri - Duri", "Status": "Indirect Mill", "Trader": "Pelita Agung Agrindustri - Dumai" }, "geometry": { "type": "Point", "coordinates": [ 101.24161, 0.60525 ] } },
{ "type": "Feature", "properties": { "PHG ID": "PG-111", "Supplier N": "Kencana Persada Nusantara", "Mill Name": "Kencana Persada Nusantara", "Group": "Genk Agro Mas", "Latitude": 1.175, "Longitude": 100.233, "UML ID": "PO1000004442", "Commodity": "CPO", "Supplier": "Pelita Agung Agrindustri - Duri", "Status": "Indirect Mill", "Trader": "Pelita Agung Agrindustri - Dumai" }, "geometry": { "type": "Point", "coordinates": [ 100.233, 1.175 ] } },
{ "type": "Feature", "properties": { "PHG ID": "PG-112", "Supplier N": "Kencana Utama Sejati", "Mill Name": "Kencana Utama Sejati", "Group": "Genk Agro Mas", "Latitude": 1.06897, "Longitude": 100.11719, "UML ID": "PO1000007569", "Commodity": "CPO", "Supplier": "Pelita Agung Agrindustri - Duri", "Status": "Indirect Mill", "Trader": "Pelita Agung Agrindustri - Dumai" }, "geometry": { "type": "Point", "coordinates": [ 100.11719, 1.06897 ] } },
{ "type": "Feature", "properties": { "PHG ID": "PG-121", "Supplier N": "Kurnia Batang Hari Berjaya", "Mill Name": "Kurnia Batang Hari Berjaya", "Group": "Kurnia Batang Hari Berjaya", "Latitude": -1.78872, "Longitude": 103.07972, "UML ID": "PO1000009559", "Commodity": "CPO", "Supplier": "Pelita Agung Agrindustri - Duri", "Status": "Indirect Mill", "Trader": "Pelita Agung Agrindustri - Dumai" }, "geometry": { "type": "Point", "coordinates": [ 103.07972, -1.78872 ] } },
{ "type": "Feature", "properties": { "PHG ID": "PG-122", "Supplier N": "Kurnia Palma Agung Lestari", "Mill Name": "Kurnia Palma Agung Lestari", "Group": "Kurnia Palma Agung Lestari", "Latitude": -1.791, "Longitude": 102.25808, "UML ID": "PO1000013888", "Commodity": "CPO", "Supplier": "Pelita Agung Agrindustri - Duri", "Status": "Indirect Mill", "Trader": "Pelita Agung Agrindustri - Dumai" }, "geometry": { "type": "Point", "coordinates": [ 102.25808, -1.791 ] } },
{ "type": "Feature", "properties": { "PHG ID": "PG-123", "Supplier N": "Langgak Inti Lestari", "Mill Name": "Langgak Inti Lestari", "Group": "Langgak Inti Lestari", "Latitude": 0.63608, "Longitude": 100.59139, "UML ID": "PO1000007567", "Commodity": "CPO", "Supplier": "Pelita Agung Agrindustri - Duri", "Status": "Indirect Mill", "Trader": "Pelita Agung Agrindustri - Dumai" }, "geometry": { "type": "Point", "coordinates": [ 100.59139, 0.63608 ] } },
{ "type": "Feature", "properties": { "PHG ID": "PG-127", "Supplier N": "Libo Sawit Perkasa", "Mill Name": "Libo Sawit Perkasa", "Group": "Libo Sawit Perkasa", "Latitude": 0.95606, "Longitude": 101.14094, "UML ID": "PO1000004239", "Commodity": "CPO", "Supplier": "Pelita Agung Agrindustri - Duri", "Status": "Indirect Mill", "Trader": "Pelita Agung Agrindustri - Dumai" }, "geometry": { "type": "Point", "coordinates": [ 101.14094, 0.95606 ] } },
{ "type": "Feature", "properties": { "PHG ID": "PG-128", "Supplier N": "Lingga Tiga Sawit", "Mill Name": "Lingga Tiga Sawit", "Group": "Nagamas Group", "Latitude": 2.01431, "Longitude": 99.87911, "UML ID": "PO1000008152", "Commodity": "CPO", "Supplier": "Pelita Agung Agrindustri - Duri", "Status": "Indirect Mill", "Trader": "Pelita Agung Agrindustri - Dumai" }, "geometry": { "type": "Point", "coordinates": [ 99.87911, 2.01431 ] } },
{ "type": "Feature", "properties": { "PHG ID": "PG-129", "Supplier N": "Nagamas Agro Mulia", "Mill Name": "Tanjung Medan", "Group": "Nagamas Group", "Latitude": 1.302344, "Longitude": 100.396834, "UML ID": "PO1000004449", "Commodity": "CPO", "Supplier": "Pelita Agung Agrindustri - Duri", "Status": "Indirect Mill", "Trader": "Pelita Agung Agrindustri - Dumai" }, "geometry": { "type": "Point", "coordinates": [ 100.396834, 1.302344 ] } },
{ "type": "Feature", "properties": { "PHG ID": "PG-130", "Supplier N": "Sumber Sawit Nusantara", "Mill Name": "Sumber Sawit Nusantara", "Group": "Nagamas Group", "Latitude": 1.54961, "Longitude": 99.95694, "UML ID": "PO1000008291", "Commodity": "CPO", "Supplier": "Pelita Agung Agrindustri - Duri", "Status": "Indirect Mill", "Trader": "Pelita Agung Agrindustri - Dumai" }, "geometry": { "type": "Point", "coordinates": [ 99.95694, 1.54961 ] } },
{ "type": "Feature", "properties": { "PHG ID": "PG-133", "Supplier N": "Mahato Inti Sawit", "Mill Name": "Mahato Inti Sawit", "Group": "Mahato Inti Sawit", "Latitude": 1.37356, "Longitude": 100.29867, "UML ID": "PO1000011910", "Commodity": "CPO", "Supplier": "Pelita Agung Agrindustri - Duri", "Status": "Indirect Mill", "Trader": "Pelita Agung Agrindustri - Dumai" }, "geometry": { "type": "Point", "coordinates": [ 100.29867, 1.37356 ] } },
{ "type": "Feature", "properties": { "PHG ID": "PG-134", "Supplier N": "Maju Indoraya", "Mill Name": "Maju Indoraya", "Group": "Maju Indo Raya", "Latitude": 1.40914, "Longitude": 98.85764, "UML ID": "PO1000004461", "Commodity": "CPO", "Supplier": "Pelita Agung Agrindustri - Duri", "Status": "Indirect Mill", "Trader": "Pelita Agung Agrindustri - Dumai" }, "geometry": { "type": "Point", "coordinates": [ 98.85764, 1.40914 ] } },
{ "type": "Feature", "properties": { "PHG ID": "PG-136", "Supplier N": "Makmur Andalan Sawit", "Mill Name": "Makmur Andalan Sawit", "Group": "Makmur Andalan Sawit", "Latitude": 0.067078, "Longitude": 102.124408, "UML ID": "PO1000004345", "Commodity": "CPO", "Supplier": "Pelita Agung Agrindustri - Duri", "Status": "Indirect Mill", "Trader": "Pelita Agung Agrindustri - Dumai" }, "geometry": { "type": "Point", "coordinates": [ 102.124408, 0.067078 ] } },
{ "type": "Feature", "properties": { "PHG ID": "PG-137", "Supplier N": "Mazuma Agro Indonesia", "Mill Name": "Mazuma Agro Indonesia", "Group": "Mazuma", "Latitude": 1.12867, "Longitude": 100.1545, "UML ID": "PO1000004438", "Commodity": "CPO", "Supplier": "Pelita Agung Agrindustri - Duri", "Status": "Indirect Mill", "Trader": "Pelita Agung Agrindustri - Dumai" }, "geometry": { "type": "Point", "coordinates": [ 100.1545, 1.12867 ] } },
{ "type": "Feature", "properties": { "PHG ID": "PG-140", "Supplier N": "Merlung Inti Lestari", "Mill Name": "Merlung Inti Lestari", "Group": "Merlung Inti Lestari", "Latitude": -1.32864, "Longitude": 103.27372, "UML ID": "PO1000011556", "Commodity": "CPO", "Supplier": "Pelita Agung Agrindustri - Duri", "Status": "Indirect Mill", "Trader": "Pelita Agung Agrindustri - Dumai" }, "geometry": { "type": "Point", "coordinates": [ 103.27372, -1.32864 ] } },
{ "type": "Feature", "properties": { "PHG ID": "PG-142", "Supplier N": "Aneka Inti Persada", "Mill Name": "Teluk Siak", "Group": "Minamas", "Latitude": 0.59139, "Longitude": 101.65889, "UML ID": "PO1000000317", "Commodity": "CPO", "Supplier": "Pelita Agung Agrindustri - Duri", "Status": "Indirect Mill", "Trader": "Pelita Agung Agrindustri - Dumai" }, "geometry": { "type": "Point", "coordinates": [ 101.65889, 0.59139 ] } },
{ "type": "Feature", "properties": { "PHG ID": "PG-145", "Supplier N": "Lahan Tani Sakti", "Mill Name": "Alur Dumai", "Group": "Minamas", "Latitude": 1.56064, "Longitude": 100.54206, "UML ID": "PO1000000326", "Commodity": "CPO", "Supplier": "Pelita Agung Agrindustri - Duri", "Status": "Indirect Mill", "Trader": "Pelita Agung Agrindustri - Dumai" }, "geometry": { "type": "Point", "coordinates": [ 100.54206, 1.56064 ] } },
{ "type": "Feature", "properties": { "PHG ID": "PG-148", "Supplier N": "Tunggal Mitra Plantations", "Mill Name": "Manggala", "Group": "Minamas", "Latitude": 1.521, "Longitude": 100.732, "UML ID": "PO1000000330", "Commodity": "CPO", "Supplier": "Pelita Agung Agrindustri - Duri", "Status": "Indirect Mill", "Trader": "Pelita Agung Agrindustri - Dumai" }, "geometry": { "type": "Point", "coordinates": [ 100.732, 1.521 ] } },
{ "type": "Feature", "properties": { "PHG ID": "PG-149", "Supplier N": "Mitra Agrolika Sejahtera", "Mill Name": "Mitra Agrolika Sejahtera", "Group": "Mitra Agrolika Sejahtera", "Latitude": -1.96278, "Longitude": 103.61547, "UML ID": "PO1000004323", "Commodity": "CPO", "Supplier": "Pelita Agung Agrindustri - Duri", "Status": "Indirect Mill", "Trader": "Pelita Agung Agrindustri - Dumai" }, "geometry": { "type": "Point", "coordinates": [ 103.61547, -1.96278 ] } },
{ "type": "Feature", "properties": { "PHG ID": "PG-156", "Supplier N": "Muara Jambi Sawit Lestari", "Mill Name": "Muara Jambi Sawit Lestari", "Group": "Muara Jambi Sawit Lestari", "Latitude": -1.256, "Longitude": 103.70772, "UML ID": "PO1000008221", "Commodity": "CPO", "Supplier": "Pelita Agung Agrindustri - Duri", "Status": "Indirect Mill", "Trader": "Pelita Agung Agrindustri - Dumai" }, "geometry": { "type": "Point", "coordinates": [ 103.70772, -1.256 ] } },
{ "type": "Feature", "properties": { "PHG ID": "PG-162", "Supplier N": "Multi Palma Sejahtera", "Mill Name": "Multi Palma Sejahtera", "Group": "Multi Palma Sejahtera", "Latitude": 0.414751, "Longitude": 101.667147, "UML ID": "PO1000004172", "Commodity": "CPO", "Supplier": "Pelita Agung Agrindustri - Duri", "Status": "Indirect Mill", "Trader": "Pelita Agung Agrindustri - Dumai" }, "geometry": { "type": "Point", "coordinates": [ 101.667147, 0.414751 ] } },
{ "type": "Feature", "properties": { "PHG ID": "PG-165", "Supplier N": "Mustika Agung Sarana Sejahtera", "Mill Name": "Mustika Agung Sarana Sejahtera", "Group": "Mustika", "Latitude": 1.74944, "Longitude": 100.93017, "UML ID": "PO1000007661", "Commodity": "CPO", "Supplier": "Pelita Agung Agrindustri - Duri", "Status": "Indirect Mill", "Trader": "Pelita Agung Agrindustri - Dumai" }, "geometry": { "type": "Point", "coordinates": [ 100.93017, 1.74944 ] } },
{ "type": "Feature", "properties": { "PHG ID": "PG-166", "Supplier N": "Mustika Agung Sawit Gemilang", "Mill Name": "Mustika Agung Sawit Gemilang", "Group": "Mustika", "Latitude": -0.52528, "Longitude": 101.99339, "UML ID": "PO1000011182", "Commodity": "CPO", "Supplier": "Pelita Agung Agrindustri - Duri", "Status": "Indirect Mill", "Trader": "Pelita Agung Agrindustri - Dumai" }, "geometry": { "type": "Point", "coordinates": [ 101.99339, -0.52528 ] } },
{ "type": "Feature", "properties": { "PHG ID": "PG-167", "Supplier N": "Mustika Agung Sawit Sejahtera", "Mill Name": "Mustika Agung Sawit Sejahtera", "Group": "Mustika", "Latitude": 1.224, "Longitude": 101.242, "UML ID": "PO1000004255", "Commodity": "CPO", "Supplier": "Pelita Agung Agrindustri - Duri", "Status": "Indirect Mill", "Trader": "Pelita Agung Agrindustri - Dumai" }, "geometry": { "type": "Point", "coordinates": [ 101.242, 1.224 ] } },
{ "type": "Feature", "properties": { "PHG ID": "PG-169", "Supplier N": "Bukit Palem", "Mill Name": "Bukit Palem", "Group": "Bukit Palem", "Latitude": -2.37356, "Longitude": 110.64367, "UML ID": "PO1000008176", "Commodity": "CPO", "Supplier": "Pelita Agung Agrindustri - Duri", "Status": "Indirect Mill", "Trader": "Pelita Agung Agrindustri - Dumai" }, "geometry": { "type": "Point", "coordinates": [ 110.64367, -2.37356 ] } },
{ "type": "Feature", "properties": { "PHG ID": "PG-170", "Supplier N": "Palma Abadi", "Mill Name": "Palma Abadi", "Group": "Palma Group (Not Official Yet)", "Latitude": -1.321313, "Longitude": 103.266629, "UML ID": "PO1000004452", "Commodity": "CPO", "Supplier": "Pelita Agung Agrindustri - Duri", "Status": "Indirect Mill", "Trader": "Pelita Agung Agrindustri - Dumai" }, "geometry": { "type": "Point", "coordinates": [ 103.266629, -1.321313 ] } },
{ "type": "Feature", "properties": { "PHG ID": "PG-171", "Supplier N": "Palma Gemilang Kencana", "Mill Name": "Palma Gemilang Kencana", "Group": "Palma Gemilang Kencana", "Latitude": -1.299, "Longitude": 103.487, "UML ID": "PO1000010016", "Commodity": "CPO", "Supplier": "Pelita Agung Agrindustri - Duri", "Status": "Indirect Mill", "Trader": "Pelita Agung Agrindustri - Dumai" }, "geometry": { "type": "Point", "coordinates": [ 103.487, -1.299 ] } },
{ "type": "Feature", "properties": { "PHG ID": "PG-172", "Supplier N": "Palma Jaya Sejahtera", "Mill Name": "Palma Jaya Sejahtera", "Group": "Palma Group (Not Official Yet)", "Latitude": -1.87458, "Longitude": 103.56028, "UML ID": "PO1000004498", "Commodity": "CPO", "Supplier": "Pelita Agung Agrindustri - Duri", "Status": "Indirect Mill", "Trader": "Pelita Agung Agrindustri - Dumai" }, "geometry": { "type": "Point", "coordinates": [ 103.56028, -1.87458 ] } },
{ "type": "Feature", "properties": { "PHG ID": "PG-176", "Supplier N": "Kebun Pantai Raja", "Mill Name": "Kebun Pantai Raja", "Group": "Panca Eka", "Latitude": -0.0575, "Longitude": 101.24361, "UML ID": "PO1000004341", "Commodity": "CPO", "Supplier": "Pelita Agung Agrindustri - Duri", "Status": "Indirect Mill", "Trader": "Pelita Agung Agrindustri - Dumai" }, "geometry": { "type": "Point", "coordinates": [ 101.24361, -0.0575 ] } },
{ "type": "Feature", "properties": { "PHG ID": "PG-178", "Supplier N": "Barumun Agro Sentosa", "Mill Name": "Aek Sigalagala", "Group": "Pasifik Agro Sentosa", "Latitude": 1.61947, "Longitude": 100.10383, "UML ID": "PO1000001315", "Commodity": "CPO", "Supplier": "Pelita Agung Agrindustri - Duri", "Status": "Indirect Mill", "Trader": "Pelita Agung Agrindustri - Dumai" }, "geometry": { "type": "Point", "coordinates": [ 100.10383, 1.61947 ] } },
{ "type": "Feature", "properties": { "PHG ID": "PG-179", "Supplier N": "Rimba Mujur Mahkota", "Mill Name": "Sikarakara", "Group": "Pasifik Agro Sentosa", "Latitude": 0.672017, "Longitude": 99.092167, "UML ID": "PO1000001960", "Commodity": "CPO", "Supplier": "Pelita Agung Agrindustri - Duri", "Status": "Indirect Mill", "Trader": "Pelita Agung Agrindustri - Dumai" }, "geometry": { "type": "Point", "coordinates": [ 99.092167, 0.672017 ] } },
{ "type": "Feature", "properties": { "PHG ID": "PG-180", "Supplier N": "Peputra Masterindo", "Mill Name": "Peputra Masterindo", "Group": "Peputra Masterindo", "Latitude": 0.59, "Longitude": 100.99089, "UML ID": "PO1000004400", "Commodity": "CPO", "Supplier": "Pelita Agung Agrindustri - Duri", "Status": "Indirect Mill", "Trader": "Pelita Agung Agrindustri - Dumai" }, "geometry": { "type": "Point", "coordinates": [ 100.99089, 0.59 ] } },
{ "type": "Feature", "properties": { "PHG ID": "PG-181", "Supplier N": "Peputra Supra Jaya", "Mill Name": "Peputra Supra Jaya", "Group": "Peputra Supra Jaya", "Latitude": 0.15911, "Longitude": 101.78133, "UML ID": "PO1000008421", "Commodity": "CPO", "Supplier": "Pelita Agung Agrindustri - Duri", "Status": "Indirect Mill", "Trader": "Pelita Agung Agrindustri - Dumai" }, "geometry": { "type": "Point", "coordinates": [ 101.78133, 0.15911 ] } },
{ "type": "Feature", "properties": { "PHG ID": "PG-184", "Supplier N": "Nubika Jaya", "Mill Name": "Blok Songo", "Group": "Permata Group", "Latitude": 1.947629, "Longitude": 100.10167, "UML ID": "PO1000006257", "Commodity": "CPO", "Supplier": "Pelita Agung Agrindustri - Duri", "Status": "Indirect Mill", "Trader": "Pelita Agung Agrindustri - Dumai" }, "geometry": { "type": "Point", "coordinates": [ 100.10167, 1.947629 ] } },
{ "type": "Feature", "properties": { "PHG ID": "PG-185", "Supplier N": "Pelita Agung Agrindustri", "Mill Name": "Duri", "Group": "Permata Group", "Latitude": 1.427931, "Longitude": 101.188599, "UML ID": "PO1000011184", "Commodity": "CPO", "Supplier": "Pelita Agung Agrindustri - Duri", "Status": "Indirect Mill", "Trader": "Pelita Agung Agrindustri - Dumai" }, "geometry": { "type": "Point", "coordinates": [ 101.188599, 1.427931 ] } },
{ "type": "Feature", "properties": { "PHG ID": "PG-186", "Supplier N": "Permata Hijau Sawit", "Mill Name": "Mananti", "Group": "Permata Group", "Latitude": 1.06572, "Longitude": 100.07039, "UML ID": "PO1000004244", "Commodity": "CPO", "Supplier": "Pelita Agung Agrindustri - Duri", "Status": "Indirect Mill", "Trader": "Pelita Agung Agrindustri - Dumai" }, "geometry": { "type": "Point", "coordinates": [ 100.07039, 1.06572 ] } },
{ "type": "Feature", "properties": { "PHG ID": "PG-187", "Supplier N": "Permata Hijau Indonesia", "Mill Name": "Hutalombang", "Group": "Permata Group", "Latitude": 1.13935, "Longitude": 99.76689, "UML ID": "PO1000006269", "Commodity": "CPO", "Supplier": "Pelita Agung Agrindustri - Duri", "Status": "Indirect Mill", "Trader": "Pelita Agung Agrindustri - Dumai" }, "geometry": { "type": "Point", "coordinates": [ 99.76689, 1.13935 ] } },
{ "type": "Feature", "properties": { "PHG ID": "PG-188", "Supplier N": "Permata Hijau Indonesia", "Mill Name": "Balam", "Group": "Permata Group", "Latitude": 1.6955, "Longitude": 100.68383, "UML ID": "PO1000010028", "Commodity": "CPO", "Supplier": "Pelita Agung Agrindustri - Duri", "Status": "Indirect Mill", "Trader": "Pelita Agung Agrindustri - Dumai" }, "geometry": { "type": "Point", "coordinates": [ 100.68383, 1.6955 ] } },
{ "type": "Feature", "properties": { "PHG ID": "PG-189", "Supplier N": "Permata Hijau Indonesia", "Mill Name": "Langgam", "Group": "Permata Group", "Latitude": 0.304, "Longitude": 101.905, "UML ID": "PO1000004164", "Commodity": "CPO", "Supplier": "Pelita Agung Agrindustri - Duri", "Status": "Indirect Mill", "Trader": "Pelita Agung Agrindustri - Dumai" }, "geometry": { "type": "Point", "coordinates": [ 101.905, 0.304 ] } },
{ "type": "Feature", "properties": { "PHG ID": "PG-190", "Supplier N": "Persada Alam Jaya", "Mill Name": "Persada Alam Jaya", "Group": "Persada Alam Jaya", "Latitude": -1.044642, "Longitude": 102.888934, "UML ID": "PO1000008618", "Commodity": "CPO", "Supplier": "Pelita Agung Agrindustri - Duri", "Status": "Indirect Mill", "Trader": "Pelita Agung Agrindustri - Dumai" }, "geometry": { "type": "Point", "coordinates": [ 102.888934, -1.044642 ] } },
{ "type": "Feature", "properties": { "PHG ID": "PG-191", "Supplier N": "Petaling Mandraguna", "Mill Name": "Petaling Mandraguna", "Group": "Petaling Mandraguna", "Latitude": -1.44594, "Longitude": 103.62722, "UML ID": "PO1000004465", "Commodity": "CPO", "Supplier": "Pelita Agung Agrindustri - Duri", "Status": "Indirect Mill", "Trader": "Pelita Agung Agrindustri - Dumai" }, "geometry": { "type": "Point", "coordinates": [ 103.62722, -1.44594 ] } },
{ "type": "Feature", "properties": { "PHG ID": "PG-193", "Supplier N": "Karyabadi Samasejati", "Mill Name": "Karyabadi Samasejati", "Group": "Karyabadi Samasejati", "Latitude": 1.47592, "Longitude": 100.59894, "UML ID": "PO1000008287", "Commodity": "CPO", "Supplier": "Pelita Agung Agrindustri - Duri", "Status": "Indirect Mill", "Trader": "Pelita Agung Agrindustri - Dumai" }, "geometry": { "type": "Point", "coordinates": [ 100.59894, 1.47592 ] } },
{ "type": "Feature", "properties": { "PHG ID": "PG-195", "Supplier N": "Riau Kampar Sahabat Sejati", "Mill Name": "Riau Kampar Sahabat Sejati", "Group": "Riau Kampar Sahabat Sejati", "Latitude": 0.659452, "Longitude": 100.897976, "UML ID": "PO1000006152", "Commodity": "CPO", "Supplier": "Pelita Agung Agrindustri - Duri", "Status": "Indirect Mill", "Trader": "Pelita Agung Agrindustri - Dumai" }, "geometry": { "type": "Point", "coordinates": [ 100.897976, 0.659452 ] } },
{ "type": "Feature", "properties": { "PHG ID": "PG-204", "Supplier N": "Perkebunan Nusantara III", "Mill Name": "Aek Nabara", "Group": "PTPN III", "Latitude": 2.0565, "Longitude": 99.95717, "UML ID": "PO1000001564", "Commodity": "CPO", "Supplier": "Pelita Agung Agrindustri - Duri", "Status": "Indirect Mill", "Trader": "Pelita Agung Agrindustri - Dumai" }, "geometry": { "type": "Point", "coordinates": [ 99.95717, 2.0565 ] } },
{ "type": "Feature", "properties": { "PHG ID": "PG-205", "Supplier N": "Perkebunan Nusantara III", "Mill Name": "Aek Raso", "Group": "PTPN III", "Latitude": 1.70347, "Longitude": 100.17333, "UML ID": "PO1000001566", "Commodity": "CPO", "Supplier": "Pelita Agung Agrindustri - Duri", "Status": "Indirect Mill", "Trader": "Pelita Agung Agrindustri - Dumai" }, "geometry": { "type": "Point", "coordinates": [ 100.17333, 1.70347 ] } },
{ "type": "Feature", "properties": { "PHG ID": "PG-207", "Supplier N": "Perkebunan Nusantara III", "Mill Name": "Rambutan", "Group": "PTPN III", "Latitude": 3.35078, "Longitude": 99.16989, "UML ID": "PO1000004342", "Commodity": "CPO", "Supplier": "Pelita Agung Agrindustri - Duri", "Status": "Indirect Mill", "Trader": "Pelita Agung Agrindustri - Dumai" }, "geometry": { "type": "Point", "coordinates": [ 99.16989, 3.35078 ] } },
{ "type": "Feature", "properties": { "PHG ID": "PG-209", "Supplier N": "Perkebunan Nusantara III", "Mill Name": "Sei Daun", "Group": "PTPN III", "Latitude": 1.67953, "Longitude": 100.32783, "UML ID": "PO1000004477", "Commodity": "CPO", "Supplier": "Pelita Agung Agrindustri - Duri", "Status": "Indirect Mill", "Trader": "Pelita Agung Agrindustri - Dumai" }, "geometry": { "type": "Point", "coordinates": [ 100.32783, 1.67953 ] } },
{ "type": "Feature", "properties": { "PHG ID": "PG-210", "Supplier N": "Perkebunan Nusantara III", "Mill Name": "Sei Mangkei", "Group": "PTPN III", "Latitude": 3.12925, "Longitude": 99.34344, "UML ID": "PO1000000879", "Commodity": "CPO", "Supplier": "Pelita Agung Agrindustri - Duri", "Status": "Indirect Mill", "Trader": "Pelita Agung Agrindustri - Dumai" }, "geometry": { "type": "Point", "coordinates": [ 99.34344, 3.12925 ] } },
{ "type": "Feature", "properties": { "PHG ID": "PG-211", "Supplier N": "Perkebunan Nusantara III", "Mill Name": "Sei Meranti", "Group": "PTPN III", "Latitude": 1.64222, "Longitude": 100.41594, "UML ID": "PO1000004927", "Commodity": "CPO", "Supplier": "Pelita Agung Agrindustri - Duri", "Status": "Indirect Mill", "Trader": "Pelita Agung Agrindustri - Dumai" }, "geometry": { "type": "Point", "coordinates": [ 100.41594, 1.64222 ] } },
{ "type": "Feature", "properties": { "PHG ID": "PG-214", "Supplier N": "Perkebunan Nusantara III", "Mill Name": "Torgamba", "Group": "PTPN III", "Latitude": 1.71489, "Longitude": 100.29111, "UML ID": "PO1000004929", "Commodity": "CPO", "Supplier": "Pelita Agung Agrindustri - Duri", "Status": "Indirect Mill", "Trader": "Pelita Agung Agrindustri - Dumai" }, "geometry": { "type": "Point", "coordinates": [ 100.29111, 1.71489 ] } },
{ "type": "Feature", "properties": { "PHG ID": "PG-215", "Supplier N": "Perkebunan Nusantara IV", "Mill Name": "Adolina", "Group": "PTPN IV", "Latitude": 3.568, "Longitude": 98.94781, "UML ID": "PO1000004497", "Commodity": "CPO", "Supplier": "Pelita Agung Agrindustri - Duri", "Status": "Indirect Mill", "Trader": "Pelita Agung Agrindustri - Dumai" }, "geometry": { "type": "Point", "coordinates": [ 98.94781, 3.568 ] } },
{ "type": "Feature", "properties": { "PHG ID": "PG-216", "Supplier N": "Perkebunan Nusantara IV", "Mill Name": "Air Batu", "Group": "PTPN IV", "Latitude": 2.85997, "Longitude": 99.63842, "UML ID": "PO1000004280", "Commodity": "CPO", "Supplier": "Pelita Agung Agrindustri - Duri", "Status": "Indirect Mill", "Trader": "Pelita Agung Agrindustri - Dumai" }, "geometry": { "type": "Point", "coordinates": [ 99.63842, 2.85997 ] } },
{ "type": "Feature", "properties": { "PHG ID": "PG-218", "Supplier N": "Perkebunan Nusantara IV", "Mill Name": "Bah Jambi", "Group": "PTPN IV", "Latitude": 2.98847, "Longitude": 99.22031, "UML ID": "PO1000004181", "Commodity": "CPO", "Supplier": "Pelita Agung Agrindustri - Duri", "Status": "Indirect Mill", "Trader": "Pelita Agung Agrindustri - Dumai" }, "geometry": { "type": "Point", "coordinates": [ 99.22031, 2.98847 ] } },
{ "type": "Feature", "properties": { "PHG ID": "PG-220", "Supplier N": "Perkebunan Nusantara IV", "Mill Name": "Dolok Ilir", "Group": "PTPN IV", "Latitude": 3.12119, "Longitude": 99.16, "UML ID": "PO1000002539", "Commodity": "CPO", "Supplier": "Pelita Agung Agrindustri - Duri", "Status": "Indirect Mill", "Trader": "Pelita Agung Agrindustri - Dumai" }, "geometry": { "type": "Point", "coordinates": [ 99.16, 3.12119 ] } },
{ "type": "Feature", "properties": { "PHG ID": "PG-221", "Supplier N": "Perkebunan Nusantara IV", "Mill Name": "Dolok Sinumbah", "Group": "PTPN IV", "Latitude": 3.11161, "Longitude": 99.32906, "UML ID": "PO1000005868", "Commodity": "CPO", "Supplier": "Pelita Agung Agrindustri - Duri", "Status": "Indirect Mill", "Trader": "Pelita Agung Agrindustri - Dumai" }, "geometry": { "type": "Point", "coordinates": [ 99.32906, 3.11161 ] } },
{ "type": "Feature", "properties": { "PHG ID": "PG-222", "Supplier N": "Perkebunan Nusantara IV", "Mill Name": "Pabatu", "Group": "PTPN IV", "Latitude": 3.28653, "Longitude": 99.10911, "UML ID": "PO1000002520", "Commodity": "CPO", "Supplier": "Pelita Agung Agrindustri - Duri", "Status": "Indirect Mill", "Trader": "Pelita Agung Agrindustri - Dumai" }, "geometry": { "type": "Point", "coordinates": [ 99.10911, 3.28653 ] } },
{ "type": "Feature", "properties": { "PHG ID": "PG-223", "Supplier N": "Perkebunan Nusantara IV", "Mill Name": "Pasir Mandoge", "Group": "PTPN IV", "Latitude": 2.76844, "Longitude": 99.31769, "UML ID": "PO1000004277", "Commodity": "CPO", "Supplier": "Pelita Agung Agrindustri - Duri", "Status": "Indirect Mill", "Trader": "Pelita Agung Agrindustri - Dumai" }, "geometry": { "type": "Point", "coordinates": [ 99.31769, 2.76844 ] } },
{ "type": "Feature", "properties": { "PHG ID": "PG-224", "Supplier N": "Perkebunan Nusantara IV", "Mill Name": "Sawit Langkat", "Group": "PTPN IV", "Latitude": 3.70058, "Longitude": 98.29406, "UML ID": "PO1000004524", "Commodity": "CPO", "Supplier": "Pelita Agung Agrindustri - Duri", "Status": "Indirect Mill", "Trader": "Pelita Agung Agrindustri - Dumai" }, "geometry": { "type": "Point", "coordinates": [ 98.29406, 3.70058 ] } },
{ "type": "Feature", "properties": { "PHG ID": "PG-225", "Supplier N": "Perkebunan Nusantara IV", "Mill Name": "Sosa", "Group": "PTPN IV", "Latitude": 1.04856, "Longitude": 100.01397, "UML ID": "PO1000004428", "Commodity": "CPO", "Supplier": "Pelita Agung Agrindustri - Duri", "Status": "Indirect Mill", "Trader": "Pelita Agung Agrindustri - Dumai" }, "geometry": { "type": "Point", "coordinates": [ 100.01397, 1.04856 ] } },
{ "type": "Feature", "properties": { "PHG ID": "PG-226", "Supplier N": "Perkebunan Nusantara IV", "Mill Name": "Tinjowan", "Group": "PTPN IV", "Latitude": 3.08044, "Longitude": 99.51267, "UML ID": "PO1000004208", "Commodity": "CPO", "Supplier": "Pelita Agung Agrindustri - Duri", "Status": "Indirect Mill", "Trader": "Pelita Agung Agrindustri - Dumai" }, "geometry": { "type": "Point", "coordinates": [ 99.51267, 3.08044 ] } },
{ "type": "Feature", "properties": { "PHG ID": "PG-227", "Supplier N": "Perkebunan Nusantara V", "Mill Name": "Lubuk Dalam", "Group": "PTPN V", "Latitude": 0.62994, "Longitude": 101.77956, "UML ID": "PO1000004219", "Commodity": "CPO", "Supplier": "Pelita Agung Agrindustri - Duri", "Status": "Indirect Mill", "Trader": "Pelita Agung Agrindustri - Dumai" }, "geometry": { "type": "Point", "coordinates": [ 101.77956, 0.62994 ] } },
{ "type": "Feature", "properties": { "PHG ID": "PG-228", "Supplier N": "Perkebunan Nusantara V", "Mill Name": "Sei Galuh", "Group": "PTPN V", "Latitude": 0.546957, "Longitude": 101.228963, "UML ID": "PO1000007604", "Commodity": "CPO", "Supplier": "Pelita Agung Agrindustri - Duri", "Status": "Indirect Mill", "Trader": "Pelita Agung Agrindustri - Dumai" }, "geometry": { "type": "Point", "coordinates": [ 101.228963, 0.546957 ] } },
{ "type": "Feature", "properties": { "PHG ID": "PG-229", "Supplier N": "Perkebunan Nusantara V", "Mill Name": "Sei Garo", "Group": "PTPN V", "Latitude": 0.64372, "Longitude": 101.11006, "UML ID": "PO1000007605", "Commodity": "CPO", "Supplier": "Pelita Agung Agrindustri - Duri", "Status": "Indirect Mill", "Trader": "Pelita Agung Agrindustri - Dumai" }, "geometry": { "type": "Point", "coordinates": [ 101.11006, 0.64372 ] } },
{ "type": "Feature", "properties": { "PHG ID": "PG-230", "Supplier N": "Perkebunan Nusantara V", "Mill Name": "Sei Intan", "Group": "PTPN V", "Latitude": 0.78425, "Longitude": 100.61086, "UML ID": "PO1000006147", "Commodity": "CPO", "Supplier": "Pelita Agung Agrindustri - Duri", "Status": "Indirect Mill", "Trader": "Pelita Agung Agrindustri - Dumai" }, "geometry": { "type": "Point", "coordinates": [ 100.61086, 0.78425 ] } },
{ "type": "Feature", "properties": { "PHG ID": "PG-231", "Supplier N": "Perkebunan Nusantara V", "Mill Name": "Sei Rokan", "Group": "PTPN V", "Latitude": 0.72572, "Longitude": 100.57897, "UML ID": "PO1000005128", "Commodity": "CPO", "Supplier": "Pelita Agung Agrindustri - Duri", "Status": "Indirect Mill", "Trader": "Pelita Agung Agrindustri - Dumai" }, "geometry": { "type": "Point", "coordinates": [ 100.57897, 0.72572 ] } },
{ "type": "Feature", "properties": { "PHG ID": "PG-232", "Supplier N": "Perkebunan Nusantara V", "Mill Name": "Sei Tapung", "Group": "PTPN V", "Latitude": 0.599, "Longitude": 100.619, "UML ID": "PO1000004212", "Commodity": "CPO", "Supplier": "Pelita Agung Agrindustri - Duri", "Status": "Indirect Mill", "Trader": "Pelita Agung Agrindustri - Dumai" }, "geometry": { "type": "Point", "coordinates": [ 100.619, 0.599 ] } },
{ "type": "Feature", "properties": { "PHG ID": "PG-233", "Supplier N": "Perkebunan Nusantara V", "Mill Name": "Tanah Putih", "Group": "PTPN V", "Latitude": 1.7425, "Longitude": 100.51225, "UML ID": "PO1000004268", "Commodity": "CPO", "Supplier": "Pelita Agung Agrindustri - Duri", "Status": "Indirect Mill", "Trader": "Pelita Agung Agrindustri - Dumai" }, "geometry": { "type": "Point", "coordinates": [ 100.51225, 1.7425 ] } },
{ "type": "Feature", "properties": { "PHG ID": "PG-234", "Supplier N": "Perkebunan Nusantara V", "Mill Name": "Tandun", "Group": "PTPN V", "Latitude": 0.59964, "Longitude": 100.69281, "UML ID": "PO1000004402", "Commodity": "CPO", "Supplier": "Pelita Agung Agrindustri - Duri", "Status": "Indirect Mill", "Trader": "Pelita Agung Agrindustri - Dumai" }, "geometry": { "type": "Point", "coordinates": [ 100.69281, 0.59964 ] } },
{ "type": "Feature", "properties": { "PHG ID": "PG-235", "Supplier N": "Perkebunan Nusantara V", "Mill Name": "Terantam", "Group": "PTPN V", "Latitude": 0.57919, "Longitude": 100.75078, "UML ID": "PO1000004206", "Commodity": "CPO", "Supplier": "Pelita Agung Agrindustri - Duri", "Status": "Indirect Mill", "Trader": "Pelita Agung Agrindustri - Dumai" }, "geometry": { "type": "Point", "coordinates": [ 100.75078, 0.57919 ] } },
{ "type": "Feature", "properties": { "PHG ID": "PG-246", "Supplier N": "Gandaerah Hendana", "Mill Name": "Gandaerah Hendana", "Group": "S&G Biofuel Pte Ltd", "Latitude": -0.156053, "Longitude": 102.206587, "UML ID": "PO1000004138", "Commodity": "CPO", "Supplier": "Pelita Agung Agrindustri - Duri", "Status": "Indirect Mill", "Trader": "Pelita Agung Agrindustri - Dumai" }, "geometry": { "type": "Point", "coordinates": [ 102.206587, -0.156053 ] } },
{ "type": "Feature", "properties": { "PHG ID": "PG-247", "Supplier N": "Inecda", "Mill Name": "Inecda", "Group": "S&G Biofuel Pte Ltd", "Latitude": -0.49361, "Longitude": 102.36694, "UML ID": "PO1000004128", "Commodity": "CPO", "Supplier": "Pelita Agung Agrindustri - Duri", "Status": "Indirect Mill", "Trader": "Pelita Agung Agrindustri - Dumai" }, "geometry": { "type": "Point", "coordinates": [ 102.36694, -0.49361 ] } },
{ "type": "Feature", "properties": { "PHG ID": "PG-257", "Supplier N": "Sawitta Unggul Jaya", "Mill Name": "Sawitta Unggul Jaya", "Group": "Sawitta Unggul Jaya", "Latitude": 2.33236, "Longitude": 100.09953, "UML ID": "PO1000004173", "Commodity": "CPO", "Supplier": "Pelita Agung Agrindustri - Duri", "Status": "Indirect Mill", "Trader": "Pelita Agung Agrindustri - Dumai" }, "geometry": { "type": "Point", "coordinates": [ 100.09953, 2.33236 ] } },
{ "type": "Feature", "properties": { "PHG ID": "PG-260", "Supplier N": "Semunai Sawit Perkasa", "Mill Name": "Semunai Sawit Perkasa", "Group": "Semunai Sawit Perkasa", "Latitude": 1.16339, "Longitude": 101.27806, "UML ID": "PO1000008278", "Commodity": "CPO", "Supplier": "Pelita Agung Agrindustri - Duri", "Status": "Indirect Mill", "Trader": "Pelita Agung Agrindustri - Dumai" }, "geometry": { "type": "Point", "coordinates": [ 101.27806, 1.16339 ] } },
{ "type": "Feature", "properties": { "PHG ID": "PG-264", "Supplier N": "Sianipar Integritas Agrindo", "Mill Name": "Sianipar Integritas Agrindo", "Group": "Sianipar Integritas Agrindo", "Latitude": 1.5385, "Longitude": 100.43408, "UML ID": "PO1000014624", "Commodity": "CPO", "Supplier": "Pelita Agung Agrindustri - Duri", "Status": "Indirect Mill", "Trader": "Pelita Agung Agrindustri - Dumai" }, "geometry": { "type": "Point", "coordinates": [ 100.43408, 1.5385 ] } },
{ "type": "Feature", "properties": { "PHG ID": "PG-265", "Supplier N": "Trimitra Lestari", "Mill Name": "Trimitra Lestari", "Group": "Sin Tek Huat", "Latitude": -1.06976, "Longitude": 103.165858, "UML ID": "PO1000004432", "Commodity": "CPO", "Supplier": "Pelita Agung Agrindustri - Duri", "Status": "Indirect Mill", "Trader": "Pelita Agung Agrindustri - Dumai" }, "geometry": { "type": "Point", "coordinates": [ 103.165858, -1.06976 ] } },
{ "type": "Feature", "properties": { "PHG ID": "PG-270", "Supplier N": "Sinar Utama Nabati", "Mill Name": "Sinar Utama Nabati", "Group": "Sinar Utama Nabati", "Latitude": -0.392, "Longitude": 101.41701, "UML ID": "PO1000010074", "Commodity": "CPO", "Supplier": "Pelita Agung Agrindustri - Duri", "Status": "Indirect Mill", "Trader": "Pelita Agung Agrindustri - Dumai" }, "geometry": { "type": "Point", "coordinates": [ 101.41701, -0.392 ] } },
{ "type": "Feature", "properties": { "PHG ID": "PG-279", "Supplier N": "Karya Agung Sawita", "Mill Name": "Papaso", "Group": "Sumber Tani Agung", "Latitude": 0.895772, "Longitude": 100.111483, "UML ID": "PO1000010065", "Commodity": "CPO", "Supplier": "Pelita Agung Agrindustri - Duri", "Status": "Indirect Mill", "Trader": "Pelita Agung Agrindustri - Dumai" }, "geometry": { "type": "Point", "coordinates": [ 100.111483, 0.895772 ] } },
{ "type": "Feature", "properties": { "PHG ID": "PG-282", "Supplier N": "Madina Agro Lestari", "Mill Name": "Madina Agro Lestari", "Group": "Sumber Tani Agung", "Latitude": 1.21778, "Longitude": 98.89603, "UML ID": "PO1000011179", "Commodity": "CPO", "Supplier": "Pelita Agung Agrindustri - Duri", "Status": "Indirect Mill", "Trader": "Pelita Agung Agrindustri - Dumai" }, "geometry": { "type": "Point", "coordinates": [ 98.89603, 1.21778 ] } },
{ "type": "Feature", "properties": { "PHG ID": "PG-283", "Supplier N": "Sumber Tani Agung Resources Tbk", "Mill Name": "Portibi", "Group": "Sumber Tani Agung", "Latitude": 1.42831, "Longitude": 99.72117, "UML ID": "PO1000004462", "Commodity": "CPO", "Supplier": "Pelita Agung Agrindustri - Duri", "Status": "Indirect Mill", "Trader": "Pelita Agung Agrindustri - Dumai" }, "geometry": { "type": "Point", "coordinates": [ 99.72117, 1.42831 ] } },
{ "type": "Feature", "properties": { "PHG ID": "PG-284", "Supplier N": "Sumber Tani Agung", "Mill Name": "Sumber Tani Agung", "Group": "Sumber Tani Agung", "Latitude": 1.754692, "Longitude": 99.98478, "UML ID": "PO1000004483", "Commodity": "CPO", "Supplier": "Pelita Agung Agrindustri - Duri", "Status": "Indirect Mill", "Trader": "Pelita Agung Agrindustri - Dumai" }, "geometry": { "type": "Point", "coordinates": [ 99.98478, 1.754692 ] } },
{ "type": "Feature", "properties": { "PHG ID": "PG-287", "Supplier N": "Surya Sumber Sawit Abadi", "Mill Name": "Surya Sumber Sawit Abadi", "Group": "Surya Sumber Sawit Abadi", "Latitude": -1.472702, "Longitude": 102.620073, "UML ID": "PO1000010015", "Commodity": "CPO", "Supplier": "Pelita Agung Agrindustri - Duri", "Status": "Indirect Mill", "Trader": "Pelita Agung Agrindustri - Dumai" }, "geometry": { "type": "Point", "coordinates": [ 102.620073, -1.472702 ] } },
{ "type": "Feature", "properties": { "PHG ID": "PG-289", "Supplier N": "Swastisiddhi Amagra", "Mill Name": "Bina Baru", "Group": "Swastisiddhi Amagra", "Latitude": 0.210528, "Longitude": 101.274965, "UML ID": "PO1000004360", "Commodity": "CPO", "Supplier": "Pelita Agung Agrindustri - Duri", "Status": "Indirect Mill", "Trader": "Pelita Agung Agrindustri - Dumai" }, "geometry": { "type": "Point", "coordinates": [ 101.274965, 0.210528 ] } },
{ "type": "Feature", "properties": { "PHG ID": "PG-290", "Supplier N": "Swastisiddhi Amagra", "Mill Name": "Libo Jaya", "Group": "Swastisiddhi Amagra", "Latitude": 0.947, "Longitude": 101.097, "UML ID": "PO1000008269", "Commodity": "CPO", "Supplier": "Pelita Agung Agrindustri - Duri", "Status": "Indirect Mill", "Trader": "Pelita Agung Agrindustri - Dumai" }, "geometry": { "type": "Point", "coordinates": [ 101.097, 0.947 ] } },
{ "type": "Feature", "properties": { "PHG ID": "PG-300", "Supplier N": "Tian Tujuhpuluh Utama", "Mill Name": "Tian Tujuhpuluh Utama", "Group": "Tian Tujuhpuluh Utama", "Latitude": 1.684, "Longitude": 100.53361, "UML ID": "PO1000011180", "Commodity": "CPO", "Supplier": "Pelita Agung Agrindustri - Duri", "Status": "Indirect Mill", "Trader": "Pelita Agung Agrindustri - Dumai" }, "geometry": { "type": "Point", "coordinates": [ 100.53361, 1.684 ] } },
{ "type": "Feature", "properties": { "PHG ID": "PG-307", "Supplier N": "Yuni Bersaudara Sejahtera", "Mill Name": "Yuni Bersaudara Sejahtera", "Group": "Yuni Bersaudara Sejahtera", "Latitude": -0.026494, "Longitude": 101.189985, "UML ID": "PO1000012852", "Commodity": "CPO", "Supplier": "Pelita Agung Agrindustri - Duri", "Status": "Indirect Mill", "Trader": "Pelita Agung Agrindustri - Dumai" }, "geometry": { "type": "Point", "coordinates": [ 101.189985, -0.026494 ] } },
{ "type": "Feature", "properties": { "PHG ID": "PG-308", "Supplier N": "Batanghari Sawit Sejahtera", "Mill Name": "Batanghari Sawit Sejahtera", "Group": "Bukit Barisan Indah Prima", "Latitude": -1.347646, "Longitude": 103.542529, "UML ID": "PO1000004455", "Commodity": "CPO", "Supplier": "Pelita Agung Agrindustri - Duri", "Status": "Indirect Mill", "Trader": "Pelita Agung Agrindustri - Dumai" }, "geometry": { "type": "Point", "coordinates": [ 103.542529, -1.347646 ] } },
{ "type": "Feature", "properties": { "PHG ID": "PG-309", "Supplier N": "Bahari Gembira Ria", "Mill Name": "Ladang Panjang", "Group": "Minamas", "Latitude": -1.79167, "Longitude": 103.79139, "UML ID": "PO1000000315", "Commodity": "CPO", "Supplier": "Pelita Agung Agrindustri - Duri", "Status": "Indirect Mill", "Trader": "Pelita Agung Agrindustri - Dumai" }, "geometry": { "type": "Point", "coordinates": [ 103.79139, -1.79167 ] } },
{ "type": "Feature", "properties": { "PHG ID": "PG-315", "Supplier N": "Perkebunan Nusantara IV", "Mill Name": "Timur", "Group": "PTPN IV", "Latitude": 0.36719, "Longitude": 99.30765, "UML ID": "PO1000004331", "Commodity": "CPO", "Supplier": "Pelita Agung Agrindustri - Duri", "Status": "Indirect Mill", "Trader": "Pelita Agung Agrindustri - Dumai" }, "geometry": { "type": "Point", "coordinates": [ 99.30765, 0.36719 ] } },
{ "type": "Feature", "properties": { "PHG ID": "PG-316", "Supplier N": "Perkebunan Nusantara V", "Mill Name": "Sei Pagar", "Group": "PTPN V", "Latitude": 0.327462, "Longitude": 101.35099, "UML ID": "PO1000006159", "Commodity": "CPO", "Supplier": "Pelita Agung Agrindustri - Duri", "Status": "Indirect Mill", "Trader": "Pelita Agung Agrindustri - Dumai" }, "geometry": { "type": "Point", "coordinates": [ 101.35099, 0.327462 ] } },
{ "type": "Feature", "properties": { "PHG ID": "PG-317", "Supplier N": "Perkebunan Nusantara V", "Mill Name": "Tanjung Medan", "Group": "PTPN V", "Latitude": 1.584567, "Longitude": 100.589, "UML ID": "PO1000008529", "Commodity": "CPO", "Supplier": "Pelita Agung Agrindustri - Duri", "Status": "Indirect Mill", "Trader": "Pelita Agung Agrindustri - Dumai" }, "geometry": { "type": "Point", "coordinates": [ 100.589, 1.584567 ] } },
{ "type": "Feature", "properties": { "PHG ID": "PG-327", "Supplier N": "Balam Berlian Sawit", "Mill Name": "Balam Berlian Sawit", "Group": "Balam Berlian Sawit", "Latitude": 1.68041, "Longitude": 100.810047, "UML ID": "PO1000013778", "Commodity": "CPO", "Supplier": "Pelita Agung Agrindustri - Duri", "Status": "Indirect Mill", "Trader": "Pelita Agung Agrindustri - Dumai" }, "geometry": { "type": "Point", "coordinates": [ 100.810047, 1.68041 ] } },
{ "type": "Feature", "properties": { "PHG ID": "PG-330", "Supplier N": "Karya Panen Terus", "Mill Name": "Karya Panen Terus", "Group": "Karya Panen Terus", "Latitude": -0.01252, "Longitude": 102.36114, "UML ID": "PO1000014953", "Commodity": "CPO", "Supplier": "Pelita Agung Agrindustri - Duri", "Status": "Indirect Mill", "Trader": "Pelita Agung Agrindustri - Dumai" }, "geometry": { "type": "Point", "coordinates": [ 102.36114, -0.01252 ] } },
{ "type": "Feature", "properties": { "PHG ID": "PG-331", "Supplier N": "Kencana Agro Sejahtera", "Mill Name": "Kencana Agro Sejahtera", "Group": "Genk Agro Mas", "Latitude": 1.37743, "Longitude": 100.32697, "UML ID": "PO1000015291", "Commodity": "CPO", "Supplier": "Pelita Agung Agrindustri - Duri", "Status": "Indirect Mill", "Trader": "Pelita Agung Agrindustri - Dumai" }, "geometry": { "type": "Point", "coordinates": [ 100.32697, 1.37743 ] } },
{ "type": "Feature", "properties": { "PHG ID": "PG-336", "Supplier N": "Kampar Alam Mas Inti", "Mill Name": "Kampar Alam Mas Inti", "Group": "Kampar Alam Mas Inti", "Latitude": 0.56648, "Longitude": 101.17312, "UML ID": "PO1000015587", "Commodity": "CPO", "Supplier": "Pelita Agung Agrindustri - Duri", "Status": "Indirect Mill", "Trader": "Pelita Agung Agrindustri - Dumai" }, "geometry": { "type": "Point", "coordinates": [ 101.17312, 0.56648 ] } },
{ "type": "Feature", "properties": { "PHG ID": "PG-339", "Supplier N": "Perkebunan Nusantara IV", "Mill Name": "Mayang", "Group": "PTPN IV", "Latitude": 3.03298, "Longitude": 99.33295, "UML ID": "PO1000004281", "Commodity": "CPO", "Supplier": "Pelita Agung Agrindustri - Duri", "Status": "Indirect Mill", "Trader": "Pelita Agung Agrindustri - Dumai" }, "geometry": { "type": "Point", "coordinates": [ 99.33295, 3.03298 ] } },
{ "type": "Feature", "properties": { "PHG ID": "PG-340", "Supplier N": "Perkebunan Nusantara IV", "Mill Name": "Pulau Raja", "Group": "PTPN IV", "Latitude": 2.702107, "Longitude": 99.624523, "UML ID": "PO1000002335", "Commodity": "CPO", "Supplier": "Pelita Agung Agrindustri - Duri", "Status": "Indirect Mill", "Trader": "Pelita Agung Agrindustri - Dumai" }, "geometry": { "type": "Point", "coordinates": [ 99.624523, 2.702107 ] } },
{ "type": "Feature", "properties": { "PHG ID": "PG-344", "Supplier N": "Agrojaya Perdana", "Mill Name": "Agrojaya Perdana", "Group": "Growth Steel Group", "Latitude": -1.27021, "Longitude": 103.8144, "UML ID": "PO1000007469", "Commodity": "CPO", "Supplier": "Pelita Agung Agrindustri - Duri", "Status": "Indirect Mill", "Trader": "Pelita Agung Agrindustri - Dumai" }, "geometry": { "type": "Point", "coordinates": [ 103.8144, -1.27021 ] } },
{ "type": "Feature", "properties": { "PHG ID": "PG-345", "Supplier N": "Anekapura Multikerta", "Mill Name": "Anekapura Multikerta", "Group": "Anekapura Multikerta", "Latitude": -1.079265, "Longitude": 103.008358, "UML ID": "PO1000004842", "Commodity": "CPO", "Supplier": "Pelita Agung Agrindustri - Duri", "Status": "Indirect Mill", "Trader": "Pelita Agung Agrindustri - Dumai" }, "geometry": { "type": "Point", "coordinates": [ 103.008358, -1.079265 ] } },
{ "type": "Feature", "properties": { "PHG ID": "PG-349", "Supplier N": "Sawit Rupat Sejahtera", "Mill Name": "Sawit Rupat Sejahtera", "Group": "Sawit Rupat Sejahtera", "Latitude": 1.935, "Longitude": 101.733, "UML ID": "PO1000011912", "Commodity": "CPO", "Supplier": "Pelita Agung Agrindustri - Duri", "Status": "Indirect Mill", "Trader": "Pelita Agung Agrindustri - Dumai" }, "geometry": { "type": "Point", "coordinates": [ 101.733, 1.935 ] } },
{ "type": "Feature", "properties": { "PHG ID": "PG-350", "Supplier N": "Hutahaean", "Mill Name": "Teluk Sono", "Group": "Hutahaean", "Latitude": 1.06, "Longitude": 100.7572, "UML ID": "PO1000004241", "Commodity": "CPO", "Supplier": "Pelita Agung Agrindustri - Duri", "Status": "Indirect Mill", "Trader": "Pelita Agung Agrindustri - Dumai" }, "geometry": { "type": "Point", "coordinates": [ 100.7572, 1.06 ] } },
{ "type": "Feature", "properties": { "PHG ID": "PG-354", "Supplier N": "Agrindo Panca Tunggal Perkasa", "Mill Name": "Agrindo Panca Tunggal Perkasa", "Group": "Agrindo Panca Tunggal Perkasa", "Latitude": -2.36757, "Longitude": 102.79132, "UML ID": "PO1000016966", "Commodity": "CPO", "Supplier": "Pelita Agung Agrindustri - Duri", "Status": "Indirect Mill", "Trader": "Pelita Agung Agrindustri - Dumai" }, "geometry": { "type": "Point", "coordinates": [ 102.79132, -2.36757 ] } },
{ "type": "Feature", "properties": { "PHG ID": "PG-359", "Supplier N": "Makmur Palma Lestari", "Mill Name": "Makmur Palma Lestari", "Group": "Makmur Palma Lestari", "Latitude": 0.675, "Longitude": 100.857, "UML ID": "PO1000016381", "Commodity": "CPO", "Supplier": "Pelita Agung Agrindustri - Duri", "Status": "Indirect Mill", "Trader": "Pelita Agung Agrindustri - Dumai" }, "geometry": { "type": "Point", "coordinates": [ 100.857, 0.675 ] } },
{ "type": "Feature", "properties": { "PHG ID": "PG-360", "Supplier N": "Sawit Anugerah Sejahtera", "Mill Name": "Sawit Anugerah Sejahtera", "Group": "Sawit Anugerah Sejahtera", "Latitude": 1.15212, "Longitude": 101.27638, "UML ID": "PO1000004441", "Commodity": "CPO", "Supplier": "Pelita Agung Agrindustri - Duri", "Status": "Indirect Mill", "Trader": "Pelita Agung Agrindustri - Dumai" }, "geometry": { "type": "Point", "coordinates": [ 101.27638, 1.15212 ] } },
{ "type": "Feature", "properties": { "PHG ID": "PG-361", "Supplier N": "Sahabat Sawit Rokan Sejahtera", "Mill Name": "Sahabat Sawit Rokan Sejahtera", "Group": "Sahabat Sawit Rokan Sejahtera", "Latitude": 1.36866, "Longitude": 100.51962, "UML ID": "PO1000016964", "Commodity": "CPO", "Supplier": "Pelita Agung Agrindustri - Duri", "Status": "Indirect Mill", "Trader": "Pelita Agung Agrindustri - Dumai" }, "geometry": { "type": "Point", "coordinates": [ 100.51962, 1.36866 ] } },
{ "type": "Feature", "properties": { "PHG ID": "PG-363", "Supplier N": "Ujung Tanjung Sejahtera", "Mill Name": "Ujung Tanjung Sejahtera", "Group": "Ujung Tanjung Sejahtera", "Latitude": 1.624, "Longitude": 101.05, "UML ID": "PO1000018000", "Commodity": "CPO", "Supplier": "Pelita Agung Agrindustri - Duri", "Status": "Indirect Mill", "Trader": "Pelita Agung Agrindustri - Dumai" }, "geometry": { "type": "Point", "coordinates": [ 101.05, 1.624 ] } },
{ "type": "Feature", "properties": { "PHG ID": "PG-364", "Supplier N": "Kaspari Agro Sentosa", "Mill Name": "Kaspari Agro Sentosa", "Group": "Kaspari Agro Sentosa", "Latitude": -1.78292, "Longitude": 103.488414, "UML ID": "PO1000017064", "Commodity": "CPO", "Supplier": "Pelita Agung Agrindustri - Duri", "Status": "Indirect Mill", "Trader": "Pelita Agung Agrindustri - Dumai" }, "geometry": { "type": "Point", "coordinates": [ 103.488414, -1.78292 ] } },
{ "type": "Feature", "properties": { "PHG ID": "PG-365", "Supplier N": "Nagamas Agro Mulia", "Mill Name": "Talikumain", "Group": "Nagamas Group", "Latitude": 1.07799, "Longitude": 100.26128, "UML ID": "PO1000004435", "Commodity": "CPO", "Supplier": "Pelita Agung Agrindustri - Duri", "Status": "Indirect Mill", "Trader": "Pelita Agung Agrindustri - Dumai" }, "geometry": { "type": "Point", "coordinates": [ 100.26128, 1.07799 ] } },
{ "type": "Feature", "properties": { "PHG ID": "PG-369", "Supplier N": "Rambah Sawit Mandiri", "Mill Name": "Rambah Sawit Mandiri", "Group": "Rambah Sawit Mandiri", "Latitude": 0.818173, "Longitude": 100.435301, "UML ID": "-", "Commodity": "CPO", "Supplier": "Pelita Agung Agrindustri - Duri", "Status": "Indirect Mill", "Trader": "Pelita Agung Agrindustri - Dumai" }, "geometry": { "type": "Point", "coordinates": [ 100.435301, 0.818173 ] } },
{ "type": "Feature", "properties": { "PHG ID": "PG-370", "Supplier N": "Sinergi Integritas Agroindustri", "Mill Name": "Sinergi Integritas Agroindustri", "Group": "Sianipar Integritas Agrindo", "Latitude": 1.6839, "Longitude": 100.4411, "UML ID": "\nPO1000020078\n", "Commodity": "CPO", "Supplier": "Pelita Agung Agrindustri - Duri", "Status": "Indirect Mill", "Trader": "Pelita Agung Agrindustri - Dumai" }, "geometry": { "type": "Point", "coordinates": [ 100.4411, 1.6839 ] } },
{ "type": "Feature", "properties": { "PHG ID": "PG-372", "Supplier N": "Taro Rakaya Tasyra", "Mill Name": "Taro Rakaya Tasyra", "Group": "Taro Rakaya Tasyra", "Latitude": 0.42151, "Longitude": 101.6854, "UML ID": "PO1000018003", "Commodity": "CPO", "Supplier": "Pelita Agung Agrindustri - Duri", "Status": "Indirect Mill", "Trader": "Pelita Agung Agrindustri - Dumai" }, "geometry": { "type": "Point", "coordinates": [ 101.6854, 0.42151 ] } },
{ "type": "Feature", "properties": { "PHG ID": "PG-374", "Supplier N": "Surya Agrolika Reksa", "Mill Name": "Surya Agrolika Reksa Sei Singingi", "Group": "Adimulia", "Latitude": -0.20614, "Longitude": 101.31786, "UML ID": "PO1000007629", "Commodity": "CPO", "Supplier": "Pelita Agung Agrindustri - Duri", "Status": "Indirect Mill", "Trader": "Pelita Agung Agrindustri - Dumai" }, "geometry": { "type": "Point", "coordinates": [ 101.31786, -0.20614 ] } },
{ "type": "Feature", "properties": { "PHG ID": "PG-377", "Supplier N": "Sri Ulina Ersada Karina", "Mill Name": "Sri Ulina Ersada Karina", "Group": "Sri Ulina Ersada Karina", "Latitude": 1.323700062, "Longitude": 101.0693876, "UML ID": "PO1000015874", "Commodity": "CPO", "Supplier": "Pelita Agung Agrindustri - Duri", "Status": "Indirect Mill", "Trader": "Pelita Agung Agrindustri - Dumai" }, "geometry": { "type": "Point", "coordinates": [ 101.0693876, 1.323700062 ] } },
{ "type": "Feature", "properties": { "PHG ID": "PG-378", "Supplier N": "Tumpuan", "Mill Name": "Tumpuan", "Group": "Bukit Barisan Indah Prima", "Latitude": 1.28978686, "Longitude": 101.0550173, "UML ID": "-", "Commodity": "CPO", "Supplier": "Pelita Agung Agrindustri - Duri", "Status": "Indirect Mill", "Trader": "Pelita Agung Agrindustri - Dumai" }, "geometry": { "type": "Point", "coordinates": [ 101.0550173, 1.28978686 ] } },
{ "type": "Feature", "properties": { "PHG ID": "PG-379", "Supplier N": "Jaya Gemilang Sukses", "Mill Name": "Jaya Gemilang Sukses", "Group": "Jaya Gemilang Sukses", "Latitude": 1.59927, "Longitude": 100.90593, "UML ID": "PO1000007653", "Commodity": "CPO", "Supplier": "Pelita Agung Agrindustri - Duri", "Status": "Indirect Mill", "Trader": "Pelita Agung Agrindustri - Dumai" }, "geometry": { "type": "Point", "coordinates": [ 100.90593, 1.59927 ] } },
{ "type": "Feature", "properties": { "PHG ID": "PG-382", "Supplier N": "Kurnia Merangin Berjaya", "Mill Name": "Kurnia Merangin Berjaya", "Group": "Kurnia Merangin Berjaya", "Latitude": -2.18175, "Longitude": 102.47051, "UML ID": "PO1000016969", "Commodity": "CPO", "Supplier": "Pelita Agung Agrindustri - Duri", "Status": "Indirect Mill", "Trader": "Pelita Agung Agrindustri - Dumai" }, "geometry": { "type": "Point", "coordinates": [ 102.47051, -2.18175 ] } },
{ "type": "Feature", "properties": { "PHG ID": "PG-383", "Supplier N": "Porman Anugerah Sejati", "Mill Name": "Porman Anugerah Sejati", "Group": "Porman Anugerah Sejati", "Latitude": -1.41955, "Longitude": 102.72013, "UML ID": "-", "Commodity": "CPO", "Supplier": "Pelita Agung Agrindustri - Duri", "Status": "Indirect Mill", "Trader": "Pelita Agung Agrindustri - Dumai" }, "geometry": { "type": "Point", "coordinates": [ 102.72013, -1.41955 ] } },
{ "type": "Feature", "properties": { "PHG ID": "PG-384", "Supplier N": "Surya Lestari Usaha Mandiri", "Mill Name": "Surya Lestari Usaha Mandiri", "Group": "Surya Lestari Usaha Mandiri", "Latitude": -2.21486, "Longitude": 102.81641, "UML ID": "PO1000017065", "Commodity": "CPO", "Supplier": "Pelita Agung Agrindustri - Duri", "Status": "Indirect Mill", "Trader": "Pelita Agung Agrindustri - Dumai" }, "geometry": { "type": "Point", "coordinates": [ 102.81641, -2.21486 ] } },
{ "type": "Feature", "properties": { "PHG ID": "PG-386", "Supplier N": "Dua Semeru Putra Mandiri", "Mill Name": "Dua Semeru Putra Mandiri", "Group": "Dua Semeru Putra Mandiri", "Latitude": -2.287189, "Longitude": 102.676234, "UML ID": "-", "Commodity": "CPO", "Supplier": "Pelita Agung Agrindustri - Duri", "Status": "Indirect Mill", "Trader": "Pelita Agung Agrindustri - Dumai" }, "geometry": { "type": "Point", "coordinates": [ 102.676234, -2.287189 ] } },
{ "type": "Feature", "properties": { "PHG ID": "PG-387", "Supplier N": "Gemilang Bersama Utama Palm Oil", "Mill Name": "Gemilang Bersama Utama Palm Oil", "Group": "Gemilang Bersama Utama Palm Oil", "Latitude": -1.749137, "Longitude": 103.882261, "UML ID": "-", "Commodity": "CPO", "Supplier": "Pelita Agung Agrindustri - Duri", "Status": "Indirect Mill", "Trader": "Pelita Agung Agrindustri - Dumai" }, "geometry": { "type": "Point", "coordinates": [ 103.882261, -1.749137 ] } },
{ "type": "Feature", "properties": { "PHG ID": "PG-388", "Supplier N": "Kurnia Palma Berjaya", "Mill Name": "Kurnia Palma Berjaya", "Group": "Kurnia Palma Berjaya", "Latitude": -1.51697, "Longitude": 102.651138, "UML ID": "-", "Commodity": "CPO", "Supplier": "Pelita Agung Agrindustri - Duri", "Status": "Indirect Mill", "Trader": "Pelita Agung Agrindustri - Dumai" }, "geometry": { "type": "Point", "coordinates": [ 102.651138, -1.51697 ] } },
{ "type": "Feature", "properties": { "PHG ID": "PG-391", "Supplier N": "Meskom Agro Sarimas", "Mill Name": "Meskom Agro Sarimas", "Group": "Tri Bakti Sarimas", "Latitude": 1.548778, "Longitude": 102.090917, "UML ID": "PO1000004470", "Commodity": "CPO", "Supplier": "Pelita Agung Agrindustri - Duri", "Status": "Indirect Mill", "Trader": "Pelita Agung Agrindustri - Dumai" }, "geometry": { "type": "Point", "coordinates": [ 102.090917, 1.548778 ] } },
{ "type": "Feature", "properties": { "PHG ID": "PG-341", "Supplier N": "Perkebunan Nusantara VI", "Mill Name": "Ophir", "Group": "PTPN VI", "Latitude": 0.0149, "Longitude": 99.83566, "UML ID": "PO1000004863", "Commodity": "PK", "Supplier": "Pelita Agung Agrindustri - Duri", "Status": "Indirect Mill", "Trader": "Inti Mas Sejahtera" }, "geometry": { "type": "Point", "coordinates": [ 99.83566, 0.0149 ] } },
{ "type": "Feature", "properties": { "PHG ID": "PG-225", "Supplier N": "Perkebunan Nusantara IV", "Mill Name": "Sosa", "Group": "PTPN IV", "Latitude": 1.04856, "Longitude": 100.01397, "UML ID": "PO1000004428", "Commodity": "PK", "Supplier": "Pelita Agung Agrindustri - Duri", "Status": "Indirect Mill", "Trader": "Inti Mas Sejahtera" }, "geometry": { "type": "Point", "coordinates": [ 100.01397, 1.04856 ] } },
{ "type": "Feature", "properties": { "PHG ID": "PG-223", "Supplier N": "Perkebunan Nusantara IV", "Mill Name": "Pasir Mandoge", "Group": "PTPN IV", "Latitude": 2.76844, "Longitude": 99.31769, "UML ID": "PO1000004277", "Commodity": "PK", "Supplier": "Pelita Agung Agrindustri - Duri", "Status": "Indirect Mill", "Trader": "Inti Mas Sejahtera" }, "geometry": { "type": "Point", "coordinates": [ 99.31769, 2.76844 ] } },
{ "type": "Feature", "properties": { "PHG ID": "PG-239", "Supplier N": "Perkebunan Nusantara VI", "Mill Name": "Rimbo Dua", "Group": "PTPN VI", "Latitude": -1.377311, "Longitude": 102.167315, "UML ID": "PO1000008213", "Commodity": "PK", "Supplier": "Pelita Agung Agrindustri - Duri", "Status": "Indirect Mill", "Trader": "Inti Mas Sejahtera" }, "geometry": { "type": "Point", "coordinates": [ 102.167315, -1.377311 ] } },
{ "type": "Feature", "properties": { "PHG ID": "PG-318", "Supplier N": "Perkebunan Nusantara VI", "Mill Name": "Pengabuan", "Group": "PTPN VI", "Latitude": -1.253734, "Longitude": 102.954144, "UML ID": "PO1000010018", "Commodity": "PK", "Supplier": "Pelita Agung Agrindustri - Duri", "Status": "Indirect Mill", "Trader": "Inti Mas Sejahtera" }, "geometry": { "type": "Point", "coordinates": [ 102.954144, -1.253734 ] } },
{ "type": "Feature", "properties": { "PHG ID": "PG-237", "Supplier N": "Perkebunan Nusantara VI", "Mill Name": "Bunut", "Group": "PTPN VI", "Latitude": -1.91139, "Longitude": 103.40419, "UML ID": "PO1000008199", "Commodity": "PK", "Supplier": "Pelita Agung Agrindustri - Duri", "Status": "Indirect Mill", "Trader": "Inti Mas Sejahtera" }, "geometry": { "type": "Point", "coordinates": [ 103.40419, -1.91139 ] } },
{ "type": "Feature", "properties": { "PHG ID": "PG-324", "Supplier N": "Perkebunan Nusantara XIII", "Mill Name": "Parindu", "Group": "PTPN XIII", "Latitude": 0.250556, "Longitude": 110.303889, "UML ID": "PO1000008159", "Commodity": "PK", "Supplier": "Pelita Agung Agrindustri - Duri", "Status": "Indirect Mill", "Trader": "Inti Mas Sejahtera" }, "geometry": { "type": "Point", "coordinates": [ 110.303889, 0.250556 ] } },
{ "type": "Feature", "properties": { "PHG ID": "PG-323", "Supplier N": "Perkebunan Nusantara XIII", "Mill Name": "Ngabang", "Group": "PTPN XIII", "Latitude": 0.343665, "Longitude": 109.938652, "UML ID": "PO1000008210", "Commodity": "PK", "Supplier": "Pelita Agung Agrindustri - Duri", "Status": "Indirect Mill", "Trader": "Inti Mas Sejahtera" }, "geometry": { "type": "Point", "coordinates": [ 109.938652, 0.343665 ] } },
{ "type": "Feature", "properties": { "PHG ID": "PG-325", "Supplier N": "Perkebunan Nusantara XIII", "Mill Name": "Gunung Meliau", "Group": "PTPN XIII", "Latitude": -0.107581, "Longitude": 110.292165, "UML ID": "PO1000004350", "Commodity": "PK", "Supplier": "Pelita Agung Agrindustri - Duri", "Status": "Indirect Mill", "Trader": "Inti Mas Sejahtera" }, "geometry": { "type": "Point", "coordinates": [ 110.292165, -0.107581 ] } },
{ "type": "Feature", "properties": { "PHG ID": "PG-145", "Supplier N": "Lahan Tani Sakti", "Mill Name": "Alur Dumai", "Group": "Minamas", "Latitude": 1.56064, "Longitude": 100.54206, "UML ID": "PO1000000326", "Commodity": "CPO", "Supplier": "Pelita Agung Agrindustri - KID", "Status": "Direct Mill", "Trader": null }, "geometry": { "type": "Point", "coordinates": [ 100.54206, 1.56064 ] } },
{ "type": "Feature", "properties": { "PHG ID": "PG-169", "Supplier N": "Bukit Palem", "Mill Name": "Bukit Palem", "Group": "Bukit Palem", "Latitude": -2.37356, "Longitude": 110.64367, "UML ID": "PO1000008176", "Commodity": "CPO", "Supplier": "Pelita Agung Agrindustri - KID", "Status": "Direct Mill", "Trader": null }, "geometry": { "type": "Point", "coordinates": [ 110.64367, -2.37356 ] } },
{ "type": "Feature", "properties": { "PHG ID": "PG-030", "Supplier N": "Eka Dura Indonesia", "Mill Name": "Eka Dura Indonesia", "Group": "Astra Agro Lestari Tbk", "Latitude": 0.88428, "Longitude": 100.61372, "UML ID": "PO1000004422", "Commodity": "CPO", "Supplier": "Pelita Agung Agrindustri - KID", "Status": "Direct Mill", "Trader": null }, "geometry": { "type": "Point", "coordinates": [ 100.61372, 0.88428 ] } },
{ "type": "Feature", "properties": { "PHG ID": "PG-086", "Supplier N": "Guna Agung Semesta", "Mill Name": "Guna Agung Semesta", "Group": "Guna Agung Semesta", "Latitude": 0.988, "Longitude": 101.243, "UML ID": "PO1000006328", "Commodity": "CPO", "Supplier": "Pelita Agung Agrindustri - KID", "Status": "Direct Mill", "Trader": null }, "geometry": { "type": "Point", "coordinates": [ 101.243, 0.988 ] } },
{ "type": "Feature", "properties": { "PHG ID": "PG-379", "Supplier N": "Jaya Gemilang Sukses", "Mill Name": "Jaya Gemilang Sukses", "Group": "Jaya Gemilang Sukses", "Latitude": 1.59927, "Longitude": 100.90593, "UML ID": "PO1000007653", "Commodity": "CPO", "Supplier": "Pelita Agung Agrindustri - KID", "Status": "Direct Mill", "Trader": null }, "geometry": { "type": "Point", "coordinates": [ 100.90593, 1.59927 ] } },
{ "type": "Feature", "properties": { "PHG ID": "PG-101", "Supplier N": "Kamparindo Agro Industri", "Mill Name": "Kamparindo Agro Industri", "Group": "Kamparindo Agro Industri", "Latitude": 0.86587, "Longitude": 101.286221, "UML ID": "PO1000008268", "Commodity": "CPO", "Supplier": "Pelita Agung Agrindustri - KID", "Status": "Direct Mill", "Trader": null }, "geometry": { "type": "Point", "coordinates": [ 101.286221, 0.86587 ] } },
{ "type": "Feature", "properties": { "PHG ID": "PG-176", "Supplier N": "Kebun Pantai Raja", "Mill Name": "Kebun Pantai Raja", "Group": "Panca Eka", "Latitude": -0.0575, "Longitude": 101.24361, "UML ID": "PO1000004341", "Commodity": "CPO", "Supplier": "Pelita Agung Agrindustri - KID", "Status": "Direct Mill", "Trader": null }, "geometry": { "type": "Point", "coordinates": [ 101.24361, -0.0575 ] } },
{ "type": "Feature", "properties": { "PHG ID": "PG-034", "Supplier N": "Kimia Tirta Utama", "Mill Name": "Kimia Tirta Utama", "Group": "Astra Agro Lestari Tbk", "Latitude": 0.67619, "Longitude": 101.72675, "UML ID": "PO1000004408", "Commodity": "CPO", "Supplier": "Pelita Agung Agrindustri - KID", "Status": "Direct Mill", "Trader": null }, "geometry": { "type": "Point", "coordinates": [ 101.72675, 0.67619 ] } },
{ "type": "Feature", "properties": { "PHG ID": "PG-128", "Supplier N": "Lingga Tiga Sawit", "Mill Name": "Lingga Tiga Sawit", "Group": "Nagamas Group", "Latitude": 2.01431, "Longitude": 99.87911, "UML ID": "PO1000008152", "Commodity": "CPO", "Supplier": "Pelita Agung Agrindustri - KID", "Status": "Direct Mill", "Trader": null }, "geometry": { "type": "Point", "coordinates": [ 99.87911, 2.01431 ] } },
{ "type": "Feature", "properties": { "PHG ID": "PG-391", "Supplier N": "Meskom Agro Sarimas", "Mill Name": "Meskom Agro Sarimas", "Group": "Tri Bakti Sarimas", "Latitude": 1.548778, "Longitude": 102.090917, "UML ID": "PO1000004470", "Commodity": "CPO", "Supplier": "Pelita Agung Agrindustri - KID", "Status": "Direct Mill", "Trader": null }, "geometry": { "type": "Point", "coordinates": [ 102.090917, 1.548778 ] } },
{ "type": "Feature", "properties": { "PHG ID": "PG-162", "Supplier N": "Multi Palma Sejahtera", "Mill Name": "Multi Palma Sejahtera", "Group": "Multi Palma Sejahtera", "Latitude": 0.414751, "Longitude": 101.667147, "UML ID": "PO1000004172", "Commodity": "CPO", "Supplier": "Pelita Agung Agrindustri - KID", "Status": "Direct Mill", "Trader": null }, "geometry": { "type": "Point", "coordinates": [ 101.667147, 0.414751 ] } },
{ "type": "Feature", "properties": { "PHG ID": "PG-099", "Supplier N": "Persada Agro Sawita", "Mill Name": "Persada Agro Sawita", "Group": "Persada Agro Sawita", "Latitude": -0.408655, "Longitude": 102.358981, "UML ID": "PO1000006176", "Commodity": "CPO", "Supplier": "Pelita Agung Agrindustri - KID", "Status": "Direct Mill", "Trader": null }, "geometry": { "type": "Point", "coordinates": [ 102.358981, -0.408655 ] } },
{ "type": "Feature", "properties": { "PHG ID": "PG-369", "Supplier N": "Rambah Sawit Mandiri", "Mill Name": "Rambah Sawit Mandiri", "Group": "Rambah Sawit Mandiri", "Latitude": 0.818173, "Longitude": 100.435301, "UML ID": "-", "Commodity": "CPO", "Supplier": "Pelita Agung Agrindustri - KID", "Status": "Direct Mill", "Trader": null }, "geometry": { "type": "Point", "coordinates": [ 100.435301, 0.818173 ] } },
{ "type": "Feature", "properties": { "PHG ID": "PG-036", "Supplier N": "Sari Lembah Subur", "Mill Name": "Sari Lembah Subur 1", "Group": "Astra Agro Lestari Tbk", "Latitude": -0.05083, "Longitude": 102.25281, "UML ID": "PO1000004935", "Commodity": "CPO", "Supplier": "Pelita Agung Agrindustri - KID", "Status": "Direct Mill", "Trader": null }, "geometry": { "type": "Point", "coordinates": [ 102.25281, -0.05083 ] } },
{ "type": "Feature", "properties": { "PHG ID": "PG-037", "Supplier N": "Sari Lembah Subur", "Mill Name": "Sari Lembah Subur 2", "Group": "Astra Agro Lestari Tbk", "Latitude": -0.00181, "Longitude": 102.19642, "UML ID": "PO1000007596", "Commodity": "CPO", "Supplier": "Pelita Agung Agrindustri - KID", "Status": "Direct Mill", "Trader": null }, "geometry": { "type": "Point", "coordinates": [ 102.19642, -0.00181 ] } },
{ "type": "Feature", "properties": { "PHG ID": "PG-360", "Supplier N": "Sawit Anugerah Sejahtera", "Mill Name": "Sawit Anugerah Sejahtera", "Group": "Sawit Anugerah Sejahtera", "Latitude": 1.15212, "Longitude": 101.27638, "UML ID": "PO1000004441", "Commodity": "CPO", "Supplier": "Pelita Agung Agrindustri - KID", "Status": "Direct Mill", "Trader": null }, "geometry": { "type": "Point", "coordinates": [ 101.27638, 1.15212 ] } },
{ "type": "Feature", "properties": { "PHG ID": "PG-029", "Supplier N": "Sawit Asahan Indah", "Mill Name": "Sawit Asahan Indah", "Group": "Astra Agro Lestari Tbk", "Latitude": 0.76161, "Longitude": 100.51889, "UML ID": "PO1000004417", "Commodity": "CPO", "Supplier": "Pelita Agung Agrindustri - KID", "Status": "Direct Mill", "Trader": null }, "geometry": { "type": "Point", "coordinates": [ 100.51889, 0.76161 ] } },
{ "type": "Feature", "properties": { "PHG ID": "PG-257", "Supplier N": "Sawitta Unggul Jaya", "Mill Name": "Sawitta Unggul Jaya", "Group": "Sawitta Unggul Jaya", "Latitude": 2.33236, "Longitude": 100.09953, "UML ID": "PO1000004173", "Commodity": "CPO", "Supplier": "Pelita Agung Agrindustri - KID", "Status": "Direct Mill", "Trader": null }, "geometry": { "type": "Point", "coordinates": [ 100.09953, 2.33236 ] } },
{ "type": "Feature", "properties": { "PHG ID": "PG-179", "Supplier N": "Rimba Mujur Mahkota", "Mill Name": "Sikarakara", "Group": "Pasifik Agro Sentosa", "Latitude": 0.672017, "Longitude": 99.092167, "UML ID": "PO1000001960", "Commodity": "CPO", "Supplier": "Pelita Agung Agrindustri - KID", "Status": "Direct Mill", "Trader": null }, "geometry": { "type": "Point", "coordinates": [ 99.092167, 0.672017 ] } },
{ "type": "Feature", "properties": { "PHG ID": "PG-377", "Supplier N": "Sri Ulina Ersada Karina", "Mill Name": "Sri Ulina Ersada Karina", "Group": "Sri Ulina Ersada Karina", "Latitude": 1.323700062, "Longitude": 101.0693876, "UML ID": "PO1000015874", "Commodity": "CPO", "Supplier": "Pelita Agung Agrindustri - KID", "Status": "Direct Mill", "Trader": null }, "geometry": { "type": "Point", "coordinates": [ 101.0693876, 1.323700062 ] } },
{ "type": "Feature", "properties": { "PHG ID": "PG-374", "Supplier N": "Surya Agrolika Reksa", "Mill Name": "Surya Agrolika Reksa Sei Singingi", "Group": "Adimulia", "Latitude": -0.20614, "Longitude": 101.31786, "UML ID": "PO1000007629", "Commodity": "CPO", "Supplier": "Pelita Agung Agrindustri - KID", "Status": "Direct Mill", "Trader": null }, "geometry": { "type": "Point", "coordinates": [ 101.31786, -0.20614 ] } },
{ "type": "Feature", "properties": { "PHG ID": "PG-142", "Supplier N": "Aneka Inti Persada", "Mill Name": "Teluk Siak", "Group": "Minamas", "Latitude": 0.59139, "Longitude": 101.65889, "UML ID": "PO1000000317", "Commodity": "CPO", "Supplier": "Pelita Agung Agrindustri - KID", "Status": "Direct Mill", "Trader": null }, "geometry": { "type": "Point", "coordinates": [ 101.65889, 0.59139 ] } },
{ "type": "Feature", "properties": { "PHG ID": "PG-378", "Supplier N": "Tumpuan", "Mill Name": "Tumpuan", "Group": "Bukit Barisan Indah Prima", "Latitude": 1.28978686, "Longitude": 101.0550173, "UML ID": "-", "Commodity": "CPO", "Supplier": "Pelita Agung Agrindustri - KID", "Status": "Direct Mill", "Trader": null }, "geometry": { "type": "Point", "coordinates": [ 101.0550173, 1.28978686 ] } },
{ "type": "Feature", "properties": { "PHG ID": "PG-038", "Supplier N": "Tunggal Perkasa Plantation", "Mill Name": "Tunggal Perkasa Plantation", "Group": "Astra Agro Lestari Tbk", "Latitude": -0.30264, "Longitude": 102.27317, "UML ID": "PO1000004372", "Commodity": "CPO", "Supplier": "Pelita Agung Agrindustri - KID", "Status": "Direct Mill", "Trader": null }, "geometry": { "type": "Point", "coordinates": [ 102.27317, -0.30264 ] } },
{ "type": "Feature", "properties": { "PHG ID": "PG-003", "Supplier N": "Adimulia Agrolestari", "Mill Name": "Adimulia Agrolestari", "Group": "Adimulia", "Latitude": -0.109569, "Longitude": 101.38652, "UML ID": "PO1000004351", "Commodity": "CPO", "Supplier": "Pelita Agung Agrindustri - KID", "Status": "Indirect Mill", "Trader": "Permata Hijau Indonesia" }, "geometry": { "type": "Point", "coordinates": [ 101.38652, -0.109569 ] } },
{ "type": "Feature", "properties": { "PHG ID": "PG-019", "Supplier N": "Anugerah Agro Sawit Perkasa", "Mill Name": "Anugerah Agro Sawit Perkasa", "Group": "Anugerah Agro Sawit Perkasa", "Latitude": 1.84464, "Longitude": 100.44456, "UML ID": "PO1000008585", "Commodity": "CPO", "Supplier": "Pelita Agung Agrindustri - KID", "Status": "Indirect Mill", "Trader": "Permata Hijau Indonesia" }, "geometry": { "type": "Point", "coordinates": [ 100.44456, 1.84464 ] } },
{ "type": "Feature", "properties": { "PHG ID": "PG-106", "Supplier N": "Arya Rama Prakarsa", "Mill Name": "Arya Rama Prakarsa", "Group": "Genk Agro Mas", "Latitude": 1.22097, "Longitude": 100.38383, "UML ID": "PO1000008279", "Commodity": "CPO", "Supplier": "Pelita Agung Agrindustri - KID", "Status": "Indirect Mill", "Trader": "Permata Hijau Indonesia" }, "geometry": { "type": "Point", "coordinates": [ 100.38383, 1.22097 ] } },
{ "type": "Feature", "properties": { "PHG ID": "PG-367", "Supplier N": "Erakarya Mukti Jaya", "Mill Name": "Erakarya Mukti Jaya", "Group": "Graha", "Latitude": 1.846573, "Longitude": 100.962274, "UML ID": "PO1000017932", "Commodity": "CPO", "Supplier": "Pelita Agung Agrindustri - KID", "Status": "Indirect Mill", "Trader": "Permata Hijau Indonesia" }, "geometry": { "type": "Point", "coordinates": [ 100.962274, 1.846573 ] } },
{ "type": "Feature", "properties": { "PHG ID": "PG-157", "Supplier N": "Gruti Lestari Pratama", "Mill Name": "Gruti Lestari Pratama", "Group": "Mujur Timber Group", "Latitude": 0.51372, "Longitude": 99.270246, "UML ID": "PO1000007541", "Commodity": "CPO", "Supplier": "Pelita Agung Agrindustri - KID", "Status": "Indirect Mill", "Trader": "Permata Hijau Indonesia" }, "geometry": { "type": "Point", "coordinates": [ 99.270246, 0.51372 ] } },
{ "type": "Feature", "properties": { "PHG ID": "PG-379", "Supplier N": "Jaya Gemilang Sukses", "Mill Name": "Jaya Gemilang Sukses", "Group": "Jaya Gemilang Sukses", "Latitude": 1.59927, "Longitude": 100.90593, "UML ID": "PO1000007653", "Commodity": "CPO", "Supplier": "Pelita Agung Agrindustri - KID", "Status": "Indirect Mill", "Trader": "Permata Hijau Indonesia" }, "geometry": { "type": "Point", "coordinates": [ 100.90593, 1.59927 ] } },
{ "type": "Feature", "properties": { "PHG ID": "PG-101", "Supplier N": "Kamparindo Agro Industri", "Mill Name": "Kamparindo Agro Industri", "Group": "Kamparindo Agro Industri", "Latitude": 0.86587, "Longitude": 101.286221, "UML ID": "PO1000008268", "Commodity": "CPO", "Supplier": "Pelita Agung Agrindustri - KID", "Status": "Indirect Mill", "Trader": "Permata Hijau Indonesia" }, "geometry": { "type": "Point", "coordinates": [ 101.286221, 0.86587 ] } },
{ "type": "Feature", "properties": { "PHG ID": "PG-346", "Supplier N": "Kamparindo Agro Industri", "Mill Name": "Kamparindo Agro Industri 2", "Group": "Kamparindo Agro Industri", "Latitude": -0.75331, "Longitude": 101.72725, "UML ID": "PO1000016677", "Commodity": "CPO", "Supplier": "Pelita Agung Agrindustri - KID", "Status": "Indirect Mill", "Trader": "Permata Hijau Indonesia" }, "geometry": { "type": "Point", "coordinates": [ 101.72725, -0.75331 ] } },
{ "type": "Feature", "properties": { "PHG ID": "PG-104", "Supplier N": "Karya Samo Mas", "Mill Name": "Karya Samo Mas", "Group": "Karya Samo Mas", "Latitude": 0.792881, "Longitude": 100.473153, "UML ID": "PO1000014623", "Commodity": "CPO", "Supplier": "Pelita Agung Agrindustri - KID", "Status": "Indirect Mill", "Trader": "Permata Hijau Indonesia" }, "geometry": { "type": "Point", "coordinates": [ 100.473153, 0.792881 ] } },
{ "type": "Feature", "properties": { "PHG ID": "PG-107", "Supplier N": "Kencana Agro Persada", "Mill Name": "Kencana Agro Persada", "Group": "Genk Agro Mas", "Latitude": 0.60525, "Longitude": 101.24161, "UML ID": "PO1000011194", "Commodity": "CPO", "Supplier": "Pelita Agung Agrindustri - KID", "Status": "Indirect Mill", "Trader": "Permata Hijau Indonesia" }, "geometry": { "type": "Point", "coordinates": [ 101.24161, 0.60525 ] } },
{ "type": "Feature", "properties": { "PHG ID": "PG-331", "Supplier N": "Kencana Agro Sejahtera", "Mill Name": "Kencana Agro Sejahtera", "Group": "Genk Agro Mas", "Latitude": 1.37743, "Longitude": 100.32697, "UML ID": "PO1000015291", "Commodity": "CPO", "Supplier": "Pelita Agung Agrindustri - KID", "Status": "Indirect Mill", "Trader": "Permata Hijau Indonesia" }, "geometry": { "type": "Point", "coordinates": [ 100.32697, 1.37743 ] } },
{ "type": "Feature", "properties": { "PHG ID": "PG-111", "Supplier N": "Kencana Persada Nusantara", "Mill Name": "Kencana Persada Nusantara", "Group": "Genk Agro Mas", "Latitude": 1.175, "Longitude": 100.233, "UML ID": "PO1000004442", "Commodity": "CPO", "Supplier": "Pelita Agung Agrindustri - KID", "Status": "Indirect Mill", "Trader": "Permata Hijau Indonesia" }, "geometry": { "type": "Point", "coordinates": [ 100.233, 1.175 ] } },
{ "type": "Feature", "properties": { "PHG ID": "PG-112", "Supplier N": "Kencana Utama Sejati", "Mill Name": "Kencana Utama Sejati", "Group": "Genk Agro Mas", "Latitude": 1.06897, "Longitude": 100.11719, "UML ID": "PO1000007569", "Commodity": "CPO", "Supplier": "Pelita Agung Agrindustri - KID", "Status": "Indirect Mill", "Trader": "Permata Hijau Indonesia" }, "geometry": { "type": "Point", "coordinates": [ 100.11719, 1.06897 ] } },
{ "type": "Feature", "properties": { "PHG ID": "PG-127", "Supplier N": "Libo Sawit Perkasa", "Mill Name": "Libo Sawit Perkasa", "Group": "Libo Sawit Perkasa", "Latitude": 0.95606, "Longitude": 101.14094, "UML ID": "PO1000004239", "Commodity": "CPO", "Supplier": "Pelita Agung Agrindustri - KID", "Status": "Indirect Mill", "Trader": "Permata Hijau Indonesia" }, "geometry": { "type": "Point", "coordinates": [ 101.14094, 0.95606 ] } },
{ "type": "Feature", "properties": { "PHG ID": "PG-134", "Supplier N": "Maju Indoraya", "Mill Name": "Maju Indoraya", "Group": "Maju Indo Raya", "Latitude": 1.40914, "Longitude": 98.85764, "UML ID": "PO1000004461", "Commodity": "CPO", "Supplier": "Pelita Agung Agrindustri - KID", "Status": "Indirect Mill", "Trader": "Permata Hijau Indonesia" }, "geometry": { "type": "Point", "coordinates": [ 98.85764, 1.40914 ] } },
{ "type": "Feature", "properties": { "PHG ID": "PG-165", "Supplier N": "Mustika Agung Sarana Sejahtera", "Mill Name": "Mustika Agung Sarana Sejahtera", "Group": "Mustika", "Latitude": 1.74944, "Longitude": 100.93017, "UML ID": "PO1000007661", "Commodity": "CPO", "Supplier": "Pelita Agung Agrindustri - KID", "Status": "Indirect Mill", "Trader": "Permata Hijau Indonesia" }, "geometry": { "type": "Point", "coordinates": [ 100.93017, 1.74944 ] } },
{ "type": "Feature", "properties": { "PHG ID": "PG-166", "Supplier N": "Mustika Agung Sawit Gemilang", "Mill Name": "Mustika Agung Sawit Gemilang", "Group": "Mustika", "Latitude": -0.52528, "Longitude": 101.99339, "UML ID": "PO1000011182", "Commodity": "CPO", "Supplier": "Pelita Agung Agrindustri - KID", "Status": "Indirect Mill", "Trader": "Permata Hijau Indonesia" }, "geometry": { "type": "Point", "coordinates": [ 101.99339, -0.52528 ] } },
{ "type": "Feature", "properties": { "PHG ID": "PG-167", "Supplier N": "Mustika Agung Sawit Sejahtera", "Mill Name": "Mustika Agung Sawit Sejahtera", "Group": "Mustika", "Latitude": 1.224, "Longitude": 101.242, "UML ID": "PO1000004255", "Commodity": "CPO", "Supplier": "Pelita Agung Agrindustri - KID", "Status": "Indirect Mill", "Trader": "Permata Hijau Indonesia" }, "geometry": { "type": "Point", "coordinates": [ 101.242, 1.224 ] } },
{ "type": "Feature", "properties": { "PHG ID": "PG-182", "Supplier N": "Perawang Agro Sejahtera", "Mill Name": "Perawang Agro Sejahtera", "Group": "Perawang Agro Sejahtera", "Latitude": 0.59747, "Longitude": 101.62136, "UML ID": "PO1000013779", "Commodity": "CPO", "Supplier": "Pelita Agung Agrindustri - KID", "Status": "Indirect Mill", "Trader": "Permata Hijau Indonesia" }, "geometry": { "type": "Point", "coordinates": [ 101.62136, 0.59747 ] } },
{ "type": "Feature", "properties": { "PHG ID": "PG-337", "Supplier N": "Persada Nusa Nabati Indonesia", "Mill Name": "Persada Nusa Nabati Indonesia", "Group": "Persada Nusa Nabati Indonesia", "Latitude": 0.649, "Longitude": 101.485, "UML ID": "PO1000006153", "Commodity": "CPO", "Supplier": "Pelita Agung Agrindustri - KID", "Status": "Indirect Mill", "Trader": "Permata Hijau Indonesia" }, "geometry": { "type": "Point", "coordinates": [ 101.485, 0.649 ] } },
{ "type": "Feature", "properties": { "PHG ID": "PG-084", "Supplier N": "Pujud Karya Sawit", "Mill Name": "Pujud Karya Sawit", "Group": "Graha", "Latitude": 1.37486, "Longitude": 100.52783, "UML ID": "PO1000004456", "Commodity": "CPO", "Supplier": "Pelita Agung Agrindustri - KID", "Status": "Indirect Mill", "Trader": "Permata Hijau Indonesia" }, "geometry": { "type": "Point", "coordinates": [ 100.52783, 1.37486 ] } },
{ "type": "Feature", "properties": { "PHG ID": "PG-260", "Supplier N": "Semunai Sawit Perkasa", "Mill Name": "Semunai Sawit Perkasa", "Group": "Semunai Sawit Perkasa", "Latitude": 1.16339, "Longitude": 101.27806, "UML ID": "PO1000008278", "Commodity": "CPO", "Supplier": "Pelita Agung Agrindustri - KID", "Status": "Indirect Mill", "Trader": "Permata Hijau Indonesia" }, "geometry": { "type": "Point", "coordinates": [ 101.27806, 1.16339 ] } },
{ "type": "Feature", "properties": { "PHG ID": "PG-264", "Supplier N": "Sianipar Integritas Agrindo", "Mill Name": "Sianipar Integritas Agrindo", "Group": "Sianipar Integritas Agrindo", "Latitude": 1.5385, "Longitude": 100.43408, "UML ID": "PO1000014624", "Commodity": "CPO", "Supplier": "Pelita Agung Agrindustri - KID", "Status": "Indirect Mill", "Trader": "Permata Hijau Indonesia" }, "geometry": { "type": "Point", "coordinates": [ 100.43408, 1.5385 ] } },
{ "type": "Feature", "properties": { "PHG ID": "PG-005", "Supplier N": "Surya Agrolika Reksa", "Mill Name": "Surya Agrolika Reksa Sei Basau", "Group": "Adimulia", "Latitude": -0.13867, "Longitude": 101.39636, "UML ID": "PO1000004358", "Commodity": "CPO", "Supplier": "Pelita Agung Agrindustri - KID", "Status": "Indirect Mill", "Trader": "Permata Hijau Indonesia" }, "geometry": { "type": "Point", "coordinates": [ 101.39636, -0.13867 ] } },
{ "type": "Feature", "properties": { "PHG ID": "PG-374", "Supplier N": "Surya Agrolika Reksa", "Mill Name": "Surya Agrolika Reksa Sei Singingi", "Group": "Adimulia", "Latitude": -0.20614, "Longitude": 101.31786, "UML ID": "PO1000007629", "Commodity": "CPO", "Supplier": "Pelita Agung Agrindustri - KID", "Status": "Indirect Mill", "Trader": "Permata Hijau Indonesia" }, "geometry": { "type": "Point", "coordinates": [ 101.31786, -0.20614 ] } },
{ "type": "Feature", "properties": { "PHG ID": "PG-290", "Supplier N": "Swastisiddhi Amagra", "Mill Name": "Libo Jaya", "Group": "Swastisiddhi Amagra", "Latitude": 0.947, "Longitude": 101.097, "UML ID": "PO1000008269", "Commodity": "CPO", "Supplier": "Pelita Agung Agrindustri - KID", "Status": "Indirect Mill", "Trader": "Permata Hijau Indonesia" }, "geometry": { "type": "Point", "coordinates": [ 101.097, 0.947 ] } },
{ "type": "Feature", "properties": { "PHG ID": "PG-378", "Supplier N": "Tumpuan", "Mill Name": "Tumpuan", "Group": "Bukit Barisan Indah Prima", "Latitude": 1.28978686, "Longitude": 101.0550173, "UML ID": "-", "Commodity": "CPO", "Supplier": "Pelita Agung Agrindustri - KID", "Status": "Indirect Mill", "Trader": "Permata Hijau Indonesia" }, "geometry": { "type": "Point", "coordinates": [ 101.0550173, 1.28978686 ] } },
{ "type": "Feature", "properties": { "PHG ID": "PG-003", "Supplier N": "Adimulia Agrolestari", "Mill Name": "Adimulia Agrolestari", "Group": "Adimulia", "Latitude": -0.109569, "Longitude": 101.38652, "UML ID": "PO1000004351", "Commodity": "CPO", "Supplier": "Pelita Agung Agrindustri - KID", "Status": "Indirect Mill", "Trader": "Nubika Jaya" }, "geometry": { "type": "Point", "coordinates": [ 101.38652, -0.109569 ] } },
{ "type": "Feature", "properties": { "PHG ID": "PG-019", "Supplier N": "Anugerah Agro Sawit Perkasa", "Mill Name": "Anugerah Agro Sawit Perkasa", "Group": "Anugerah Agro Sawit Perkasa", "Latitude": 1.84464, "Longitude": 100.44456, "UML ID": "PO1000008585", "Commodity": "CPO", "Supplier": "Pelita Agung Agrindustri - KID", "Status": "Indirect Mill", "Trader": "Nubika Jaya" }, "geometry": { "type": "Point", "coordinates": [ 100.44456, 1.84464 ] } },
{ "type": "Feature", "properties": { "PHG ID": "PG-106", "Supplier N": "Arya Rama Prakarsa", "Mill Name": "Arya Rama Prakarsa", "Group": "Genk Agro Mas", "Latitude": 1.22097, "Longitude": 100.38383, "UML ID": "PO1000008279", "Commodity": "CPO", "Supplier": "Pelita Agung Agrindustri - KID", "Status": "Indirect Mill", "Trader": "Nubika Jaya" }, "geometry": { "type": "Point", "coordinates": [ 100.38383, 1.22097 ] } },
{ "type": "Feature", "properties": { "PHG ID": "PG-367", "Supplier N": "Erakarya Mukti Jaya", "Mill Name": "Erakarya Mukti Jaya", "Group": "Graha", "Latitude": 1.846573, "Longitude": 100.962274, "UML ID": "PO1000017932", "Commodity": "CPO", "Supplier": "Pelita Agung Agrindustri - KID", "Status": "Indirect Mill", "Trader": "Nubika Jaya" }, "geometry": { "type": "Point", "coordinates": [ 100.962274, 1.846573 ] } },
{ "type": "Feature", "properties": { "PHG ID": "PG-157", "Supplier N": "Gruti Lestari Pratama", "Mill Name": "Gruti Lestari Pratama", "Group": "Mujur Timber Group", "Latitude": 0.51372, "Longitude": 99.270246, "UML ID": "PO1000007541", "Commodity": "CPO", "Supplier": "Pelita Agung Agrindustri - KID", "Status": "Indirect Mill", "Trader": "Nubika Jaya" }, "geometry": { "type": "Point", "coordinates": [ 99.270246, 0.51372 ] } },
{ "type": "Feature", "properties": { "PHG ID": "PG-086", "Supplier N": "Guna Agung Semesta", "Mill Name": "Guna Agung Semesta", "Group": "Guna Agung Semesta", "Latitude": 0.988, "Longitude": 101.243, "UML ID": "PO1000006328", "Commodity": "CPO", "Supplier": "Pelita Agung Agrindustri - KID", "Status": "Indirect Mill", "Trader": "Nubika Jaya" }, "geometry": { "type": "Point", "coordinates": [ 101.243, 0.988 ] } },
{ "type": "Feature", "properties": { "PHG ID": "PG-346", "Supplier N": "Kamparindo Agro Industri", "Mill Name": "Kamparindo Agro Industri 2", "Group": "Kamparindo Agro Industri", "Latitude": -0.75331, "Longitude": 101.72725, "UML ID": "PO1000016677", "Commodity": "CPO", "Supplier": "Pelita Agung Agrindustri - KID", "Status": "Indirect Mill", "Trader": "Nubika Jaya" }, "geometry": { "type": "Point", "coordinates": [ 101.72725, -0.75331 ] } },
{ "type": "Feature", "properties": { "PHG ID": "PG-107", "Supplier N": "Kencana Agro Persada", "Mill Name": "Kencana Agro Persada", "Group": "Genk Agro Mas", "Latitude": 0.60525, "Longitude": 101.24161, "UML ID": "PO1000011194", "Commodity": "CPO", "Supplier": "Pelita Agung Agrindustri - KID", "Status": "Indirect Mill", "Trader": "Nubika Jaya" }, "geometry": { "type": "Point", "coordinates": [ 101.24161, 0.60525 ] } },
{ "type": "Feature", "properties": { "PHG ID": "PG-331", "Supplier N": "Kencana Agro Sejahtera", "Mill Name": "Kencana Agro Sejahtera", "Group": "Genk Agro Mas", "Latitude": 1.37743, "Longitude": 100.32697, "UML ID": "PO1000015291", "Commodity": "CPO", "Supplier": "Pelita Agung Agrindustri - KID", "Status": "Indirect Mill", "Trader": "Nubika Jaya" }, "geometry": { "type": "Point", "coordinates": [ 100.32697, 1.37743 ] } },
{ "type": "Feature", "properties": { "PHG ID": "PG-111", "Supplier N": "Kencana Persada Nusantara", "Mill Name": "Kencana Persada Nusantara", "Group": "Genk Agro Mas", "Latitude": 1.175, "Longitude": 100.233, "UML ID": "PO1000004442", "Commodity": "CPO", "Supplier": "Pelita Agung Agrindustri - KID", "Status": "Indirect Mill", "Trader": "Nubika Jaya" }, "geometry": { "type": "Point", "coordinates": [ 100.233, 1.175 ] } },
{ "type": "Feature", "properties": { "PHG ID": "PG-290", "Supplier N": "Swastisiddhi Amagra", "Mill Name": "Libo Jaya", "Group": "Swastisiddhi Amagra", "Latitude": 0.947, "Longitude": 101.097, "UML ID": "PO1000008269", "Commodity": "CPO", "Supplier": "Pelita Agung Agrindustri - KID", "Status": "Indirect Mill", "Trader": "Nubika Jaya" }, "geometry": { "type": "Point", "coordinates": [ 101.097, 0.947 ] } },
{ "type": "Feature", "properties": { "PHG ID": "PG-127", "Supplier N": "Libo Sawit Perkasa", "Mill Name": "Libo Sawit Perkasa", "Group": "Libo Sawit Perkasa", "Latitude": 0.95606, "Longitude": 101.14094, "UML ID": "PO1000004239", "Commodity": "CPO", "Supplier": "Pelita Agung Agrindustri - KID", "Status": "Indirect Mill", "Trader": "Nubika Jaya" }, "geometry": { "type": "Point", "coordinates": [ 101.14094, 0.95606 ] } },
{ "type": "Feature", "properties": { "PHG ID": "PG-134", "Supplier N": "Maju Indoraya", "Mill Name": "Maju Indoraya", "Group": "Maju Indo Raya", "Latitude": 1.40914, "Longitude": 98.85764, "UML ID": "PO1000004461", "Commodity": "CPO", "Supplier": "Pelita Agung Agrindustri - KID", "Status": "Indirect Mill", "Trader": "Nubika Jaya" }, "geometry": { "type": "Point", "coordinates": [ 98.85764, 1.40914 ] } },
{ "type": "Feature", "properties": { "PHG ID": "PG-167", "Supplier N": "Mustika Agung Sawit Sejahtera", "Mill Name": "Mustika Agung Sawit Sejahtera", "Group": "Mustika", "Latitude": 1.224, "Longitude": 101.242, "UML ID": "PO1000004255", "Commodity": "CPO", "Supplier": "Pelita Agung Agrindustri - KID", "Status": "Indirect Mill", "Trader": "Nubika Jaya" }, "geometry": { "type": "Point", "coordinates": [ 101.242, 1.224 ] } },
{ "type": "Feature", "properties": { "PHG ID": "PG-182", "Supplier N": "Perawang Agro Sejahtera", "Mill Name": "Perawang Agro Sejahtera", "Group": "Perawang Agro Sejahtera", "Latitude": 0.59747, "Longitude": 101.62136, "UML ID": "PO1000013779", "Commodity": "CPO", "Supplier": "Pelita Agung Agrindustri - KID", "Status": "Indirect Mill", "Trader": "Nubika Jaya" }, "geometry": { "type": "Point", "coordinates": [ 101.62136, 0.59747 ] } },
{ "type": "Feature", "properties": { "PHG ID": "PG-337", "Supplier N": "Persada Nusa Nabati Indonesia", "Mill Name": "Persada Nusa Nabati Indonesia", "Group": "Persada Nusa Nabati Indonesia", "Latitude": 0.649, "Longitude": 101.485, "UML ID": "PO1000006153", "Commodity": "CPO", "Supplier": "Pelita Agung Agrindustri - KID", "Status": "Indirect Mill", "Trader": "Nubika Jaya" }, "geometry": { "type": "Point", "coordinates": [ 101.485, 0.649 ] } },
{ "type": "Feature", "properties": { "PHG ID": "PG-084", "Supplier N": "Pujud Karya Sawit", "Mill Name": "Pujud Karya Sawit", "Group": "Graha", "Latitude": 1.37486, "Longitude": 100.52783, "UML ID": "PO1000004456", "Commodity": "CPO", "Supplier": "Pelita Agung Agrindustri - KID", "Status": "Indirect Mill", "Trader": "Nubika Jaya" }, "geometry": { "type": "Point", "coordinates": [ 100.52783, 1.37486 ] } },
{ "type": "Feature", "properties": { "PHG ID": "PG-253", "Supplier N": "Sawit Riau Makmur", "Mill Name": "Sawit Riau Makmur", "Group": "Sawit Riau Makmur", "Latitude": 1.534374, "Longitude": 100.992972, "UML ID": "PO1000004263", "Commodity": "CPO", "Supplier": "Pelita Agung Agrindustri - KID", "Status": "Indirect Mill", "Trader": "Nubika Jaya" }, "geometry": { "type": "Point", "coordinates": [ 100.992972, 1.534374 ] } },
{ "type": "Feature", "properties": { "PHG ID": "PG-260", "Supplier N": "Semunai Sawit Perkasa", "Mill Name": "Semunai Sawit Perkasa", "Group": "Semunai Sawit Perkasa", "Latitude": 1.16339, "Longitude": 101.27806, "UML ID": "PO1000008278", "Commodity": "CPO", "Supplier": "Pelita Agung Agrindustri - KID", "Status": "Indirect Mill", "Trader": "Nubika Jaya" }, "geometry": { "type": "Point", "coordinates": [ 101.27806, 1.16339 ] } },
{ "type": "Feature", "properties": { "PHG ID": "PG-005", "Supplier N": "Surya Agrolika Reksa", "Mill Name": "Surya Agrolika Reksa Sei Basau", "Group": "Adimulia", "Latitude": -0.13867, "Longitude": 101.39636, "UML ID": "PO1000004358", "Commodity": "CPO", "Supplier": "Pelita Agung Agrindustri - KID", "Status": "Indirect Mill", "Trader": "Nubika Jaya" }, "geometry": { "type": "Point", "coordinates": [ 101.39636, -0.13867 ] } },
{ "type": "Feature", "properties": { "PHG ID": "PG-004", "Supplier N": "Adimulia Palmo Lestari", "Mill Name": "Adimulia Palmo Lestari", "Group": "Adimulia", "Latitude": -1.70526, "Longitude": 102.7823, "UML ID": "PO1000010257", "Commodity": "CPO", "Supplier": "Pelita Agung Agrindustri - KID", "Status": "Indirect Mill", "Trader": "Talang Duku" }, "geometry": { "type": "Point", "coordinates": [ 102.7823, -1.70526 ] } },
{ "type": "Feature", "properties": { "PHG ID": "PG-354", "Supplier N": "Agrindo Panca Tunggal Perkasa", "Mill Name": "Agrindo Panca Tunggal Perkasa", "Group": "Agrindo Panca Tunggal Perkasa", "Latitude": -2.36757, "Longitude": 102.79132, "UML ID": "PO1000016966", "Commodity": "CPO", "Supplier": "Pelita Agung Agrindustri - KID", "Status": "Indirect Mill", "Trader": "Talang Duku" }, "geometry": { "type": "Point", "coordinates": [ 102.79132, -2.36757 ] } },
{ "type": "Feature", "properties": { "PHG ID": "PG-345", "Supplier N": "Anekapura Multikerta", "Mill Name": "Anekapura Multikerta", "Group": "Anekapura Multikerta", "Latitude": -1.079265, "Longitude": 103.008358, "UML ID": "PO1000004842", "Commodity": "CPO", "Supplier": "Pelita Agung Agrindustri - KID", "Status": "Indirect Mill", "Trader": "Talang Duku" }, "geometry": { "type": "Point", "coordinates": [ 103.008358, -1.079265 ] } },
{ "type": "Feature", "properties": { "PHG ID": "PG-309", "Supplier N": "Bahari Gembira Ria", "Mill Name": "Ladang Panjang", "Group": "Minamas", "Latitude": -1.79167, "Longitude": 103.79139, "UML ID": "PO1000000315", "Commodity": "CPO", "Supplier": "Pelita Agung Agrindustri - KID", "Status": "Indirect Mill", "Trader": "Talang Duku" }, "geometry": { "type": "Point", "coordinates": [ 103.79139, -1.79167 ] } },
{ "type": "Feature", "properties": { "PHG ID": "PG-308", "Supplier N": "Batanghari Sawit Sejahtera", "Mill Name": "Batanghari Sawit Sejahtera", "Group": "Bukit Barisan Indah Prima", "Latitude": -1.347646, "Longitude": 103.542529, "UML ID": "PO1000004455", "Commodity": "CPO", "Supplier": "Pelita Agung Agrindustri - KID", "Status": "Indirect Mill", "Trader": "Talang Duku" }, "geometry": { "type": "Point", "coordinates": [ 103.542529, -1.347646 ] } },
{ "type": "Feature", "properties": { "PHG ID": "PG-056", "Supplier N": "Bungo Suko Menanti", "Mill Name": "Bungo Suko Menanti", "Group": "Bungo Suko Menanti", "Latitude": -1.30817, "Longitude": 101.76408, "UML ID": "PO1000009558", "Commodity": "CPO", "Supplier": "Pelita Agung Agrindustri - KID", "Status": "Indirect Mill", "Trader": "Talang Duku" }, "geometry": { "type": "Point", "coordinates": [ 101.76408, -1.30817 ] } },
{ "type": "Feature", "properties": { "PHG ID": "PG-386", "Supplier N": "Dua Semeru Putra Mandiri", "Mill Name": "Dua Semeru Putra Mandiri", "Group": "Dua Semeru Putra Mandiri", "Latitude": -2.287189, "Longitude": 102.676234, "UML ID": "-", "Commodity": "CPO", "Supplier": "Pelita Agung Agrindustri - KID", "Status": "Indirect Mill", "Trader": "Talang Duku" }, "geometry": { "type": "Point", "coordinates": [ 102.676234, -2.287189 ] } },
{ "type": "Feature", "properties": { "PHG ID": "PG-387", "Supplier N": "Gemilang Bersama Utama Palm Oil", "Mill Name": "Gemilang Bersama Utama Palm Oil", "Group": "Gemilang Bersama Utama Palm Oil", "Latitude": -1.749137, "Longitude": 103.882261, "UML ID": "-", "Commodity": "CPO", "Supplier": "Pelita Agung Agrindustri - KID", "Status": "Indirect Mill", "Trader": "Talang Duku" }, "geometry": { "type": "Point", "coordinates": [ 103.882261, -1.749137 ] } },
{ "type": "Feature", "properties": { "PHG ID": "PG-364", "Supplier N": "Kaspari Agro Sentosa", "Mill Name": "Kaspari Agro Sentosa", "Group": "Kaspari Agro Sentosa", "Latitude": -1.78292, "Longitude": 103.488414, "UML ID": "PO1000017064", "Commodity": "CPO", "Supplier": "Pelita Agung Agrindustri - KID", "Status": "Indirect Mill", "Trader": "Talang Duku" }, "geometry": { "type": "Point", "coordinates": [ 103.488414, -1.78292 ] } },
{ "type": "Feature", "properties": { "PHG ID": "PG-105", "Supplier N": "Kedaton Mulia Primas", "Mill Name": "Kedaton Mulia Primas", "Group": "Palma Group (Not Official Yet)", "Latitude": -1.90717, "Longitude": 103.01361, "UML ID": "PO1000008345", "Commodity": "CPO", "Supplier": "Pelita Agung Agrindustri - KID", "Status": "Indirect Mill", "Trader": "Talang Duku" }, "geometry": { "type": "Point", "coordinates": [ 103.01361, -1.90717 ] } },
{ "type": "Feature", "properties": { "PHG ID": "PG-121", "Supplier N": "Kurnia Batang Hari Berjaya", "Mill Name": "Kurnia Batang Hari Berjaya", "Group": "Kurnia Batang Hari Berjaya", "Latitude": -1.78872, "Longitude": 103.07972, "UML ID": "PO1000009559", "Commodity": "CPO", "Supplier": "Pelita Agung Agrindustri - KID", "Status": "Indirect Mill", "Trader": "Talang Duku" }, "geometry": { "type": "Point", "coordinates": [ 103.07972, -1.78872 ] } },
{ "type": "Feature", "properties": { "PHG ID": "PG-382", "Supplier N": "Kurnia Merangin Berjaya", "Mill Name": "Kurnia Merangin Berjaya", "Group": "Kurnia Merangin Berjaya", "Latitude": -2.18175, "Longitude": 102.47051, "UML ID": "PO1000016969", "Commodity": "CPO", "Supplier": "Pelita Agung Agrindustri - KID", "Status": "Indirect Mill", "Trader": "Talang Duku" }, "geometry": { "type": "Point", "coordinates": [ 102.47051, -2.18175 ] } },
{ "type": "Feature", "properties": { "PHG ID": "PG-122", "Supplier N": "Kurnia Palma Agung Lestari", "Mill Name": "Kurnia Palma Agung Lestari", "Group": "Kurnia Palma Agung Lestari", "Latitude": -1.791, "Longitude": 102.25808, "UML ID": "PO1000013888", "Commodity": "CPO", "Supplier": "Pelita Agung Agrindustri - KID", "Status": "Indirect Mill", "Trader": "Talang Duku" }, "geometry": { "type": "Point", "coordinates": [ 102.25808, -1.791 ] } },
{ "type": "Feature", "properties": { "PHG ID": "PG-388", "Supplier N": "Kurnia Palma Berjaya", "Mill Name": "Kurnia Palma Berjaya", "Group": "Kurnia Palma Berjaya", "Latitude": -1.51697, "Longitude": 102.651138, "UML ID": "-", "Commodity": "CPO", "Supplier": "Pelita Agung Agrindustri - KID", "Status": "Indirect Mill", "Trader": "Talang Duku" }, "geometry": { "type": "Point", "coordinates": [ 102.651138, -1.51697 ] } },
{ "type": "Feature", "properties": { "PHG ID": "PG-140", "Supplier N": "Merlung Inti Lestari", "Mill Name": "Merlung Inti Lestari", "Group": "Merlung Inti Lestari", "Latitude": -1.32864, "Longitude": 103.27372, "UML ID": "PO1000011556", "Commodity": "CPO", "Supplier": "Pelita Agung Agrindustri - KID", "Status": "Indirect Mill", "Trader": "Talang Duku" }, "geometry": { "type": "Point", "coordinates": [ 103.27372, -1.32864 ] } },
{ "type": "Feature", "properties": { "PHG ID": "PG-149", "Supplier N": "Mitra Agrolika Sejahtera", "Mill Name": "Mitra Agrolika Sejahtera", "Group": "Mitra Agrolika Sejahtera", "Latitude": -1.96278, "Longitude": 103.61547, "UML ID": "PO1000004323", "Commodity": "CPO", "Supplier": "Pelita Agung Agrindustri - KID", "Status": "Indirect Mill", "Trader": "Talang Duku" }, "geometry": { "type": "Point", "coordinates": [ 103.61547, -1.96278 ] } },
{ "type": "Feature", "properties": { "PHG ID": "PG-156", "Supplier N": "Muara Jambi Sawit Lestari", "Mill Name": "Muara Jambi Sawit Lestari", "Group": "Muara Jambi Sawit Lestari", "Latitude": -1.256, "Longitude": 103.70772, "UML ID": "PO1000008221", "Commodity": "CPO", "Supplier": "Pelita Agung Agrindustri - KID", "Status": "Indirect Mill", "Trader": "Talang Duku" }, "geometry": { "type": "Point", "coordinates": [ 103.70772, -1.256 ] } },
{ "type": "Feature", "properties": { "PHG ID": "PG-170", "Supplier N": "Palma Abadi", "Mill Name": "Palma Abadi", "Group": "Palma Group (Not Official Yet)", "Latitude": -1.321313, "Longitude": 103.266629, "UML ID": "PO1000004452", "Commodity": "CPO", "Supplier": "Pelita Agung Agrindustri - KID", "Status": "Indirect Mill", "Trader": "Talang Duku" }, "geometry": { "type": "Point", "coordinates": [ 103.266629, -1.321313 ] } },
{ "type": "Feature", "properties": { "PHG ID": "PG-171", "Supplier N": "Palma Gemilang Kencana", "Mill Name": "Palma Gemilang Kencana", "Group": "Palma Gemilang Kencana", "Latitude": -1.299, "Longitude": 103.487, "UML ID": "PO1000010016", "Commodity": "CPO", "Supplier": "Pelita Agung Agrindustri - KID", "Status": "Indirect Mill", "Trader": "Talang Duku" }, "geometry": { "type": "Point", "coordinates": [ 103.487, -1.299 ] } },
{ "type": "Feature", "properties": { "PHG ID": "PG-172", "Supplier N": "Palma Jaya Sejahtera", "Mill Name": "Palma Jaya Sejahtera", "Group": "Palma Group (Not Official Yet)", "Latitude": -1.87458, "Longitude": 103.56028, "UML ID": "PO1000004498", "Commodity": "CPO", "Supplier": "Pelita Agung Agrindustri - KID", "Status": "Indirect Mill", "Trader": "Talang Duku" }, "geometry": { "type": "Point", "coordinates": [ 103.56028, -1.87458 ] } },
{ "type": "Feature", "properties": { "PHG ID": "PG-190", "Supplier N": "Persada Alam Jaya", "Mill Name": "Persada Alam Jaya", "Group": "Persada Alam Jaya", "Latitude": -1.044642, "Longitude": 102.888934, "UML ID": "PO1000008618", "Commodity": "CPO", "Supplier": "Pelita Agung Agrindustri - KID", "Status": "Indirect Mill", "Trader": "Talang Duku" }, "geometry": { "type": "Point", "coordinates": [ 102.888934, -1.044642 ] } },
{ "type": "Feature", "properties": { "PHG ID": "PG-191", "Supplier N": "Petaling Mandraguna", "Mill Name": "Petaling Mandraguna", "Group": "Petaling Mandraguna", "Latitude": -1.44594, "Longitude": 103.62722, "UML ID": "PO1000004465", "Commodity": "CPO", "Supplier": "Pelita Agung Agrindustri - KID", "Status": "Indirect Mill", "Trader": "Talang Duku" }, "geometry": { "type": "Point", "coordinates": [ 103.62722, -1.44594 ] } },
{ "type": "Feature", "properties": { "PHG ID": "PG-383", "Supplier N": "Porman Anugerah Sejati", "Mill Name": "Porman Anugerah Sejati", "Group": "Porman Anugerah Sejati", "Latitude": -1.41955, "Longitude": 102.72013, "UML ID": "-", "Commodity": "CPO", "Supplier": "Pelita Agung Agrindustri - KID", "Status": "Indirect Mill", "Trader": "Talang Duku" }, "geometry": { "type": "Point", "coordinates": [ 102.72013, -1.41955 ] } },
{ "type": "Feature", "properties": { "PHG ID": "PG-028", "Supplier N": "Sari Aditya Loka", "Mill Name": "Sari Aditya Loka 2", "Group": "Astra Agro Lestari Tbk", "Latitude": -1.651, "Longitude": 102.308, "UML ID": "PO1000008403", "Commodity": "CPO", "Supplier": "Pelita Agung Agrindustri - KID", "Status": "Indirect Mill", "Trader": "Talang Duku" }, "geometry": { "type": "Point", "coordinates": [ 102.308, -1.651 ] } },
{ "type": "Feature", "properties": { "PHG ID": "PG-286", "Supplier N": "Surya Gemilang Agro Mandiri", "Mill Name": "Surya Gemilang Agro Mandiri", "Group": "Surya Gemilang Agro Mandiri", "Latitude": -1.27156, "Longitude": 103.81528, "UML ID": "PO1000007469", "Commodity": "CPO", "Supplier": "Pelita Agung Agrindustri - KID", "Status": "Indirect Mill", "Trader": "Talang Duku" }, "geometry": { "type": "Point", "coordinates": [ 103.81528, -1.27156 ] } },
{ "type": "Feature", "properties": { "PHG ID": "PG-384", "Supplier N": "Surya Lestari Usaha Mandiri", "Mill Name": "Surya Lestari Usaha Mandiri", "Group": "Surya Lestari Usaha Mandiri", "Latitude": -2.21486, "Longitude": 102.81641, "UML ID": "PO1000017065", "Commodity": "CPO", "Supplier": "Pelita Agung Agrindustri - KID", "Status": "Indirect Mill", "Trader": "Talang Duku" }, "geometry": { "type": "Point", "coordinates": [ 102.81641, -2.21486 ] } },
{ "type": "Feature", "properties": { "PHG ID": "PG-287", "Supplier N": "Surya Sumber Sawit Abadi", "Mill Name": "Surya Sumber Sawit Abadi", "Group": "Surya Sumber Sawit Abadi", "Latitude": -1.472702, "Longitude": 102.620073, "UML ID": "PO1000010015", "Commodity": "CPO", "Supplier": "Pelita Agung Agrindustri - KID", "Status": "Indirect Mill", "Trader": "Talang Duku" }, "geometry": { "type": "Point", "coordinates": [ 102.620073, -1.472702 ] } },
{ "type": "Feature", "properties": { "PHG ID": "PG-265", "Supplier N": "Trimitra Lestari", "Mill Name": "Trimitra Lestari", "Group": "Sin Tek Huat", "Latitude": -1.06976, "Longitude": 103.165858, "UML ID": "PO1000004432", "Commodity": "CPO", "Supplier": "Pelita Agung Agrindustri - KID", "Status": "Indirect Mill", "Trader": "Talang Duku" }, "geometry": { "type": "Point", "coordinates": [ 103.165858, -1.06976 ] } },
{ "type": "Feature", "properties": { "PHG ID": "PG-378", "Supplier N": "Tumpuan", "Mill Name": "Tumpuan", "Group": "Bukit Barisan Indah Prima", "Latitude": 1.28978686, "Longitude": 101.0550173, "UML ID": "-", "Commodity": "CPO", "Supplier": "Pelita Agung Agrindustri - KID", "Status": "Indirect Mill", "Trader": "Talang Duku" }, "geometry": { "type": "Point", "coordinates": [ 101.0550173, 1.28978686 ] } },
{ "type": "Feature", "properties": { "PHG ID": "PG-169", "Supplier N": "Bukit Palem", "Mill Name": "Bukit Palem", "Group": "Bukit Palem", "Latitude": -2.37356, "Longitude": 110.64367, "UML ID": "PO1000008176", "Commodity": "CPO", "Supplier": "Pelita Agung Agrindustri - KID", "Status": "Indirect Mill", "Trader": "Palm Mas Asri" }, "geometry": { "type": "Point", "coordinates": [ 110.64367, -2.37356 ] } },
{ "type": "Feature", "properties": { "PHG ID": "PG-225", "Supplier N": "Perkebunan Nusantara IV", "Mill Name": "Sosa", "Group": "PTPN IV", "Latitude": 1.04856, "Longitude": 100.01397, "UML ID": "PO1000004428", "Commodity": "CPO", "Supplier": "Pelita Agung Agrindustri - KID", "Status": "Indirect Mill", "Trader": "Palm Mas Asri" }, "geometry": { "type": "Point", "coordinates": [ 100.01397, 1.04856 ] } },
{ "type": "Feature", "properties": { "PHG ID": "PG-315", "Supplier N": "Perkebunan Nusantara IV", "Mill Name": "Timur", "Group": "PTPN IV", "Latitude": 0.36719, "Longitude": 99.30765, "UML ID": "PO1000004331", "Commodity": "CPO", "Supplier": "Pelita Agung Agrindustri - KID", "Status": "Indirect Mill", "Trader": "Palm Mas Asri" }, "geometry": { "type": "Point", "coordinates": [ 99.30765, 0.36719 ] } },
{ "type": "Feature", "properties": { "PHG ID": "PG-233", "Supplier N": "Perkebunan Nusantara V", "Mill Name": "Tanah Putih", "Group": "PTPN V", "Latitude": 1.7425, "Longitude": 100.51225, "UML ID": "PO1000004268", "Commodity": "CPO", "Supplier": "Pelita Agung Agrindustri - KID", "Status": "Indirect Mill", "Trader": "Palm Mas Asri" }, "geometry": { "type": "Point", "coordinates": [ 100.51225, 1.7425 ] } },
{ "type": "Feature", "properties": { "PHG ID": "PG-317", "Supplier N": "Perkebunan Nusantara V", "Mill Name": "Tanjung Medan", "Group": "PTPN V", "Latitude": 1.584567, "Longitude": 100.589, "UML ID": "PO1000008529", "Commodity": "CPO", "Supplier": "Pelita Agung Agrindustri - KID", "Status": "Indirect Mill", "Trader": "Palm Mas Asri" }, "geometry": { "type": "Point", "coordinates": [ 100.589, 1.584567 ] } },
{ "type": "Feature", "properties": { "PHG ID": "PG-230", "Supplier N": "Perkebunan Nusantara V", "Mill Name": "Sei Intan", "Group": "PTPN V", "Latitude": 0.78425, "Longitude": 100.61086, "UML ID": "PO1000006147", "Commodity": "CPO", "Supplier": "Pelita Agung Agrindustri - KID", "Status": "Indirect Mill", "Trader": "Palm Mas Asri" }, "geometry": { "type": "Point", "coordinates": [ 100.61086, 0.78425 ] } },
{ "type": "Feature", "properties": { "PHG ID": "PG-231", "Supplier N": "Perkebunan Nusantara V", "Mill Name": "Sei Rokan", "Group": "PTPN V", "Latitude": 0.72572, "Longitude": 100.57897, "UML ID": "PO1000005128", "Commodity": "CPO", "Supplier": "Pelita Agung Agrindustri - KID", "Status": "Indirect Mill", "Trader": "Palm Mas Asri" }, "geometry": { "type": "Point", "coordinates": [ 100.57897, 0.72572 ] } },
{ "type": "Feature", "properties": { "PHG ID": "PG-229", "Supplier N": "Perkebunan Nusantara V", "Mill Name": "Sei Garo", "Group": "PTPN V", "Latitude": 0.64372, "Longitude": 101.11006, "UML ID": "PO1000007605", "Commodity": "CPO", "Supplier": "Pelita Agung Agrindustri - KID", "Status": "Indirect Mill", "Trader": "Palm Mas Asri" }, "geometry": { "type": "Point", "coordinates": [ 101.11006, 0.64372 ] } },
{ "type": "Feature", "properties": { "PHG ID": "PG-232", "Supplier N": "Perkebunan Nusantara V", "Mill Name": "Sei Tapung", "Group": "PTPN V", "Latitude": 0.599, "Longitude": 100.619, "UML ID": "PO1000004212", "Commodity": "CPO", "Supplier": "Pelita Agung Agrindustri - KID", "Status": "Indirect Mill", "Trader": "Palm Mas Asri" }, "geometry": { "type": "Point", "coordinates": [ 100.619, 0.599 ] } },
{ "type": "Feature", "properties": { "PHG ID": "PG-234", "Supplier N": "Perkebunan Nusantara V", "Mill Name": "Tandun", "Group": "PTPN V", "Latitude": 0.59964, "Longitude": 100.69281, "UML ID": "PO1000004402", "Commodity": "CPO", "Supplier": "Pelita Agung Agrindustri - KID", "Status": "Indirect Mill", "Trader": "Palm Mas Asri" }, "geometry": { "type": "Point", "coordinates": [ 100.69281, 0.59964 ] } },
{ "type": "Feature", "properties": { "PHG ID": "PG-235", "Supplier N": "Perkebunan Nusantara V", "Mill Name": "Terantam", "Group": "PTPN V", "Latitude": 0.57919, "Longitude": 100.75078, "UML ID": "PO1000004206", "Commodity": "CPO", "Supplier": "Pelita Agung Agrindustri - KID", "Status": "Indirect Mill", "Trader": "Palm Mas Asri" }, "geometry": { "type": "Point", "coordinates": [ 100.75078, 0.57919 ] } },
{ "type": "Feature", "properties": { "PHG ID": "PG-228", "Supplier N": "Perkebunan Nusantara V", "Mill Name": "Sei Galuh", "Group": "PTPN V", "Latitude": 0.546957, "Longitude": 101.228963, "UML ID": "PO1000007604", "Commodity": "CPO", "Supplier": "Pelita Agung Agrindustri - KID", "Status": "Indirect Mill", "Trader": "Palm Mas Asri" }, "geometry": { "type": "Point", "coordinates": [ 101.228963, 0.546957 ] } },
{ "type": "Feature", "properties": { "PHG ID": "PG-316", "Supplier N": "Perkebunan Nusantara V", "Mill Name": "Sei Pagar", "Group": "PTPN V", "Latitude": 0.327462, "Longitude": 101.35099, "UML ID": "PO1000006159", "Commodity": "CPO", "Supplier": "Pelita Agung Agrindustri - KID", "Status": "Indirect Mill", "Trader": "Palm Mas Asri" }, "geometry": { "type": "Point", "coordinates": [ 101.35099, 0.327462 ] } },
{ "type": "Feature", "properties": { "PHG ID": "PG-320", "Supplier N": "Perkebunan Nusantara VII", "Mill Name": "Talang Sawit", "Group": "PTPN VII", "Latitude": -2.967971, "Longitude": 104.122707, "UML ID": "PO1000006237", "Commodity": "CPO", "Supplier": "Pelita Agung Agrindustri - KID", "Status": "Indirect Mill", "Trader": "Palm Mas Asri" }, "geometry": { "type": "Point", "coordinates": [ 104.122707, -2.967971 ] } },
{ "type": "Feature", "properties": { "PHG ID": "PG-319", "Supplier N": "Perkebunan Nusantara VII", "Mill Name": "Sungai Niru", "Group": "PTPN VII", "Latitude": -3.48742, "Longitude": 104.03591, "UML ID": "PO1000006239", "Commodity": "CPO", "Supplier": "Pelita Agung Agrindustri - KID", "Status": "Indirect Mill", "Trader": "Palm Mas Asri" }, "geometry": { "type": "Point", "coordinates": [ 104.03591, -3.48742 ] } },
{ "type": "Feature", "properties": { "PHG ID": "PG-323", "Supplier N": "Perkebunan Nusantara XIII", "Mill Name": "Ngabang", "Group": "PTPN XIII", "Latitude": 0.343665, "Longitude": 109.938652, "UML ID": "PO1000008210", "Commodity": "CPO", "Supplier": "Pelita Agung Agrindustri - KID", "Status": "Indirect Mill", "Trader": "Palm Mas Asri" }, "geometry": { "type": "Point", "coordinates": [ 109.938652, 0.343665 ] } },
{ "type": "Feature", "properties": { "PHG ID": "PG-324", "Supplier N": "Perkebunan Nusantara XIII", "Mill Name": "Parindu", "Group": "PTPN XIII", "Latitude": 0.250556, "Longitude": 110.303889, "UML ID": "PO1000008159", "Commodity": "CPO", "Supplier": "Pelita Agung Agrindustri - KID", "Status": "Indirect Mill", "Trader": "Palm Mas Asri" }, "geometry": { "type": "Point", "coordinates": [ 110.303889, 0.250556 ] } },
{ "type": "Feature", "properties": { "PHG ID": "PG-326", "Supplier N": "Perkebunan Nusantara XIII", "Mill Name": "Rimba Belian", "Group": "PTPN XIII", "Latitude": -0.02874, "Longitude": 110.454143, "UML ID": "PO1000007586", "Commodity": "CPO", "Supplier": "Pelita Agung Agrindustri - KID", "Status": "Indirect Mill", "Trader": "Palm Mas Asri" }, "geometry": { "type": "Point", "coordinates": [ 110.454143, -0.02874 ] } },
{ "type": "Feature", "properties": { "PHG ID": "PG-325", "Supplier N": "Perkebunan Nusantara XIII", "Mill Name": "Gunung Meliau", "Group": "PTPN XIII", "Latitude": -0.107581, "Longitude": 110.292165, "UML ID": "PO1000004350", "Commodity": "CPO", "Supplier": "Pelita Agung Agrindustri - KID", "Status": "Indirect Mill", "Trader": "Palm Mas Asri" }, "geometry": { "type": "Point", "coordinates": [ 110.292165, -0.107581 ] } },
{ "type": "Feature", "properties": { "PHG ID": "PG-372", "Supplier N": "Taro Rakaya Tasyra", "Mill Name": "Taro Rakaya Tasyra", "Group": "Taro Rakaya Tasyra", "Latitude": 0.42151, "Longitude": 101.6854, "UML ID": "PO1000018003", "Commodity": "CPO", "Supplier": "Pelita Agung Agrindustri - KID", "Status": "Indirect Mill", "Trader": "Pelita Agung Agrindustri - Dumai" }, "geometry": { "type": "Point", "coordinates": [ 101.6854, 0.42151 ] } },
{ "type": "Feature", "properties": { "PHG ID": "PG-361", "Supplier N": "Sahabat Sawit Rokan Sejahtera", "Mill Name": "Sahabat Sawit Rokan Sejahtera", "Group": "Sahabat Sawit Rokan Sejahtera", "Latitude": 1.36866, "Longitude": 100.51962, "UML ID": "PO1000016964", "Commodity": "CPO", "Supplier": "Pelita Agung Agrindustri - KID", "Status": "Indirect Mill", "Trader": "Pelita Agung Agrindustri - Dumai" }, "geometry": { "type": "Point", "coordinates": [ 100.51962, 1.36866 ] } },
{ "type": "Feature", "properties": { "PHG ID": "PG-363", "Supplier N": "Ujung Tanjung Sejahtera", "Mill Name": "Ujung Tanjung Sejahtera", "Group": "Ujung Tanjung Sejahtera", "Latitude": 1.624, "Longitude": 101.05, "UML ID": "PO1000018000", "Commodity": "CPO", "Supplier": "Pelita Agung Agrindustri - KID", "Status": "Indirect Mill", "Trader": "Pelita Agung Agrindustri - Dumai" }, "geometry": { "type": "Point", "coordinates": [ 101.05, 1.624 ] } },
{ "type": "Feature", "properties": { "PHG ID": "PG-377", "Supplier N": "Sri Ulina Ersada Karina", "Mill Name": "Sri Ulina Ersada Karina", "Group": "Sri Ulina Ersada Karina", "Latitude": 1.323700062, "Longitude": 101.0693876, "UML ID": "PO1000015874", "Commodity": "CPO", "Supplier": "Pelita Agung Agrindustri - KID", "Status": "Indirect Mill", "Trader": "Pelita Agung Agrindustri - Dumai" }, "geometry": { "type": "Point", "coordinates": [ 101.0693876, 1.323700062 ] } },
{ "type": "Feature", "properties": { "PHG ID": "PG-359", "Supplier N": "Makmur Palma Lestari", "Mill Name": "Makmur Palma Lestari", "Group": "Makmur Palma Lestari", "Latitude": 0.675, "Longitude": 100.857, "UML ID": "PO1000016381", "Commodity": "CPO", "Supplier": "Pelita Agung Agrindustri - KID", "Status": "Indirect Mill", "Trader": "Pelita Agung Agrindustri - Dumai" }, "geometry": { "type": "Point", "coordinates": [ 100.857, 0.675 ] } },
{ "type": "Feature", "properties": { "PHG ID": "PG-331", "Supplier N": "Kencana Agro Sejahtera", "Mill Name": "Kencana Agro Sejahtera", "Group": "Genk Agro Mas", "Latitude": 1.37743, "Longitude": 100.32697, "UML ID": "PO1000015291", "Commodity": "CPO", "Supplier": "Pelita Agung Agrindustri - KID", "Status": "Indirect Mill", "Trader": "Pelita Agung Agrindustri - Dumai" }, "geometry": { "type": "Point", "coordinates": [ 100.32697, 1.37743 ] } },
{ "type": "Feature", "properties": { "PHG ID": "PG-336", "Supplier N": "Kampar Alam Mas Inti", "Mill Name": "Kampar Alam Mas Inti", "Group": "Kampar Alam Mas Inti", "Latitude": 0.56648, "Longitude": 101.17312, "UML ID": "PO1000015587", "Commodity": "CPO", "Supplier": "Pelita Agung Agrindustri - KID", "Status": "Indirect Mill", "Trader": "Pelita Agung Agrindustri - Dumai" }, "geometry": { "type": "Point", "coordinates": [ 101.17312, 0.56648 ] } },
{ "type": "Feature", "properties": { "PHG ID": "PG-264", "Supplier N": "Sianipar Integritas Agrindo", "Mill Name": "Sianipar Integritas Agrindo", "Group": "Sianipar Integritas Agrindo", "Latitude": 1.5385, "Longitude": 100.43408, "UML ID": "PO1000014624", "Commodity": "CPO", "Supplier": "Pelita Agung Agrindustri - KID", "Status": "Indirect Mill", "Trader": "Pelita Agung Agrindustri - Dumai" }, "geometry": { "type": "Point", "coordinates": [ 100.43408, 1.5385 ] } },
{ "type": "Feature", "properties": { "PHG ID": "PG-330", "Supplier N": "Karya Panen Terus", "Mill Name": "Karya Panen Terus", "Group": "Karya Panen Terus", "Latitude": -0.01252, "Longitude": 102.36114, "UML ID": "PO1000014953", "Commodity": "CPO", "Supplier": "Pelita Agung Agrindustri - KID", "Status": "Indirect Mill", "Trader": "Pelita Agung Agrindustri - Dumai" }, "geometry": { "type": "Point", "coordinates": [ 102.36114, -0.01252 ] } },
{ "type": "Feature", "properties": { "PHG ID": "PG-011", "Supplier N": "Air Kampar", "Mill Name": "Air Kampar", "Group": "Air Kampar", "Latitude": 0.422926, "Longitude": 101.184381, "UML ID": "PO1000014222", "Commodity": "CPO", "Supplier": "Pelita Agung Agrindustri - KID", "Status": "Indirect Mill", "Trader": "Pelita Agung Agrindustri - Dumai" }, "geometry": { "type": "Point", "coordinates": [ 101.184381, 0.422926 ] } },
{ "type": "Feature", "properties": { "PHG ID": "PG-307", "Supplier N": "Yuni Bersaudara Sejahtera", "Mill Name": "Yuni Bersaudara Sejahtera", "Group": "Yuni Bersaudara Sejahtera", "Latitude": -0.026494, "Longitude": 101.189985, "UML ID": "PO1000012852", "Commodity": "CPO", "Supplier": "Pelita Agung Agrindustri - KID", "Status": "Indirect Mill", "Trader": "Pelita Agung Agrindustri - Dumai" }, "geometry": { "type": "Point", "coordinates": [ 101.189985, -0.026494 ] } },
{ "type": "Feature", "properties": { "PHG ID": "PG-133", "Supplier N": "Mahato Inti Sawit", "Mill Name": "Mahato Inti Sawit", "Group": "Mahato Inti Sawit", "Latitude": 1.37356, "Longitude": 100.29867, "UML ID": "PO1000011910", "Commodity": "CPO", "Supplier": "Pelita Agung Agrindustri - KID", "Status": "Indirect Mill", "Trader": "Pelita Agung Agrindustri - Dumai" }, "geometry": { "type": "Point", "coordinates": [ 100.29867, 1.37356 ] } },
{ "type": "Feature", "properties": { "PHG ID": "PG-349", "Supplier N": "Sawit Rupat Sejahtera", "Mill Name": "Sawit Rupat Sejahtera", "Group": "Sawit Rupat Sejahtera", "Latitude": 1.935, "Longitude": 101.733, "UML ID": "PO1000011912", "Commodity": "CPO", "Supplier": "Pelita Agung Agrindustri - KID", "Status": "Indirect Mill", "Trader": "Pelita Agung Agrindustri - Dumai" }, "geometry": { "type": "Point", "coordinates": [ 101.733, 1.935 ] } },
{ "type": "Feature", "properties": { "PHG ID": "PG-166", "Supplier N": "Mustika Agung Sawit Gemilang", "Mill Name": "Mustika Agung Sawit Gemilang", "Group": "Mustika", "Latitude": -0.52528, "Longitude": 101.99339, "UML ID": "PO1000011182", "Commodity": "CPO", "Supplier": "Pelita Agung Agrindustri - KID", "Status": "Indirect Mill", "Trader": "Pelita Agung Agrindustri - Dumai" }, "geometry": { "type": "Point", "coordinates": [ 101.99339, -0.52528 ] } },
{ "type": "Feature", "properties": { "PHG ID": "PG-107", "Supplier N": "Kencana Agro Persada", "Mill Name": "Kencana Agro Persada", "Group": "Genk Agro Mas", "Latitude": 0.60525, "Longitude": 101.24161, "UML ID": "PO1000011194", "Commodity": "CPO", "Supplier": "Pelita Agung Agrindustri - KID", "Status": "Indirect Mill", "Trader": "Pelita Agung Agrindustri - Dumai" }, "geometry": { "type": "Point", "coordinates": [ 101.24161, 0.60525 ] } },
{ "type": "Feature", "properties": { "PHG ID": "PG-282", "Supplier N": "Madina Agro Lestari", "Mill Name": "Madina Agro Lestari", "Group": "Sumber Tani Agung", "Latitude": 1.21778, "Longitude": 98.89603, "UML ID": "PO1000011179", "Commodity": "CPO", "Supplier": "Pelita Agung Agrindustri - KID", "Status": "Indirect Mill", "Trader": "Pelita Agung Agrindustri - Dumai" }, "geometry": { "type": "Point", "coordinates": [ 98.89603, 1.21778 ] } },
{ "type": "Feature", "properties": { "PHG ID": "PG-300", "Supplier N": "Tian Tujuhpuluh Utama", "Mill Name": "Tian Tujuhpuluh Utama", "Group": "Tian Tujuhpuluh Utama", "Latitude": 1.684, "Longitude": 100.53361, "UML ID": "PO1000011180", "Commodity": "CPO", "Supplier": "Pelita Agung Agrindustri - KID", "Status": "Indirect Mill", "Trader": "Pelita Agung Agrindustri - Dumai" }, "geometry": { "type": "Point", "coordinates": [ 100.53361, 1.684 ] } },
{ "type": "Feature", "properties": { "PHG ID": "PG-070", "Supplier N": "Karya Cipta Nirvana", "Mill Name": "Karya Cipta Nirvana", "Group": "Karya Cipta Nirvana", "Latitude": 0.666862, "Longitude": 100.508528, "UML ID": "PO1000010051", "Commodity": "CPO", "Supplier": "Pelita Agung Agrindustri - KID", "Status": "Indirect Mill", "Trader": "Pelita Agung Agrindustri - Dumai" }, "geometry": { "type": "Point", "coordinates": [ 100.508528, 0.666862 ] } },
{ "type": "Feature", "properties": { "PHG ID": "PG-279", "Supplier N": "Karya Agung Sawita", "Mill Name": "Papaso", "Group": "Sumber Tani Agung", "Latitude": 0.895772, "Longitude": 100.111483, "UML ID": "PO1000010065", "Commodity": "CPO", "Supplier": "Pelita Agung Agrindustri - KID", "Status": "Indirect Mill", "Trader": "Pelita Agung Agrindustri - Dumai" }, "geometry": { "type": "Point", "coordinates": [ 100.111483, 0.895772 ] } },
{ "type": "Feature", "properties": { "PHG ID": "PG-181", "Supplier N": "Peputra Supra Jaya", "Mill Name": "Peputra Supra Jaya", "Group": "Peputra Supra Jaya", "Latitude": 0.15911, "Longitude": 101.78133, "UML ID": "PO1000008421", "Commodity": "CPO", "Supplier": "Pelita Agung Agrindustri - KID", "Status": "Indirect Mill", "Trader": "Pelita Agung Agrindustri - Dumai" }, "geometry": { "type": "Point", "coordinates": [ 101.78133, 0.15911 ] } },
{ "type": "Feature", "properties": { "PHG ID": "PG-081", "Supplier N": "Giga Putra Perkasa", "Mill Name": "Giga Putra Perkasa", "Group": "Giga Putra Perkasa", "Latitude": 0.421, "Longitude": 100.814, "UML ID": "PO1000010039", "Commodity": "CPO", "Supplier": "Pelita Agung Agrindustri - KID", "Status": "Indirect Mill", "Trader": "Pelita Agung Agrindustri - Dumai" }, "geometry": { "type": "Point", "coordinates": [ 100.814, 0.421 ] } },
{ "type": "Feature", "properties": { "PHG ID": "PG-193", "Supplier N": "Karyabadi Samasejati", "Mill Name": "Karyabadi Samasejati", "Group": "Karyabadi Samasejati", "Latitude": 1.47592, "Longitude": 100.59894, "UML ID": "PO1000008287", "Commodity": "CPO", "Supplier": "Pelita Agung Agrindustri - KID", "Status": "Indirect Mill", "Trader": "Pelita Agung Agrindustri - Dumai" }, "geometry": { "type": "Point", "coordinates": [ 100.59894, 1.47592 ] } },
{ "type": "Feature", "properties": { "PHG ID": "PG-130", "Supplier N": "Sumber Sawit Nusantara", "Mill Name": "Sumber Sawit Nusantara", "Group": "Nagamas Group", "Latitude": 1.54961, "Longitude": 99.95694, "UML ID": "PO1000008291", "Commodity": "CPO", "Supplier": "Pelita Agung Agrindustri - KID", "Status": "Indirect Mill", "Trader": "Pelita Agung Agrindustri - Dumai" }, "geometry": { "type": "Point", "coordinates": [ 99.95694, 1.54961 ] } },
{ "type": "Feature", "properties": { "PHG ID": "PG-260", "Supplier N": "Semunai Sawit Perkasa", "Mill Name": "Semunai Sawit Perkasa", "Group": "Semunai Sawit Perkasa", "Latitude": 1.16339, "Longitude": 101.27806, "UML ID": "PO1000008278", "Commodity": "CPO", "Supplier": "Pelita Agung Agrindustri - KID", "Status": "Indirect Mill", "Trader": "Pelita Agung Agrindustri - Dumai" }, "geometry": { "type": "Point", "coordinates": [ 101.27806, 1.16339 ] } },
{ "type": "Feature", "properties": { "PHG ID": "PG-106", "Supplier N": "Arya Rama Prakarsa", "Mill Name": "Arya Rama Prakarsa", "Group": "Genk Agro Mas", "Latitude": 1.22097, "Longitude": 100.38383, "UML ID": "PO1000008279", "Commodity": "CPO", "Supplier": "Pelita Agung Agrindustri - KID", "Status": "Indirect Mill", "Trader": "Pelita Agung Agrindustri - Dumai" }, "geometry": { "type": "Point", "coordinates": [ 100.38383, 1.22097 ] } },
{ "type": "Feature", "properties": { "PHG ID": "PG-290", "Supplier N": "Swastisiddhi Amagra", "Mill Name": "Libo Jaya", "Group": "Swastisiddhi Amagra", "Latitude": 0.947, "Longitude": 101.097, "UML ID": "PO1000008269", "Commodity": "CPO", "Supplier": "Pelita Agung Agrindustri - KID", "Status": "Indirect Mill", "Trader": "Pelita Agung Agrindustri - Dumai" }, "geometry": { "type": "Point", "coordinates": [ 101.097, 0.947 ] } },
{ "type": "Feature", "properties": { "PHG ID": "PG-169", "Supplier N": "Bukit Palem", "Mill Name": "Bukit Palem", "Group": "Bukit Palem", "Latitude": -2.37356, "Longitude": 110.64367, "UML ID": "PO1000008176", "Commodity": "CPO", "Supplier": "Pelita Agung Agrindustri - KID", "Status": "Indirect Mill", "Trader": "Pelita Agung Agrindustri - Dumai" }, "geometry": { "type": "Point", "coordinates": [ 110.64367, -2.37356 ] } },
{ "type": "Feature", "properties": { "PHG ID": "PG-087", "Supplier N": "Guna Setia Pratama", "Mill Name": "Guna Setia Pratama", "Group": "Guna Setia Pratama", "Latitude": 0.428, "Longitude": 101.597, "UML ID": "PO1000008224", "Commodity": "CPO", "Supplier": "Pelita Agung Agrindustri - KID", "Status": "Indirect Mill", "Trader": "Pelita Agung Agrindustri - Dumai" }, "geometry": { "type": "Point", "coordinates": [ 101.597, 0.428 ] } },
{ "type": "Feature", "properties": { "PHG ID": "PG-379", "Supplier N": "Jaya Gemilang Sukses", "Mill Name": "Jaya Gemilang Sukses", "Group": "Jaya Gemilang Sukses", "Latitude": 1.59927, "Longitude": 100.90593, "UML ID": "PO1000007653", "Commodity": "CPO", "Supplier": "Pelita Agung Agrindustri - KID", "Status": "Indirect Mill", "Trader": "Pelita Agung Agrindustri - Dumai" }, "geometry": { "type": "Point", "coordinates": [ 100.90593, 1.59927 ] } },
{ "type": "Feature", "properties": { "PHG ID": "PG-128", "Supplier N": "Lingga Tiga Sawit", "Mill Name": "Lingga Tiga Sawit", "Group": "Nagamas Group", "Latitude": 2.01431, "Longitude": 99.87911, "UML ID": "PO1000008152", "Commodity": "CPO", "Supplier": "Pelita Agung Agrindustri - KID", "Status": "Indirect Mill", "Trader": "Pelita Agung Agrindustri - Dumai" }, "geometry": { "type": "Point", "coordinates": [ 99.87911, 2.01431 ] } },
{ "type": "Feature", "properties": { "PHG ID": "PG-112", "Supplier N": "Kencana Utama Sejati", "Mill Name": "Kencana Utama Sejati", "Group": "Genk Agro Mas", "Latitude": 1.06897, "Longitude": 100.11719, "UML ID": "PO1000007569", "Commodity": "CPO", "Supplier": "Pelita Agung Agrindustri - KID", "Status": "Indirect Mill", "Trader": "Pelita Agung Agrindustri - Dumai" }, "geometry": { "type": "Point", "coordinates": [ 100.11719, 1.06897 ] } },
{ "type": "Feature", "properties": { "PHG ID": "PG-374", "Supplier N": "Surya Agrolika Reksa", "Mill Name": "Surya Agrolika Reksa Sei Singingi", "Group": "Adimulia", "Latitude": -0.20614, "Longitude": 101.31786, "UML ID": "PO1000007629", "Commodity": "CPO", "Supplier": "Pelita Agung Agrindustri - KID", "Status": "Indirect Mill", "Trader": "Pelita Agung Agrindustri - Dumai" }, "geometry": { "type": "Point", "coordinates": [ 101.31786, -0.20614 ] } },
{ "type": "Feature", "properties": { "PHG ID": "PG-123", "Supplier N": "Langgak Inti Lestari", "Mill Name": "Langgak Inti Lestari", "Group": "Langgak Inti Lestari", "Latitude": 0.63608, "Longitude": 100.59139, "UML ID": "PO1000007567", "Commodity": "CPO", "Supplier": "Pelita Agung Agrindustri - KID", "Status": "Indirect Mill", "Trader": "Pelita Agung Agrindustri - Dumai" }, "geometry": { "type": "Point", "coordinates": [ 100.59139, 0.63608 ] } },
{ "type": "Feature", "properties": { "PHG ID": "PG-086", "Supplier N": "Guna Agung Semesta", "Mill Name": "Guna Agung Semesta", "Group": "Guna Agung Semesta", "Latitude": 0.988, "Longitude": 101.243, "UML ID": "PO1000006328", "Commodity": "CPO", "Supplier": "Pelita Agung Agrindustri - KID", "Status": "Indirect Mill", "Trader": "Pelita Agung Agrindustri - Dumai" }, "geometry": { "type": "Point", "coordinates": [ 101.243, 0.988 ] } },
{ "type": "Feature", "properties": { "PHG ID": "PG-020", "Supplier N": "Anugerah Tani Makmur", "Mill Name": "Anugerah Tani Makmur", "Group": "Anugerah Tani Makmur", "Latitude": 0.536, "Longitude": 101.602, "UML ID": "PO1000007457", "Commodity": "CPO", "Supplier": "Pelita Agung Agrindustri - KID", "Status": "Indirect Mill", "Trader": "Pelita Agung Agrindustri - Dumai" }, "geometry": { "type": "Point", "coordinates": [ 101.602, 0.536 ] } },
{ "type": "Feature", "properties": { "PHG ID": "PG-099", "Supplier N": "Persada Agro Sawita", "Mill Name": "Persada Agro Sawita", "Group": "Persada Agro Sawita", "Latitude": -0.408655, "Longitude": 102.358981, "UML ID": "PO1000006176", "Commodity": "CPO", "Supplier": "Pelita Agung Agrindustri - KID", "Status": "Indirect Mill", "Trader": "Pelita Agung Agrindustri - Dumai" }, "geometry": { "type": "Point", "coordinates": [ 102.358981, -0.408655 ] } },
{ "type": "Feature", "properties": { "PHG ID": "PG-187", "Supplier N": "Permata Hijau Indonesia", "Mill Name": "Hutalombang", "Group": "Permata Group", "Latitude": 1.13935, "Longitude": 99.76689, "UML ID": "PO1000006269", "Commodity": "CPO", "Supplier": "Pelita Agung Agrindustri - KID", "Status": "Indirect Mill", "Trader": "Pelita Agung Agrindustri - Dumai" }, "geometry": { "type": "Point", "coordinates": [ 99.76689, 1.13935 ] } },
{ "type": "Feature", "properties": { "PHG ID": "PG-214", "Supplier N": "Perkebunan Nusantara III", "Mill Name": "Torgamba", "Group": "PTPN III", "Latitude": 1.71489, "Longitude": 100.29111, "UML ID": "PO1000004929", "Commodity": "CPO", "Supplier": "Pelita Agung Agrindustri - KID", "Status": "Indirect Mill", "Trader": "Pelita Agung Agrindustri - Dumai" }, "geometry": { "type": "Point", "coordinates": [ 100.29111, 1.71489 ] } },
{ "type": "Feature", "properties": { "PHG ID": "PG-284", "Supplier N": "Sumber Tani Agung", "Mill Name": "Sumber Tani Agung", "Group": "Sumber Tani Agung", "Latitude": 1.754692, "Longitude": 99.98478, "UML ID": "PO1000004483", "Commodity": "CPO", "Supplier": "Pelita Agung Agrindustri - KID", "Status": "Indirect Mill", "Trader": "Pelita Agung Agrindustri - Dumai" }, "geometry": { "type": "Point", "coordinates": [ 99.98478, 1.754692 ] } },
{ "type": "Feature", "properties": { "PHG ID": "PG-211", "Supplier N": "Perkebunan Nusantara III", "Mill Name": "Sei Meranti", "Group": "PTPN III", "Latitude": 1.64222, "Longitude": 100.41594, "UML ID": "PO1000004927", "Commodity": "CPO", "Supplier": "Pelita Agung Agrindustri - KID", "Status": "Indirect Mill", "Trader": "Pelita Agung Agrindustri - Dumai" }, "geometry": { "type": "Point", "coordinates": [ 100.41594, 1.64222 ] } },
{ "type": "Feature", "properties": { "PHG ID": "PG-391", "Supplier N": "Meskom Agro Sarimas", "Mill Name": "Meskom Agro Sarimas", "Group": "Tri Bakti Sarimas", "Latitude": 1.548778, "Longitude": 102.090917, "UML ID": "PO1000004470", "Commodity": "CPO", "Supplier": "Pelita Agung Agrindustri - KID", "Status": "Indirect Mill", "Trader": "Pelita Agung Agrindustri - Dumai" }, "geometry": { "type": "Point", "coordinates": [ 102.090917, 1.548778 ] } },
{ "type": "Feature", "properties": { "PHG ID": "PG-209", "Supplier N": "Perkebunan Nusantara III", "Mill Name": "Sei Daun", "Group": "PTPN III", "Latitude": 1.67953, "Longitude": 100.32783, "UML ID": "PO1000004477", "Commodity": "CPO", "Supplier": "Pelita Agung Agrindustri - KID", "Status": "Indirect Mill", "Trader": "Pelita Agung Agrindustri - Dumai" }, "geometry": { "type": "Point", "coordinates": [ 100.32783, 1.67953 ] } },
{ "type": "Feature", "properties": { "PHG ID": "PG-134", "Supplier N": "Maju Indoraya", "Mill Name": "Maju Indoraya", "Group": "Maju Indo Raya", "Latitude": 1.40914, "Longitude": 98.85764, "UML ID": "PO1000004461", "Commodity": "CPO", "Supplier": "Pelita Agung Agrindustri - KID", "Status": "Indirect Mill", "Trader": "Pelita Agung Agrindustri - Dumai" }, "geometry": { "type": "Point", "coordinates": [ 98.85764, 1.40914 ] } },
{ "type": "Feature", "properties": { "PHG ID": "PG-283", "Supplier N": "Sumber Tani Agung Resources Tbk", "Mill Name": "Portibi", "Group": "Sumber Tani Agung", "Latitude": 1.42831, "Longitude": 99.72117, "UML ID": "PO1000004462", "Commodity": "CPO", "Supplier": "Pelita Agung Agrindustri - KID", "Status": "Indirect Mill", "Trader": "Pelita Agung Agrindustri - Dumai" }, "geometry": { "type": "Point", "coordinates": [ 99.72117, 1.42831 ] } },
{ "type": "Feature", "properties": { "PHG ID": "PG-129", "Supplier N": "Nagamas Agro Mulia", "Mill Name": "Tanjung Medan", "Group": "Nagamas Group", "Latitude": 1.302344, "Longitude": 100.396834, "UML ID": "PO1000004449", "Commodity": "CPO", "Supplier": "Pelita Agung Agrindustri - KID", "Status": "Indirect Mill", "Trader": "Pelita Agung Agrindustri - Dumai" }, "geometry": { "type": "Point", "coordinates": [ 100.396834, 1.302344 ] } },
{ "type": "Feature", "properties": { "PHG ID": "PG-084", "Supplier N": "Pujud Karya Sawit", "Mill Name": "Pujud Karya Sawit", "Group": "Graha", "Latitude": 1.37486, "Longitude": 100.52783, "UML ID": "PO1000004456", "Commodity": "CPO", "Supplier": "Pelita Agung Agrindustri - KID", "Status": "Indirect Mill", "Trader": "Pelita Agung Agrindustri - Dumai" }, "geometry": { "type": "Point", "coordinates": [ 100.52783, 1.37486 ] } },
{ "type": "Feature", "properties": { "PHG ID": "PG-111", "Supplier N": "Kencana Persada Nusantara", "Mill Name": "Kencana Persada Nusantara", "Group": "Genk Agro Mas", "Latitude": 1.175, "Longitude": 100.233, "UML ID": "PO1000004442", "Commodity": "CPO", "Supplier": "Pelita Agung Agrindustri - KID", "Status": "Indirect Mill", "Trader": "Pelita Agung Agrindustri - Dumai" }, "geometry": { "type": "Point", "coordinates": [ 100.233, 1.175 ] } },
{ "type": "Feature", "properties": { "PHG ID": "PG-093", "Supplier N": "Hutahaean", "Mill Name": "Goragahana", "Group": "Hutahaean", "Latitude": 1.179571, "Longitude": 100.2695, "UML ID": "PO1000004443", "Commodity": "CPO", "Supplier": "Pelita Agung Agrindustri - KID", "Status": "Indirect Mill", "Trader": "Pelita Agung Agrindustri - Dumai" }, "geometry": { "type": "Point", "coordinates": [ 100.2695, 1.179571 ] } },
{ "type": "Feature", "properties": { "PHG ID": "PG-365", "Supplier N": "Nagamas Agro Mulia", "Mill Name": "Talikumain", "Group": "Nagamas Group", "Latitude": 1.07799, "Longitude": 100.26128, "UML ID": "PO1000004435", "Commodity": "CPO", "Supplier": "Pelita Agung Agrindustri - KID", "Status": "Indirect Mill", "Trader": "Pelita Agung Agrindustri - Dumai" }, "geometry": { "type": "Point", "coordinates": [ 100.26128, 1.07799 ] } },
{ "type": "Feature", "properties": { "PHG ID": "PG-360", "Supplier N": "Sawit Anugerah Sejahtera", "Mill Name": "Sawit Anugerah Sejahtera", "Group": "Sawit Anugerah Sejahtera", "Latitude": 1.15212, "Longitude": 101.27638, "UML ID": "PO1000004441", "Commodity": "CPO", "Supplier": "Pelita Agung Agrindustri - KID", "Status": "Indirect Mill", "Trader": "Pelita Agung Agrindustri - Dumai" }, "geometry": { "type": "Point", "coordinates": [ 101.27638, 1.15212 ] } },
{ "type": "Feature", "properties": { "PHG ID": "PG-180", "Supplier N": "Peputra Masterindo", "Mill Name": "Peputra Masterindo", "Group": "Peputra Masterindo", "Latitude": 0.59, "Longitude": 100.99089, "UML ID": "PO1000004400", "Commodity": "CPO", "Supplier": "Pelita Agung Agrindustri - KID", "Status": "Indirect Mill", "Trader": "Pelita Agung Agrindustri - Dumai" }, "geometry": { "type": "Point", "coordinates": [ 100.99089, 0.59 ] } },
{ "type": "Feature", "properties": { "PHG ID": "PG-054", "Supplier N": "Rohul Sawit Industri", "Mill Name": "Sukadamai", "Group": "Bumitama Agri Ltd", "Latitude": 0.680564, "Longitude": 100.526172, "UML ID": "PO1000004410", "Commodity": "CPO", "Supplier": "Pelita Agung Agrindustri - KID", "Status": "Indirect Mill", "Trader": "Pelita Agung Agrindustri - Dumai" }, "geometry": { "type": "Point", "coordinates": [ 100.526172, 0.680564 ] } },
{ "type": "Feature", "properties": { "PHG ID": "PG-289", "Supplier N": "Swastisiddhi Amagra", "Mill Name": "Bina Baru", "Group": "Swastisiddhi Amagra", "Latitude": 0.210528, "Longitude": 101.274965, "UML ID": "PO1000004360", "Commodity": "CPO", "Supplier": "Pelita Agung Agrindustri - KID", "Status": "Indirect Mill", "Trader": "Pelita Agung Agrindustri - Dumai" }, "geometry": { "type": "Point", "coordinates": [ 101.274965, 0.210528 ] } },
{ "type": "Feature", "properties": { "PHG ID": "PG-207", "Supplier N": "Perkebunan Nusantara III", "Mill Name": "Rambutan", "Group": "PTPN III", "Latitude": 3.35078, "Longitude": 99.16989, "UML ID": "PO1000004342", "Commodity": "CPO", "Supplier": "Pelita Agung Agrindustri - KID", "Status": "Indirect Mill", "Trader": "Pelita Agung Agrindustri - Dumai" }, "geometry": { "type": "Point", "coordinates": [ 99.16989, 3.35078 ] } },
{ "type": "Feature", "properties": { "PHG ID": "PG-136", "Supplier N": "Makmur Andalan Sawit", "Mill Name": "Makmur Andalan Sawit", "Group": "Makmur Andalan Sawit", "Latitude": 0.067078, "Longitude": 102.124408, "UML ID": "PO1000004345", "Commodity": "CPO", "Supplier": "Pelita Agung Agrindustri - KID", "Status": "Indirect Mill", "Trader": "Pelita Agung Agrindustri - Dumai" }, "geometry": { "type": "Point", "coordinates": [ 102.124408, 0.067078 ] } },
{ "type": "Feature", "properties": { "PHG ID": "PG-167", "Supplier N": "Mustika Agung Sawit Sejahtera", "Mill Name": "Mustika Agung Sawit Sejahtera", "Group": "Mustika", "Latitude": 1.224, "Longitude": 101.242, "UML ID": "PO1000004255", "Commodity": "CPO", "Supplier": "Pelita Agung Agrindustri - KID", "Status": "Indirect Mill", "Trader": "Pelita Agung Agrindustri - Dumai" }, "geometry": { "type": "Point", "coordinates": [ 101.242, 1.224 ] } },
{ "type": "Feature", "properties": { "PHG ID": "PG-176", "Supplier N": "Kebun Pantai Raja", "Mill Name": "Kebun Pantai Raja", "Group": "Panca Eka", "Latitude": -0.0575, "Longitude": 101.24361, "UML ID": "PO1000004341", "Commodity": "CPO", "Supplier": "Pelita Agung Agrindustri - KID", "Status": "Indirect Mill", "Trader": "Pelita Agung Agrindustri - Dumai" }, "geometry": { "type": "Point", "coordinates": [ 101.24361, -0.0575 ] } },
{ "type": "Feature", "properties": { "PHG ID": "PG-186", "Supplier N": "Permata Hijau Sawit", "Mill Name": "Mananti", "Group": "Permata Group", "Latitude": 1.06572, "Longitude": 100.07039, "UML ID": "PO1000004244", "Commodity": "CPO", "Supplier": "Pelita Agung Agrindustri - KID", "Status": "Indirect Mill", "Trader": "Pelita Agung Agrindustri - Dumai" }, "geometry": { "type": "Point", "coordinates": [ 100.07039, 1.06572 ] } },
{ "type": "Feature", "properties": { "PHG ID": "PG-069", "Supplier N": "Era Sawita", "Mill Name": "Era Sawita", "Group": "Era Sawita", "Latitude": 1.08, "Longitude": 100.49167, "UML ID": "PO1000004245", "Commodity": "CPO", "Supplier": "Pelita Agung Agrindustri - KID", "Status": "Indirect Mill", "Trader": "Pelita Agung Agrindustri - Dumai" }, "geometry": { "type": "Point", "coordinates": [ 100.49167, 1.08 ] } },
{ "type": "Feature", "properties": { "PHG ID": "PG-127", "Supplier N": "Libo Sawit Perkasa", "Mill Name": "Libo Sawit Perkasa", "Group": "Libo Sawit Perkasa", "Latitude": 0.95606, "Longitude": 101.14094, "UML ID": "PO1000004239", "Commodity": "CPO", "Supplier": "Pelita Agung Agrindustri - KID", "Status": "Indirect Mill", "Trader": "Pelita Agung Agrindustri - Dumai" }, "geometry": { "type": "Point", "coordinates": [ 101.14094, 0.95606 ] } },
{ "type": "Feature", "properties": { "PHG ID": "PG-350", "Supplier N": "Hutahaean", "Mill Name": "Teluk Sono", "Group": "Hutahaean", "Latitude": 1.06, "Longitude": 100.7572, "UML ID": "PO1000004241", "Commodity": "CPO", "Supplier": "Pelita Agung Agrindustri - KID", "Status": "Indirect Mill", "Trader": "Pelita Agung Agrindustri - Dumai" }, "geometry": { "type": "Point", "coordinates": [ 100.7572, 1.06 ] } },
{ "type": "Feature", "properties": { "PHG ID": "PG-072", "Supplier N": "Flora Wahana Tirta", "Mill Name": "Flora Wahana Tirta", "Group": "Flora Wahana Tirta", "Latitude": 0.135596, "Longitude": 101.266403, "UML ID": "PO1000004154", "Commodity": "CPO", "Supplier": "Pelita Agung Agrindustri - KID", "Status": "Indirect Mill", "Trader": "Pelita Agung Agrindustri - Dumai" }, "geometry": { "type": "Point", "coordinates": [ 101.266403, 0.135596 ] } },
{ "type": "Feature", "properties": { "PHG ID": "PG-257", "Supplier N": "Sawitta Unggul Jaya", "Mill Name": "Sawitta Unggul Jaya", "Group": "Sawitta Unggul Jaya", "Latitude": 2.33236, "Longitude": 100.09953, "UML ID": "PO1000004173", "Commodity": "CPO", "Supplier": "Pelita Agung Agrindustri - KID", "Status": "Indirect Mill", "Trader": "Pelita Agung Agrindustri - Dumai" }, "geometry": { "type": "Point", "coordinates": [ 100.09953, 2.33236 ] } },
{ "type": "Feature", "properties": { "PHG ID": "PG-247", "Supplier N": "Inecda", "Mill Name": "Inecda", "Group": "S&G Biofuel Pte Ltd", "Latitude": -0.49361, "Longitude": 102.36694, "UML ID": "PO1000004128", "Commodity": "CPO", "Supplier": "Pelita Agung Agrindustri - KID", "Status": "Indirect Mill", "Trader": "Pelita Agung Agrindustri - Dumai" }, "geometry": { "type": "Point", "coordinates": [ 102.36694, -0.49361 ] } },
{ "type": "Feature", "properties": { "PHG ID": "PG-246", "Supplier N": "Gandaerah Hendana", "Mill Name": "Gandaerah Hendana", "Group": "S&G Biofuel Pte Ltd", "Latitude": -0.156053, "Longitude": 102.206587, "UML ID": "PO1000004138", "Commodity": "CPO", "Supplier": "Pelita Agung Agrindustri - KID", "Status": "Indirect Mill", "Trader": "Pelita Agung Agrindustri - Dumai" }, "geometry": { "type": "Point", "coordinates": [ 102.206587, -0.156053 ] } },
{ "type": "Feature", "properties": { "PHG ID": "PG-179", "Supplier N": "Rimba Mujur Mahkota", "Mill Name": "Sikarakara", "Group": "Pasifik Agro Sentosa", "Latitude": 0.672017, "Longitude": 99.092167, "UML ID": "PO1000001960", "Commodity": "CPO", "Supplier": "Pelita Agung Agrindustri - KID", "Status": "Indirect Mill", "Trader": "Pelita Agung Agrindustri - Dumai" }, "geometry": { "type": "Point", "coordinates": [ 99.092167, 0.672017 ] } },
{ "type": "Feature", "properties": { "PHG ID": "PG-205", "Supplier N": "Perkebunan Nusantara III", "Mill Name": "Aek Raso", "Group": "PTPN III", "Latitude": 1.70347, "Longitude": 100.17333, "UML ID": "PO1000001566", "Commodity": "CPO", "Supplier": "Pelita Agung Agrindustri - KID", "Status": "Indirect Mill", "Trader": "Pelita Agung Agrindustri - Dumai" }, "geometry": { "type": "Point", "coordinates": [ 100.17333, 1.70347 ] } },
{ "type": "Feature", "properties": { "PHG ID": "PG-204", "Supplier N": "Perkebunan Nusantara III", "Mill Name": "Aek Nabara", "Group": "PTPN III", "Latitude": 2.0565, "Longitude": 99.95717, "UML ID": "PO1000001564", "Commodity": "CPO", "Supplier": "Pelita Agung Agrindustri - KID", "Status": "Indirect Mill", "Trader": "Pelita Agung Agrindustri - Dumai" }, "geometry": { "type": "Point", "coordinates": [ 99.95717, 2.0565 ] } },
{ "type": "Feature", "properties": { "PHG ID": "PG-210", "Supplier N": "Perkebunan Nusantara III", "Mill Name": "Sei Mangkei", "Group": "PTPN III", "Latitude": 3.12925, "Longitude": 99.34344, "UML ID": "PO1000000879", "Commodity": "CPO", "Supplier": "Pelita Agung Agrindustri - KID", "Status": "Indirect Mill", "Trader": "Pelita Agung Agrindustri - Dumai" }, "geometry": { "type": "Point", "coordinates": [ 99.34344, 3.12925 ] } },
{ "type": "Feature", "properties": { "PHG ID": "PG-178", "Supplier N": "Barumun Agro Sentosa", "Mill Name": "Aek Sigalagala", "Group": "Pasifik Agro Sentosa", "Latitude": 1.61947, "Longitude": 100.10383, "UML ID": "PO1000001315", "Commodity": "CPO", "Supplier": "Pelita Agung Agrindustri - KID", "Status": "Indirect Mill", "Trader": "Pelita Agung Agrindustri - Dumai" }, "geometry": { "type": "Point", "coordinates": [ 100.10383, 1.61947 ] } },
{ "type": "Feature", "properties": { "PHG ID": "PG-142", "Supplier N": "Aneka Inti Persada", "Mill Name": "Teluk Siak", "Group": "Minamas", "Latitude": 0.59139, "Longitude": 101.65889, "UML ID": "PO1000000317", "Commodity": "CPO", "Supplier": "Pelita Agung Agrindustri - KID", "Status": "Indirect Mill", "Trader": "Pelita Agung Agrindustri - Dumai" }, "geometry": { "type": "Point", "coordinates": [ 101.65889, 0.59139 ] } },
{ "type": "Feature", "properties": { "PHG ID": "PG-145", "Supplier N": "Lahan Tani Sakti", "Mill Name": "Alur Dumai", "Group": "Minamas", "Latitude": 1.56064, "Longitude": 100.54206, "UML ID": "PO1000000326", "Commodity": "CPO", "Supplier": "Pelita Agung Agrindustri - KID", "Status": "Indirect Mill", "Trader": "Pelita Agung Agrindustri - Dumai" }, "geometry": { "type": "Point", "coordinates": [ 100.54206, 1.56064 ] } },
{ "type": "Feature", "properties": { "PHG ID": "PG-369", "Supplier N": "Rambah Sawit Mandiri", "Mill Name": "Rambah Sawit Mandiri", "Group": "Rambah Sawit Mandiri", "Latitude": 0.818173, "Longitude": 100.435301, "UML ID": "-", "Commodity": "CPO", "Supplier": "Pelita Agung Agrindustri - KID", "Status": "Indirect Mill", "Trader": "Pelita Agung Agrindustri - Dumai" }, "geometry": { "type": "Point", "coordinates": [ 100.435301, 0.818173 ] } },
{ "type": "Feature", "properties": { "PHG ID": "PG-370", "Supplier N": "Sinergi Integritas Agroindustri", "Mill Name": "Sinergi Integritas Agroindustri", "Group": "Sianipar Integritas Agrindo", "Latitude": 1.6839, "Longitude": 100.4411, "UML ID": "\nPO1000020078\n", "Commodity": "CPO", "Supplier": "Pelita Agung Agrindustri - KID", "Status": "Indirect Mill", "Trader": "Pelita Agung Agrindustri - Dumai" }, "geometry": { "type": "Point", "coordinates": [ 100.4411, 1.6839 ] } },
{ "type": "Feature", "properties": { "PHG ID": "PG-317", "Supplier N": "Perkebunan Nusantara V", "Mill Name": "Tanjung Medan", "Group": "PTPN V", "Latitude": 1.584567, "Longitude": 100.589, "UML ID": "PO1000008529", "Commodity": "CPO", "Supplier": "Pelita Agung Agrindustri - KID", "Status": "Indirect Mill", "Trader": "Pelita Agung Agrindustri - Dumai" }, "geometry": { "type": "Point", "coordinates": [ 100.589, 1.584567 ] } },
{ "type": "Feature", "properties": { "PHG ID": "PG-235", "Supplier N": "Perkebunan Nusantara V", "Mill Name": "Terantam", "Group": "PTPN V", "Latitude": 0.57919, "Longitude": 100.75078, "UML ID": "PO1000004206", "Commodity": "CPO", "Supplier": "Pelita Agung Agrindustri - KID", "Status": "Indirect Mill", "Trader": "Pelita Agung Agrindustri - Dumai" }, "geometry": { "type": "Point", "coordinates": [ 100.75078, 0.57919 ] } },
{ "type": "Feature", "properties": { "PHG ID": "PG-233", "Supplier N": "Perkebunan Nusantara V", "Mill Name": "Tanah Putih", "Group": "PTPN V", "Latitude": 1.7425, "Longitude": 100.51225, "UML ID": "PO1000004268", "Commodity": "CPO", "Supplier": "Pelita Agung Agrindustri - KID", "Status": "Indirect Mill", "Trader": "Pelita Agung Agrindustri - Dumai" }, "geometry": { "type": "Point", "coordinates": [ 100.51225, 1.7425 ] } },
{ "type": "Feature", "properties": { "PHG ID": "PG-234", "Supplier N": "Perkebunan Nusantara V", "Mill Name": "Tandun", "Group": "PTPN V", "Latitude": 0.59964, "Longitude": 100.69281, "UML ID": "PO1000004402", "Commodity": "CPO", "Supplier": "Pelita Agung Agrindustri - KID", "Status": "Indirect Mill", "Trader": "Pelita Agung Agrindustri - Dumai" }, "geometry": { "type": "Point", "coordinates": [ 100.69281, 0.59964 ] } },
{ "type": "Feature", "properties": { "PHG ID": "PG-231", "Supplier N": "Perkebunan Nusantara V", "Mill Name": "Sei Rokan", "Group": "PTPN V", "Latitude": 0.72572, "Longitude": 100.57897, "UML ID": "PO1000005128", "Commodity": "CPO", "Supplier": "Pelita Agung Agrindustri - KID", "Status": "Indirect Mill", "Trader": "Pelita Agung Agrindustri - Dumai" }, "geometry": { "type": "Point", "coordinates": [ 100.57897, 0.72572 ] } },
{ "type": "Feature", "properties": { "PHG ID": "PG-232", "Supplier N": "Perkebunan Nusantara V", "Mill Name": "Sei Tapung", "Group": "PTPN V", "Latitude": 0.599, "Longitude": 100.619, "UML ID": "PO1000004212", "Commodity": "CPO", "Supplier": "Pelita Agung Agrindustri - KID", "Status": "Indirect Mill", "Trader": "Pelita Agung Agrindustri - Dumai" }, "geometry": { "type": "Point", "coordinates": [ 100.619, 0.599 ] } },
{ "type": "Feature", "properties": { "PHG ID": "PG-230", "Supplier N": "Perkebunan Nusantara V", "Mill Name": "Sei Intan", "Group": "PTPN V", "Latitude": 0.78425, "Longitude": 100.61086, "UML ID": "PO1000006147", "Commodity": "CPO", "Supplier": "Pelita Agung Agrindustri - KID", "Status": "Indirect Mill", "Trader": "Pelita Agung Agrindustri - Dumai" }, "geometry": { "type": "Point", "coordinates": [ 100.61086, 0.78425 ] } },
{ "type": "Feature", "properties": { "PHG ID": "PG-316", "Supplier N": "Perkebunan Nusantara V", "Mill Name": "Sei Pagar", "Group": "PTPN V", "Latitude": 0.327462, "Longitude": 101.35099, "UML ID": "PO1000006159", "Commodity": "CPO", "Supplier": "Pelita Agung Agrindustri - KID", "Status": "Indirect Mill", "Trader": "Pelita Agung Agrindustri - Dumai" }, "geometry": { "type": "Point", "coordinates": [ 101.35099, 0.327462 ] } },
{ "type": "Feature", "properties": { "PHG ID": "PG-228", "Supplier N": "Perkebunan Nusantara V", "Mill Name": "Sei Galuh", "Group": "PTPN V", "Latitude": 0.546957, "Longitude": 101.228963, "UML ID": "PO1000007604", "Commodity": "CPO", "Supplier": "Pelita Agung Agrindustri - KID", "Status": "Indirect Mill", "Trader": "Pelita Agung Agrindustri - Dumai" }, "geometry": { "type": "Point", "coordinates": [ 101.228963, 0.546957 ] } },
{ "type": "Feature", "properties": { "PHG ID": "PG-229", "Supplier N": "Perkebunan Nusantara V", "Mill Name": "Sei Garo", "Group": "PTPN V", "Latitude": 0.64372, "Longitude": 101.11006, "UML ID": "PO1000007605", "Commodity": "CPO", "Supplier": "Pelita Agung Agrindustri - KID", "Status": "Indirect Mill", "Trader": "Pelita Agung Agrindustri - Dumai" }, "geometry": { "type": "Point", "coordinates": [ 101.11006, 0.64372 ] } },
{ "type": "Feature", "properties": { "PHG ID": "PG-384", "Supplier N": "Surya Lestari Usaha Mandiri", "Mill Name": "Surya Lestari Usaha Mandiri", "Group": "Surya Lestari Usaha Mandiri", "Latitude": -2.21486, "Longitude": 102.81641, "UML ID": "PO1000017065", "Commodity": "CPO", "Supplier": "Pelita Agung Agrindustri - KID", "Status": "Indirect Mill", "Trader": "Pelita Agung Agrindustri - Dumai" }, "geometry": { "type": "Point", "coordinates": [ 102.81641, -2.21486 ] } },
{ "type": "Feature", "properties": { "PHG ID": "PG-227", "Supplier N": "Perkebunan Nusantara V", "Mill Name": "Lubuk Dalam", "Group": "PTPN V", "Latitude": 0.62994, "Longitude": 101.77956, "UML ID": "PO1000004219", "Commodity": "CPO", "Supplier": "Pelita Agung Agrindustri - KID", "Status": "Indirect Mill", "Trader": "Pelita Agung Agrindustri - Dumai" }, "geometry": { "type": "Point", "coordinates": [ 101.77956, 0.62994 ] } },
{ "type": "Feature", "properties": { "PHG ID": "PG-388", "Supplier N": "Kurnia Palma Berjaya", "Mill Name": "Kurnia Palma Berjaya", "Group": "Kurnia Palma Berjaya", "Latitude": -1.51697, "Longitude": 102.651138, "UML ID": "-", "Commodity": "CPO", "Supplier": "Pelita Agung Agrindustri - KID", "Status": "Indirect Mill", "Trader": "Pelita Agung Agrindustri - Dumai" }, "geometry": { "type": "Point", "coordinates": [ 102.651138, -1.51697 ] } },
{ "type": "Feature", "properties": { "PHG ID": "PG-383", "Supplier N": "Porman Anugerah Sejati", "Mill Name": "Porman Anugerah Sejati", "Group": "Porman Anugerah Sejati", "Latitude": -1.41955, "Longitude": 102.72013, "UML ID": "-", "Commodity": "CPO", "Supplier": "Pelita Agung Agrindustri - KID", "Status": "Indirect Mill", "Trader": "Pelita Agung Agrindustri - Dumai" }, "geometry": { "type": "Point", "coordinates": [ 102.72013, -1.41955 ] } },
{ "type": "Feature", "properties": { "PHG ID": "PG-387", "Supplier N": "Gemilang Bersama Utama Palm Oil", "Mill Name": "Gemilang Bersama Utama Palm Oil", "Group": "Gemilang Bersama Utama Palm Oil", "Latitude": -1.749137, "Longitude": 103.882261, "UML ID": "-", "Commodity": "CPO", "Supplier": "Pelita Agung Agrindustri - KID", "Status": "Indirect Mill", "Trader": "Pelita Agung Agrindustri - Dumai" }, "geometry": { "type": "Point", "coordinates": [ 103.882261, -1.749137 ] } },
{ "type": "Feature", "properties": { "PHG ID": "PG-382", "Supplier N": "Kurnia Merangin Berjaya", "Mill Name": "Kurnia Merangin Berjaya", "Group": "Kurnia Merangin Berjaya", "Latitude": -2.18175, "Longitude": 102.47051, "UML ID": "PO1000016969", "Commodity": "CPO", "Supplier": "Pelita Agung Agrindustri - KID", "Status": "Indirect Mill", "Trader": "Pelita Agung Agrindustri - Dumai" }, "geometry": { "type": "Point", "coordinates": [ 102.47051, -2.18175 ] } },
{ "type": "Feature", "properties": { "PHG ID": "PG-265", "Supplier N": "Trimitra Lestari", "Mill Name": "Trimitra Lestari", "Group": "Sin Tek Huat", "Latitude": -1.06976, "Longitude": 103.165858, "UML ID": "PO1000004432", "Commodity": "CPO", "Supplier": "Pelita Agung Agrindustri - KID", "Status": "Indirect Mill", "Trader": "Pelita Agung Agrindustri - Dumai" }, "geometry": { "type": "Point", "coordinates": [ 103.165858, -1.06976 ] } },
{ "type": "Feature", "properties": { "PHG ID": "PG-386", "Supplier N": "Dua Semeru Putra Mandiri", "Mill Name": "Dua Semeru Putra Mandiri", "Group": "Dua Semeru Putra Mandiri", "Latitude": -2.287189, "Longitude": 102.676234, "UML ID": "-", "Commodity": "CPO", "Supplier": "Pelita Agung Agrindustri - KID", "Status": "Indirect Mill", "Trader": "Pelita Agung Agrindustri - Dumai" }, "geometry": { "type": "Point", "coordinates": [ 102.676234, -2.287189 ] } },
{ "type": "Feature", "properties": { "PHG ID": "PG-191", "Supplier N": "Petaling Mandraguna", "Mill Name": "Petaling Mandraguna", "Group": "Petaling Mandraguna", "Latitude": -1.44594, "Longitude": 103.62722, "UML ID": "PO1000004465", "Commodity": "CPO", "Supplier": "Pelita Agung Agrindustri - KID", "Status": "Indirect Mill", "Trader": "Pelita Agung Agrindustri - Dumai" }, "geometry": { "type": "Point", "coordinates": [ 103.62722, -1.44594 ] } },
{ "type": "Feature", "properties": { "PHG ID": "PG-287", "Supplier N": "Surya Sumber Sawit Abadi", "Mill Name": "Surya Sumber Sawit Abadi", "Group": "Surya Sumber Sawit Abadi", "Latitude": -1.472702, "Longitude": 102.620073, "UML ID": "PO1000010015", "Commodity": "CPO", "Supplier": "Pelita Agung Agrindustri - KID", "Status": "Indirect Mill", "Trader": "Pelita Agung Agrindustri - Dumai" }, "geometry": { "type": "Point", "coordinates": [ 102.620073, -1.472702 ] } },
{ "type": "Feature", "properties": { "PHG ID": "PG-172", "Supplier N": "Palma Jaya Sejahtera", "Mill Name": "Palma Jaya Sejahtera", "Group": "Palma Group (Not Official Yet)", "Latitude": -1.87458, "Longitude": 103.56028, "UML ID": "PO1000004498", "Commodity": "CPO", "Supplier": "Pelita Agung Agrindustri - KID", "Status": "Indirect Mill", "Trader": "Pelita Agung Agrindustri - Dumai" }, "geometry": { "type": "Point", "coordinates": [ 103.56028, -1.87458 ] } },
{ "type": "Feature", "properties": { "PHG ID": "PG-190", "Supplier N": "Persada Alam Jaya", "Mill Name": "Persada Alam Jaya", "Group": "Persada Alam Jaya", "Latitude": -1.044642, "Longitude": 102.888934, "UML ID": "PO1000008618", "Commodity": "CPO", "Supplier": "Pelita Agung Agrindustri - KID", "Status": "Indirect Mill", "Trader": "Pelita Agung Agrindustri - Dumai" }, "geometry": { "type": "Point", "coordinates": [ 102.888934, -1.044642 ] } },
{ "type": "Feature", "properties": { "PHG ID": "PG-170", "Supplier N": "Palma Abadi", "Mill Name": "Palma Abadi", "Group": "Palma Group (Not Official Yet)", "Latitude": -1.321313, "Longitude": 103.266629, "UML ID": "PO1000004452", "Commodity": "CPO", "Supplier": "Pelita Agung Agrindustri - KID", "Status": "Indirect Mill", "Trader": "Pelita Agung Agrindustri - Dumai" }, "geometry": { "type": "Point", "coordinates": [ 103.266629, -1.321313 ] } },
{ "type": "Feature", "properties": { "PHG ID": "PG-171", "Supplier N": "Palma Gemilang Kencana", "Mill Name": "Palma Gemilang Kencana", "Group": "Palma Gemilang Kencana", "Latitude": -1.299, "Longitude": 103.487, "UML ID": "PO1000010016", "Commodity": "CPO", "Supplier": "Pelita Agung Agrindustri - KID", "Status": "Indirect Mill", "Trader": "Pelita Agung Agrindustri - Dumai" }, "geometry": { "type": "Point", "coordinates": [ 103.487, -1.299 ] } },
{ "type": "Feature", "properties": { "PHG ID": "PG-149", "Supplier N": "Mitra Agrolika Sejahtera", "Mill Name": "Mitra Agrolika Sejahtera", "Group": "Mitra Agrolika Sejahtera", "Latitude": -1.96278, "Longitude": 103.61547, "UML ID": "PO1000004323", "Commodity": "CPO", "Supplier": "Pelita Agung Agrindustri - KID", "Status": "Indirect Mill", "Trader": "Pelita Agung Agrindustri - Dumai" }, "geometry": { "type": "Point", "coordinates": [ 103.61547, -1.96278 ] } },
{ "type": "Feature", "properties": { "PHG ID": "PG-156", "Supplier N": "Muara Jambi Sawit Lestari", "Mill Name": "Muara Jambi Sawit Lestari", "Group": "Muara Jambi Sawit Lestari", "Latitude": -1.256, "Longitude": 103.70772, "UML ID": "PO1000008221", "Commodity": "CPO", "Supplier": "Pelita Agung Agrindustri - KID", "Status": "Indirect Mill", "Trader": "Pelita Agung Agrindustri - Dumai" }, "geometry": { "type": "Point", "coordinates": [ 103.70772, -1.256 ] } },
{ "type": "Feature", "properties": { "PHG ID": "PG-122", "Supplier N": "Kurnia Palma Agung Lestari", "Mill Name": "Kurnia Palma Agung Lestari", "Group": "Kurnia Palma Agung Lestari", "Latitude": -1.791, "Longitude": 102.25808, "UML ID": "PO1000013888", "Commodity": "CPO", "Supplier": "Pelita Agung Agrindustri - KID", "Status": "Indirect Mill", "Trader": "Pelita Agung Agrindustri - Dumai" }, "geometry": { "type": "Point", "coordinates": [ 102.25808, -1.791 ] } },
{ "type": "Feature", "properties": { "PHG ID": "PG-140", "Supplier N": "Merlung Inti Lestari", "Mill Name": "Merlung Inti Lestari", "Group": "Merlung Inti Lestari", "Latitude": -1.32864, "Longitude": 103.27372, "UML ID": "PO1000011556", "Commodity": "CPO", "Supplier": "Pelita Agung Agrindustri - KID", "Status": "Indirect Mill", "Trader": "Pelita Agung Agrindustri - Dumai" }, "geometry": { "type": "Point", "coordinates": [ 103.27372, -1.32864 ] } },
{ "type": "Feature", "properties": { "PHG ID": "PG-105", "Supplier N": "Kedaton Mulia Primas", "Mill Name": "Kedaton Mulia Primas", "Group": "Palma Group (Not Official Yet)", "Latitude": -1.90717, "Longitude": 103.01361, "UML ID": "PO1000008345", "Commodity": "CPO", "Supplier": "Pelita Agung Agrindustri - KID", "Status": "Indirect Mill", "Trader": "Pelita Agung Agrindustri - Dumai" }, "geometry": { "type": "Point", "coordinates": [ 103.01361, -1.90717 ] } },
{ "type": "Feature", "properties": { "PHG ID": "PG-121", "Supplier N": "Kurnia Batang Hari Berjaya", "Mill Name": "Kurnia Batang Hari Berjaya", "Group": "Kurnia Batang Hari Berjaya", "Latitude": -1.78872, "Longitude": 103.07972, "UML ID": "PO1000009559", "Commodity": "CPO", "Supplier": "Pelita Agung Agrindustri - KID", "Status": "Indirect Mill", "Trader": "Pelita Agung Agrindustri - Dumai" }, "geometry": { "type": "Point", "coordinates": [ 103.07972, -1.78872 ] } },
{ "type": "Feature", "properties": { "PHG ID": "PG-056", "Supplier N": "Bungo Suko Menanti", "Mill Name": "Bungo Suko Menanti", "Group": "Bungo Suko Menanti", "Latitude": -1.30817, "Longitude": 101.76408, "UML ID": "PO1000009558", "Commodity": "CPO", "Supplier": "Pelita Agung Agrindustri - KID", "Status": "Indirect Mill", "Trader": "Pelita Agung Agrindustri - Dumai" }, "geometry": { "type": "Point", "coordinates": [ 101.76408, -1.30817 ] } },
{ "type": "Feature", "properties": { "PHG ID": "PG-364", "Supplier N": "Kaspari Agro Sentosa", "Mill Name": "Kaspari Agro Sentosa", "Group": "Kaspari Agro Sentosa", "Latitude": -1.78292, "Longitude": 103.488414, "UML ID": "PO1000017064", "Commodity": "CPO", "Supplier": "Pelita Agung Agrindustri - KID", "Status": "Indirect Mill", "Trader": "Pelita Agung Agrindustri - Dumai" }, "geometry": { "type": "Point", "coordinates": [ 103.488414, -1.78292 ] } },
{ "type": "Feature", "properties": { "PHG ID": "PG-309", "Supplier N": "Bahari Gembira Ria", "Mill Name": "Ladang Panjang", "Group": "Minamas", "Latitude": -1.79167, "Longitude": 103.79139, "UML ID": "PO1000000315", "Commodity": "CPO", "Supplier": "Pelita Agung Agrindustri - KID", "Status": "Indirect Mill", "Trader": "Pelita Agung Agrindustri - Dumai" }, "geometry": { "type": "Point", "coordinates": [ 103.79139, -1.79167 ] } },
{ "type": "Feature", "properties": { "PHG ID": "PG-308", "Supplier N": "Batanghari Sawit Sejahtera", "Mill Name": "Batanghari Sawit Sejahtera", "Group": "Bukit Barisan Indah Prima", "Latitude": -1.347646, "Longitude": 103.542529, "UML ID": "PO1000004455", "Commodity": "CPO", "Supplier": "Pelita Agung Agrindustri - KID", "Status": "Indirect Mill", "Trader": "Pelita Agung Agrindustri - Dumai" }, "geometry": { "type": "Point", "coordinates": [ 103.542529, -1.347646 ] } },
{ "type": "Feature", "properties": { "PHG ID": "PG-344", "Supplier N": "Agrojaya Perdana", "Mill Name": "Agrojaya Perdana", "Group": "Growth Steel Group", "Latitude": -1.27021, "Longitude": 103.8144, "UML ID": "PO1000007469", "Commodity": "CPO", "Supplier": "Pelita Agung Agrindustri - KID", "Status": "Indirect Mill", "Trader": "Pelita Agung Agrindustri - Dumai" }, "geometry": { "type": "Point", "coordinates": [ 103.8144, -1.27021 ] } },
{ "type": "Feature", "properties": { "PHG ID": "PG-345", "Supplier N": "Anekapura Multikerta", "Mill Name": "Anekapura Multikerta", "Group": "Anekapura Multikerta", "Latitude": -1.079265, "Longitude": 103.008358, "UML ID": "PO1000004842", "Commodity": "CPO", "Supplier": "Pelita Agung Agrindustri - KID", "Status": "Indirect Mill", "Trader": "Pelita Agung Agrindustri - Dumai" }, "geometry": { "type": "Point", "coordinates": [ 103.008358, -1.079265 ] } },
{ "type": "Feature", "properties": { "PHG ID": "PG-004", "Supplier N": "Adimulia Palmo Lestari", "Mill Name": "Adimulia Palmo Lestari", "Group": "Adimulia", "Latitude": -1.70526, "Longitude": 102.7823, "UML ID": "PO1000010257", "Commodity": "CPO", "Supplier": "Pelita Agung Agrindustri - KID", "Status": "Indirect Mill", "Trader": "Pelita Agung Agrindustri - Dumai" }, "geometry": { "type": "Point", "coordinates": [ 102.7823, -1.70526 ] } },
{ "type": "Feature", "properties": { "PHG ID": "PG-354", "Supplier N": "Agrindo Panca Tunggal Perkasa", "Mill Name": "Agrindo Panca Tunggal Perkasa", "Group": "Agrindo Panca Tunggal Perkasa", "Latitude": -2.36757, "Longitude": 102.79132, "UML ID": "PO1000016966", "Commodity": "CPO", "Supplier": "Pelita Agung Agrindustri - KID", "Status": "Indirect Mill", "Trader": "Pelita Agung Agrindustri - Dumai" }, "geometry": { "type": "Point", "coordinates": [ 102.79132, -2.36757 ] } },
{ "type": "Feature", "properties": { "PHG ID": "PG-019", "Supplier N": "Anugerah Agro Sawit Perkasa", "Mill Name": "Anugerah Agro Sawit Perkasa", "Group": "Anugerah Agro Sawit Perkasa", "Latitude": 1.84464, "Longitude": 100.44456, "UML ID": "PO1000008585", "Commodity": "CPO", "Supplier": "Pelita Agung Agrindustri - KID", "Status": "Indirect Mill", "Trader": "Pelita Agung Agrindustri - Dumai" }, "geometry": { "type": "Point", "coordinates": [ 100.44456, 1.84464 ] } },
{ "type": "Feature", "properties": { "PHG ID": "PG-162", "Supplier N": "Multi Palma Sejahtera", "Mill Name": "Multi Palma Sejahtera", "Group": "Multi Palma Sejahtera", "Latitude": 0.414751, "Longitude": 101.667147, "UML ID": "PO1000004172", "Commodity": "CPO", "Supplier": "Pelita Agung Agrindustri - KID", "Status": "Indirect Mill", "Trader": "Pelita Agung Agrindustri - Dumai" }, "geometry": { "type": "Point", "coordinates": [ 101.667147, 0.414751 ] } },
{ "type": "Feature", "properties": { "PHG ID": "PG-027", "Supplier N": "Sari Aditya Loka", "Mill Name": "Sari Aditya Loka 1", "Group": "Astra Agro Lestari Tbk", "Latitude": -1.95914, "Longitude": 102.37047, "UML ID": "PO1000004505", "Commodity": "CPO", "Supplier": "Pelita Agung Agrindustri - KID", "Status": "Indirect Mill", "Trader": "Pelita Agung Agrindustri - Dumai" }, "geometry": { "type": "Point", "coordinates": [ 102.37047, -1.95914 ] } },
{ "type": "Feature", "properties": { "PHG ID": "PG-378", "Supplier N": "Tumpuan", "Mill Name": "Tumpuan", "Group": "Bukit Barisan Indah Prima", "Latitude": 1.28978686, "Longitude": 101.0550173, "UML ID": "-", "Commodity": "CPO", "Supplier": "Pelita Agung Agrindustri - KID", "Status": "Indirect Mill", "Trader": "Pelita Agung Agrindustri - Dumai" }, "geometry": { "type": "Point", "coordinates": [ 101.0550173, 1.28978686 ] } },
{ "type": "Feature", "properties": { "PHG ID": "PG-340", "Supplier N": "Perkebunan Nusantara IV", "Mill Name": "Pulau Raja", "Group": "PTPN IV", "Latitude": 2.702107, "Longitude": 99.624523, "UML ID": "PO1000002335", "Commodity": "CPO", "Supplier": "Pelita Agung Agrindustri - KID", "Status": "Indirect Mill", "Trader": "Pelita Agung Agrindustri - Dumai" }, "geometry": { "type": "Point", "coordinates": [ 99.624523, 2.702107 ] } },
{ "type": "Feature", "properties": { "PHG ID": "PG-028", "Supplier N": "Sari Aditya Loka", "Mill Name": "Sari Aditya Loka 2", "Group": "Astra Agro Lestari Tbk", "Latitude": -1.651, "Longitude": 102.308, "UML ID": "PO1000008403", "Commodity": "CPO", "Supplier": "Pelita Agung Agrindustri - KID", "Status": "Indirect Mill", "Trader": "Pelita Agung Agrindustri - Dumai" }, "geometry": { "type": "Point", "coordinates": [ 102.308, -1.651 ] } },
{ "type": "Feature", "properties": { "PHG ID": "PG-327", "Supplier N": "Balam Berlian Sawit", "Mill Name": "Balam Berlian Sawit", "Group": "Balam Berlian Sawit", "Latitude": 1.68041, "Longitude": 100.810047, "UML ID": "PO1000013778", "Commodity": "CPO", "Supplier": "Pelita Agung Agrindustri - KID", "Status": "Indirect Mill", "Trader": "Pelita Agung Agrindustri - Dumai" }, "geometry": { "type": "Point", "coordinates": [ 100.810047, 1.68041 ] } },
{ "type": "Feature", "properties": { "PHG ID": "PG-339", "Supplier N": "Perkebunan Nusantara IV", "Mill Name": "Mayang", "Group": "PTPN IV", "Latitude": 3.03298, "Longitude": 99.33295, "UML ID": "PO1000004281", "Commodity": "CPO", "Supplier": "Pelita Agung Agrindustri - KID", "Status": "Indirect Mill", "Trader": "Pelita Agung Agrindustri - Dumai" }, "geometry": { "type": "Point", "coordinates": [ 99.33295, 3.03298 ] } },
{ "type": "Feature", "properties": { "PHG ID": "PG-270", "Supplier N": "Sinar Utama Nabati", "Mill Name": "Sinar Utama Nabati", "Group": "Sinar Utama Nabati", "Latitude": -0.392, "Longitude": 101.41701, "UML ID": "PO1000010074", "Commodity": "CPO", "Supplier": "Pelita Agung Agrindustri - KID", "Status": "Indirect Mill", "Trader": "Pelita Agung Agrindustri - Dumai" }, "geometry": { "type": "Point", "coordinates": [ 101.41701, -0.392 ] } },
{ "type": "Feature", "properties": { "PHG ID": "PG-315", "Supplier N": "Perkebunan Nusantara IV", "Mill Name": "Timur", "Group": "PTPN IV", "Latitude": 0.36719, "Longitude": 99.30765, "UML ID": "PO1000004331", "Commodity": "CPO", "Supplier": "Pelita Agung Agrindustri - KID", "Status": "Indirect Mill", "Trader": "Pelita Agung Agrindustri - Dumai" }, "geometry": { "type": "Point", "coordinates": [ 99.30765, 0.36719 ] } },
{ "type": "Feature", "properties": { "PHG ID": "PG-225", "Supplier N": "Perkebunan Nusantara IV", "Mill Name": "Sosa", "Group": "PTPN IV", "Latitude": 1.04856, "Longitude": 100.01397, "UML ID": "PO1000004428", "Commodity": "CPO", "Supplier": "Pelita Agung Agrindustri - KID", "Status": "Indirect Mill", "Trader": "Pelita Agung Agrindustri - Dumai" }, "geometry": { "type": "Point", "coordinates": [ 100.01397, 1.04856 ] } },
{ "type": "Feature", "properties": { "PHG ID": "PG-226", "Supplier N": "Perkebunan Nusantara IV", "Mill Name": "Tinjowan", "Group": "PTPN IV", "Latitude": 3.08044, "Longitude": 99.51267, "UML ID": "PO1000004208", "Commodity": "CPO", "Supplier": "Pelita Agung Agrindustri - KID", "Status": "Indirect Mill", "Trader": "Pelita Agung Agrindustri - Dumai" }, "geometry": { "type": "Point", "coordinates": [ 99.51267, 3.08044 ] } },
{ "type": "Feature", "properties": { "PHG ID": "PG-223", "Supplier N": "Perkebunan Nusantara IV", "Mill Name": "Pasir Mandoge", "Group": "PTPN IV", "Latitude": 2.76844, "Longitude": 99.31769, "UML ID": "PO1000004277", "Commodity": "CPO", "Supplier": "Pelita Agung Agrindustri - KID", "Status": "Indirect Mill", "Trader": "Pelita Agung Agrindustri - Dumai" }, "geometry": { "type": "Point", "coordinates": [ 99.31769, 2.76844 ] } },
{ "type": "Feature", "properties": { "PHG ID": "PG-224", "Supplier N": "Perkebunan Nusantara IV", "Mill Name": "Sawit Langkat", "Group": "PTPN IV", "Latitude": 3.70058, "Longitude": 98.29406, "UML ID": "PO1000004524", "Commodity": "CPO", "Supplier": "Pelita Agung Agrindustri - KID", "Status": "Indirect Mill", "Trader": "Pelita Agung Agrindustri - Dumai" }, "geometry": { "type": "Point", "coordinates": [ 98.29406, 3.70058 ] } },
{ "type": "Feature", "properties": { "PHG ID": "PG-221", "Supplier N": "Perkebunan Nusantara IV", "Mill Name": "Dolok Sinumbah", "Group": "PTPN IV", "Latitude": 3.11161, "Longitude": 99.32906, "UML ID": "PO1000005868", "Commodity": "CPO", "Supplier": "Pelita Agung Agrindustri - KID", "Status": "Indirect Mill", "Trader": "Pelita Agung Agrindustri - Dumai" }, "geometry": { "type": "Point", "coordinates": [ 99.32906, 3.11161 ] } },
{ "type": "Feature", "properties": { "PHG ID": "PG-222", "Supplier N": "Perkebunan Nusantara IV", "Mill Name": "Pabatu", "Group": "PTPN IV", "Latitude": 3.28653, "Longitude": 99.10911, "UML ID": "PO1000002520", "Commodity": "CPO", "Supplier": "Pelita Agung Agrindustri - KID", "Status": "Indirect Mill", "Trader": "Pelita Agung Agrindustri - Dumai" }, "geometry": { "type": "Point", "coordinates": [ 99.10911, 3.28653 ] } },
{ "type": "Feature", "properties": { "PHG ID": "PG-220", "Supplier N": "Perkebunan Nusantara IV", "Mill Name": "Dolok Ilir", "Group": "PTPN IV", "Latitude": 3.12119, "Longitude": 99.16, "UML ID": "PO1000002539", "Commodity": "CPO", "Supplier": "Pelita Agung Agrindustri - KID", "Status": "Indirect Mill", "Trader": "Pelita Agung Agrindustri - Dumai" }, "geometry": { "type": "Point", "coordinates": [ 99.16, 3.12119 ] } },
{ "type": "Feature", "properties": { "PHG ID": "PG-218", "Supplier N": "Perkebunan Nusantara IV", "Mill Name": "Bah Jambi", "Group": "PTPN IV", "Latitude": 2.98847, "Longitude": 99.22031, "UML ID": "PO1000004181", "Commodity": "CPO", "Supplier": "Pelita Agung Agrindustri - KID", "Status": "Indirect Mill", "Trader": "Pelita Agung Agrindustri - Dumai" }, "geometry": { "type": "Point", "coordinates": [ 99.22031, 2.98847 ] } },
{ "type": "Feature", "properties": { "PHG ID": "PG-215", "Supplier N": "Perkebunan Nusantara IV", "Mill Name": "Adolina", "Group": "PTPN IV", "Latitude": 3.568, "Longitude": 98.94781, "UML ID": "PO1000004497", "Commodity": "CPO", "Supplier": "Pelita Agung Agrindustri - KID", "Status": "Indirect Mill", "Trader": "Pelita Agung Agrindustri - Dumai" }, "geometry": { "type": "Point", "coordinates": [ 98.94781, 3.568 ] } },
{ "type": "Feature", "properties": { "PHG ID": "PG-216", "Supplier N": "Perkebunan Nusantara IV", "Mill Name": "Air Batu", "Group": "PTPN IV", "Latitude": 2.85997, "Longitude": 99.63842, "UML ID": "PO1000004280", "Commodity": "CPO", "Supplier": "Pelita Agung Agrindustri - KID", "Status": "Indirect Mill", "Trader": "Pelita Agung Agrindustri - Dumai" }, "geometry": { "type": "Point", "coordinates": [ 99.63842, 2.85997 ] } },
{ "type": "Feature", "properties": { "PHG ID": "PG-189", "Supplier N": "Permata Hijau Indonesia", "Mill Name": "Langgam", "Group": "Permata Group", "Latitude": 0.304, "Longitude": 101.905, "UML ID": "PO1000004164", "Commodity": "CPO", "Supplier": "Pelita Agung Agrindustri - KID", "Status": "Indirect Mill", "Trader": "Pelita Agung Agrindustri - Dumai" }, "geometry": { "type": "Point", "coordinates": [ 101.905, 0.304 ] } },
{ "type": "Feature", "properties": { "PHG ID": "PG-195", "Supplier N": "Riau Kampar Sahabat Sejati", "Mill Name": "Riau Kampar Sahabat Sejati", "Group": "Riau Kampar Sahabat Sejati", "Latitude": 0.659452, "Longitude": 100.897976, "UML ID": "PO1000006152", "Commodity": "CPO", "Supplier": "Pelita Agung Agrindustri - KID", "Status": "Indirect Mill", "Trader": "Pelita Agung Agrindustri - Dumai" }, "geometry": { "type": "Point", "coordinates": [ 100.897976, 0.659452 ] } },
{ "type": "Feature", "properties": { "PHG ID": "PG-185", "Supplier N": "Pelita Agung Agrindustri", "Mill Name": "Duri", "Group": "Permata Group", "Latitude": 1.427931, "Longitude": 101.188599, "UML ID": "PO1000011184", "Commodity": "CPO", "Supplier": "Pelita Agung Agrindustri - KID", "Status": "Indirect Mill", "Trader": "Pelita Agung Agrindustri - Dumai" }, "geometry": { "type": "Point", "coordinates": [ 101.188599, 1.427931 ] } },
{ "type": "Feature", "properties": { "PHG ID": "PG-188", "Supplier N": "Permata Hijau Indonesia", "Mill Name": "Balam", "Group": "Permata Group", "Latitude": 1.6955, "Longitude": 100.68383, "UML ID": "PO1000010028", "Commodity": "CPO", "Supplier": "Pelita Agung Agrindustri - KID", "Status": "Indirect Mill", "Trader": "Pelita Agung Agrindustri - Dumai" }, "geometry": { "type": "Point", "coordinates": [ 100.68383, 1.6955 ] } },
{ "type": "Feature", "properties": { "PHG ID": "PG-165", "Supplier N": "Mustika Agung Sarana Sejahtera", "Mill Name": "Mustika Agung Sarana Sejahtera", "Group": "Mustika", "Latitude": 1.74944, "Longitude": 100.93017, "UML ID": "PO1000007661", "Commodity": "CPO", "Supplier": "Pelita Agung Agrindustri - KID", "Status": "Indirect Mill", "Trader": "Pelita Agung Agrindustri - Dumai" }, "geometry": { "type": "Point", "coordinates": [ 100.93017, 1.74944 ] } },
{ "type": "Feature", "properties": { "PHG ID": "PG-184", "Supplier N": "Nubika Jaya", "Mill Name": "Blok Songo", "Group": "Permata Group", "Latitude": 1.947629, "Longitude": 100.10167, "UML ID": "PO1000006257", "Commodity": "CPO", "Supplier": "Pelita Agung Agrindustri - KID", "Status": "Indirect Mill", "Trader": "Pelita Agung Agrindustri - Dumai" }, "geometry": { "type": "Point", "coordinates": [ 100.10167, 1.947629 ] } },
{ "type": "Feature", "properties": { "PHG ID": "PG-137", "Supplier N": "Mazuma Agro Indonesia", "Mill Name": "Mazuma Agro Indonesia", "Group": "Mazuma", "Latitude": 1.12867, "Longitude": 100.1545, "UML ID": "PO1000004438", "Commodity": "CPO", "Supplier": "Pelita Agung Agrindustri - KID", "Status": "Indirect Mill", "Trader": "Pelita Agung Agrindustri - Dumai" }, "geometry": { "type": "Point", "coordinates": [ 100.1545, 1.12867 ] } },
{ "type": "Feature", "properties": { "PHG ID": "PG-148", "Supplier N": "Tunggal Mitra Plantations", "Mill Name": "Manggala", "Group": "Minamas", "Latitude": 1.521, "Longitude": 100.732, "UML ID": "PO1000000330", "Commodity": "CPO", "Supplier": "Pelita Agung Agrindustri - KID", "Status": "Indirect Mill", "Trader": "Pelita Agung Agrindustri - Dumai" }, "geometry": { "type": "Point", "coordinates": [ 100.732, 1.521 ] } },
{ "type": "Feature", "properties": { "PHG ID": "PG-038", "Supplier N": "Tunggal Perkasa Plantation", "Mill Name": "Tunggal Perkasa Plantation", "Group": "Astra Agro Lestari Tbk", "Latitude": -0.30264, "Longitude": 102.27317, "UML ID": "PO1000004372", "Commodity": "CPO", "Supplier": "Pelita Agung Agrindustri - KID", "Status": "Indirect Mill", "Trader": "Pelita Agung Agrindustri - Dumai" }, "geometry": { "type": "Point", "coordinates": [ 102.27317, -0.30264 ] } },
{ "type": "Feature", "properties": { "PHG ID": "PG-080", "Supplier N": "Giga Putra Nusantara", "Mill Name": "Giga Putra Nusantara", "Group": "Giga Putra Nusantara", "Latitude": 1.30817, "Longitude": 99.76825, "UML ID": "PO1000008570", "Commodity": "CPO", "Supplier": "Pelita Agung Agrindustri - KID", "Status": "Indirect Mill", "Trader": "Pelita Agung Agrindustri - Dumai" }, "geometry": { "type": "Point", "coordinates": [ 99.76825, 1.30817 ] } },
{ "type": "Feature", "properties": { "PHG ID": "PG-036", "Supplier N": "Sari Lembah Subur", "Mill Name": "Sari Lembah Subur 1", "Group": "Astra Agro Lestari Tbk", "Latitude": -0.05083, "Longitude": 102.25281, "UML ID": "PO1000004935", "Commodity": "CPO", "Supplier": "Pelita Agung Agrindustri - KID", "Status": "Indirect Mill", "Trader": "Pelita Agung Agrindustri - Dumai" }, "geometry": { "type": "Point", "coordinates": [ 102.25281, -0.05083 ] } },
{ "type": "Feature", "properties": { "PHG ID": "PG-037", "Supplier N": "Sari Lembah Subur", "Mill Name": "Sari Lembah Subur 2", "Group": "Astra Agro Lestari Tbk", "Latitude": -0.00181, "Longitude": 102.19642, "UML ID": "PO1000007596", "Commodity": "CPO", "Supplier": "Pelita Agung Agrindustri - KID", "Status": "Indirect Mill", "Trader": "Pelita Agung Agrindustri - Dumai" }, "geometry": { "type": "Point", "coordinates": [ 102.19642, -0.00181 ] } },
{ "type": "Feature", "properties": { "PHG ID": "PG-030", "Supplier N": "Eka Dura Indonesia", "Mill Name": "Eka Dura Indonesia", "Group": "Astra Agro Lestari Tbk", "Latitude": 0.88428, "Longitude": 100.61372, "UML ID": "PO1000004422", "Commodity": "CPO", "Supplier": "Pelita Agung Agrindustri - KID", "Status": "Indirect Mill", "Trader": "Pelita Agung Agrindustri - Dumai" }, "geometry": { "type": "Point", "coordinates": [ 100.61372, 0.88428 ] } },
{ "type": "Feature", "properties": { "PHG ID": "PG-034", "Supplier N": "Kimia Tirta Utama", "Mill Name": "Kimia Tirta Utama", "Group": "Astra Agro Lestari Tbk", "Latitude": 0.67619, "Longitude": 101.72675, "UML ID": "PO1000004408", "Commodity": "CPO", "Supplier": "Pelita Agung Agrindustri - KID", "Status": "Indirect Mill", "Trader": "Pelita Agung Agrindustri - Dumai" }, "geometry": { "type": "Point", "coordinates": [ 101.72675, 0.67619 ] } },
{ "type": "Feature", "properties": { "PHG ID": "PG-001", "Supplier N": "Abdi Budi Mulia", "Mill Name": "PMKS 1", "Group": "Abdi Budi Mulia", "Latitude": 2.05261, "Longitude": 100.25326, "UML ID": "PO1000004269", "Commodity": "CPO", "Supplier": "Pelita Agung Agrindustri - KID", "Status": "Indirect Mill", "Trader": "Pelita Agung Agrindustri - Dumai" }, "geometry": { "type": "Point", "coordinates": [ 100.25326, 2.05261 ] } },
{ "type": "Feature", "properties": { "PHG ID": "PG-029", "Supplier N": "Sawit Asahan Indah", "Mill Name": "Sawit Asahan Indah", "Group": "Astra Agro Lestari Tbk", "Latitude": 0.76161, "Longitude": 100.51889, "UML ID": "PO1000004417", "Commodity": "CPO", "Supplier": "Pelita Agung Agrindustri - KID", "Status": "Indirect Mill", "Trader": "Pelita Agung Agrindustri - Dumai" }, "geometry": { "type": "Point", "coordinates": [ 100.51889, 0.76161 ] } },
{ "type": "Feature", "properties": { "PHG ID": "PG-086", "Supplier N": "Guna Agung Semesta", "Mill Name": "Guna Agung Semesta", "Group": "Guna Agung Semesta", "Latitude": 0.988, "Longitude": 101.243, "UML ID": "PO1000006328", "Commodity": "PK", "Supplier": "Pelita Agung Agrindustri - KID", "Status": "Direct Mill", "Trader": null }, "geometry": { "type": "Point", "coordinates": [ 101.243, 0.988 ] } },
{ "type": "Feature", "properties": { "PHG ID": "PG-087", "Supplier N": "Guna Setia Pratama", "Mill Name": "Guna Setia Pratama", "Group": "Guna Setia Pratama", "Latitude": 0.428, "Longitude": 101.597, "UML ID": "PO1000008224", "Commodity": "PK", "Supplier": "Pelita Agung Agrindustri - KID", "Status": "Direct Mill", "Trader": null }, "geometry": { "type": "Point", "coordinates": [ 101.597, 0.428 ] } },
{ "type": "Feature", "properties": { "PHG ID": "PG-104", "Supplier N": "Karya Samo Mas", "Mill Name": "Karya Samo Mas", "Group": "Karya Samo Mas", "Latitude": 0.792881, "Longitude": 100.473153, "UML ID": "PO1000014623", "Commodity": "PK", "Supplier": "Pelita Agung Agrindustri - KID", "Status": "Direct Mill", "Trader": null }, "geometry": { "type": "Point", "coordinates": [ 100.473153, 0.792881 ] } },
{ "type": "Feature", "properties": { "PHG ID": "PG-391", "Supplier N": "Meskom Agro Sarimas", "Mill Name": "Meskom Agro Sarimas", "Group": "Tri Bakti Sarimas", "Latitude": 1.548778, "Longitude": 102.090917, "UML ID": "PO1000004470", "Commodity": "PK", "Supplier": "Pelita Agung Agrindustri - KID", "Status": "Direct Mill", "Trader": null }, "geometry": { "type": "Point", "coordinates": [ 102.090917, 1.548778 ] } },
{ "type": "Feature", "properties": { "PHG ID": "PG-392", "Supplier N": "Mitra Sawit Perkasa", "Mill Name": "Mitra Sawit Perkasa", "Group": "Perkasa Group", "Latitude": 1.881212, "Longitude": 100.13005, "UML ID": "-", "Commodity": "PK", "Supplier": "Pelita Agung Agrindustri - KID", "Status": "Direct Mill", "Trader": null }, "geometry": { "type": "Point", "coordinates": [ 100.13005, 1.881212 ] } },
{ "type": "Feature", "properties": { "PHG ID": "PG-351", "Supplier N": "Multiagro Sumaterajaya", "Mill Name": "Pulau Dogom", "Group": "Multiagro Sumaterajaya", "Latitude": 2.566806, "Longitude": 99.578222, "UML ID": "PO1000006247", "Commodity": "PK", "Supplier": "Pelita Agung Agrindustri - KID", "Status": "Direct Mill", "Trader": null }, "geometry": { "type": "Point", "coordinates": [ 99.578222, 2.566806 ] } },
{ "type": "Feature", "properties": { "PHG ID": "PG-163", "Supplier N": "Multiagro Sumaterajaya", "Mill Name": "Aliaga", "Group": "Multiagro Sumaterajaya", "Latitude": 1.07906, "Longitude": 100.05503, "UML ID": "PO1000008398", "Commodity": "PK", "Supplier": "Pelita Agung Agrindustri - KID", "Status": "Direct Mill", "Trader": null }, "geometry": { "type": "Point", "coordinates": [ 100.05503, 1.07906 ] } },
{ "type": "Feature", "properties": { "PHG ID": "PG-181", "Supplier N": "Peputra Supra Jaya", "Mill Name": "Peputra Supra Jaya", "Group": "Peputra Supra Jaya", "Latitude": 0.15911, "Longitude": 101.78133, "UML ID": "PO1000008421", "Commodity": "PK", "Supplier": "Pelita Agung Agrindustri - KID", "Status": "Direct Mill", "Trader": null }, "geometry": { "type": "Point", "coordinates": [ 101.78133, 0.15911 ] } },
{ "type": "Feature", "properties": { "PHG ID": "PG-036", "Supplier N": "Sari Lembah Subur", "Mill Name": "Sari Lembah Subur 1", "Group": "Astra Agro Lestari Tbk", "Latitude": -0.05083, "Longitude": 102.25281, "UML ID": "PO1000004935", "Commodity": "PK", "Supplier": "Pelita Agung Agrindustri - KID", "Status": "Direct Mill", "Trader": null }, "geometry": { "type": "Point", "coordinates": [ 102.25281, -0.05083 ] } },
{ "type": "Feature", "properties": { "PHG ID": "PG-029", "Supplier N": "Sawit Asahan Indah", "Mill Name": "Sawit Asahan Indah", "Group": "Astra Agro Lestari Tbk", "Latitude": 0.76161, "Longitude": 100.51889, "UML ID": "PO1000004417", "Commodity": "PK", "Supplier": "Pelita Agung Agrindustri - KID", "Status": "Direct Mill", "Trader": null }, "geometry": { "type": "Point", "coordinates": [ 100.51889, 0.76161 ] } },
{ "type": "Feature", "properties": { "PHG ID": "PG-253", "Supplier N": "Sawit Riau Makmur", "Mill Name": "Sawit Riau Makmur", "Group": "Sawit Riau Makmur", "Latitude": 1.534374, "Longitude": 100.992972, "UML ID": "PO1000004263", "Commodity": "PK", "Supplier": "Pelita Agung Agrindustri - KID", "Status": "Direct Mill", "Trader": null }, "geometry": { "type": "Point", "coordinates": [ 100.992972, 1.534374 ] } },
{ "type": "Feature", "properties": { "PHG ID": "PG-260", "Supplier N": "Semunai Sawit Perkasa", "Mill Name": "Semunai Sawit Perkasa", "Group": "Semunai Sawit Perkasa", "Latitude": 1.16339, "Longitude": 101.27806, "UML ID": "PO1000008278", "Commodity": "PK", "Supplier": "Pelita Agung Agrindustri - KID", "Status": "Direct Mill", "Trader": null }, "geometry": { "type": "Point", "coordinates": [ 101.27806, 1.16339 ] } },
{ "type": "Feature", "properties": { "PHG ID": "PG-377", "Supplier N": "Sri Ulina Ersada Karina", "Mill Name": "Sri Ulina Ersada Karina", "Group": "Sri Ulina Ersada Karina", "Latitude": 1.323700062, "Longitude": 101.0693876, "UML ID": "PO1000015874", "Commodity": "PK", "Supplier": "Pelita Agung Agrindustri - KID", "Status": "Direct Mill", "Trader": null }, "geometry": { "type": "Point", "coordinates": [ 101.0693876, 1.323700062 ] } },
{ "type": "Feature", "properties": { "PHG ID": "PG-378", "Supplier N": "Tumpuan", "Mill Name": "Tumpuan", "Group": "Bukit Barisan Indah Prima", "Latitude": 1.28978686, "Longitude": 101.0550173, "UML ID": "-", "Commodity": "PK", "Supplier": "Pelita Agung Agrindustri - KID", "Status": "Direct Mill", "Trader": null }, "geometry": { "type": "Point", "coordinates": [ 101.0550173, 1.28978686 ] } },
{ "type": "Feature", "properties": { "PHG ID": "PG-237", "Supplier N": "Perkebunan Nusantara VI", "Mill Name": "Bunut", "Group": "PTPN VI", "Latitude": -1.91139, "Longitude": 103.40419, "UML ID": "PO1000008199", "Commodity": "PK", "Supplier": "Pelita Agung Agrindustri - KID", "Status": "Indirect Mill", "Trader": "Inti Mas Sejahtera" }, "geometry": { "type": "Point", "coordinates": [ 103.40419, -1.91139 ] } },
{ "type": "Feature", "properties": { "PHG ID": "PG-325", "Supplier N": "Perkebunan Nusantara XIII", "Mill Name": "Gunung Meliau", "Group": "PTPN XIII", "Latitude": -0.107581, "Longitude": 110.292165, "UML ID": "PO1000004350", "Commodity": "PK", "Supplier": "Pelita Agung Agrindustri - KID", "Status": "Indirect Mill", "Trader": "Inti Mas Sejahtera" }, "geometry": { "type": "Point", "coordinates": [ 110.292165, -0.107581 ] } },
{ "type": "Feature", "properties": { "PHG ID": "PG-323", "Supplier N": "Perkebunan Nusantara XIII", "Mill Name": "Ngabang", "Group": "PTPN XIII", "Latitude": 0.343665, "Longitude": 109.938652, "UML ID": "PO1000008210", "Commodity": "PK", "Supplier": "Pelita Agung Agrindustri - KID", "Status": "Indirect Mill", "Trader": "Inti Mas Sejahtera" }, "geometry": { "type": "Point", "coordinates": [ 109.938652, 0.343665 ] } },
{ "type": "Feature", "properties": { "PHG ID": "PG-341", "Supplier N": "Perkebunan Nusantara VI", "Mill Name": "Ophir", "Group": "PTPN VI", "Latitude": 0.0149, "Longitude": 99.83566, "UML ID": "PO1000004863", "Commodity": "PK", "Supplier": "Pelita Agung Agrindustri - KID", "Status": "Indirect Mill", "Trader": "Inti Mas Sejahtera" }, "geometry": { "type": "Point", "coordinates": [ 99.83566, 0.0149 ] } },
{ "type": "Feature", "properties": { "PHG ID": "PG-324", "Supplier N": "Perkebunan Nusantara XIII", "Mill Name": "Parindu", "Group": "PTPN XIII", "Latitude": 0.250556, "Longitude": 110.303889, "UML ID": "PO1000008159", "Commodity": "PK", "Supplier": "Pelita Agung Agrindustri - KID", "Status": "Indirect Mill", "Trader": "Inti Mas Sejahtera" }, "geometry": { "type": "Point", "coordinates": [ 110.303889, 0.250556 ] } },
{ "type": "Feature", "properties": { "PHG ID": "PG-223", "Supplier N": "Perkebunan Nusantara IV", "Mill Name": "Pasir Mandoge", "Group": "PTPN IV", "Latitude": 2.76844, "Longitude": 99.31769, "UML ID": "PO1000004277", "Commodity": "PK", "Supplier": "Pelita Agung Agrindustri - KID", "Status": "Indirect Mill", "Trader": "Inti Mas Sejahtera" }, "geometry": { "type": "Point", "coordinates": [ 99.31769, 2.76844 ] } },
{ "type": "Feature", "properties": { "PHG ID": "PG-318", "Supplier N": "Perkebunan Nusantara VI", "Mill Name": "Pengabuan", "Group": "PTPN VI", "Latitude": -1.253734, "Longitude": 102.954144, "UML ID": "PO1000010018", "Commodity": "PK", "Supplier": "Pelita Agung Agrindustri - KID", "Status": "Indirect Mill", "Trader": "Inti Mas Sejahtera" }, "geometry": { "type": "Point", "coordinates": [ 102.954144, -1.253734 ] } },
{ "type": "Feature", "properties": { "PHG ID": "PG-239", "Supplier N": "Perkebunan Nusantara VI", "Mill Name": "Rimbo Dua", "Group": "PTPN VI", "Latitude": -1.377311, "Longitude": 102.167315, "UML ID": "PO1000008213", "Commodity": "PK", "Supplier": "Pelita Agung Agrindustri - KID", "Status": "Indirect Mill", "Trader": "Inti Mas Sejahtera" }, "geometry": { "type": "Point", "coordinates": [ 102.167315, -1.377311 ] } },
{ "type": "Feature", "properties": { "PHG ID": "PG-225", "Supplier N": "Perkebunan Nusantara IV", "Mill Name": "Sosa", "Group": "PTPN IV", "Latitude": 1.04856, "Longitude": 100.01397, "UML ID": "PO1000004428", "Commodity": "PK", "Supplier": "Pelita Agung Agrindustri - KID", "Status": "Indirect Mill", "Trader": "Inti Mas Sejahtera" }, "geometry": { "type": "Point", "coordinates": [ 100.01397, 1.04856 ] } },
{ "type": "Feature", "properties": { "PHG ID": "PG-069", "Supplier N": "Era Sawita", "Mill Name": "Era Sawita", "Group": "Era Sawita", "Latitude": 1.08, "Longitude": 100.49167, "UML ID": "PO1000004245", "Commodity": "PK", "Supplier": "Permata Hijau Indonesia - Hutalombang", "Status": "Direct Mill", "Trader": null }, "geometry": { "type": "Point", "coordinates": [ 100.49167, 1.08 ] } },
{ "type": "Feature", "properties": { "PHG ID": "PG-134", "Supplier N": "Maju Indoraya", "Mill Name": "Maju Indoraya", "Group": "Maju Indo Raya", "Latitude": 1.40914, "Longitude": 98.85764, "UML ID": "PO1000004461", "Commodity": "PK", "Supplier": "Permata Hijau Indonesia - Hutalombang", "Status": "Direct Mill", "Trader": null }, "geometry": { "type": "Point", "coordinates": [ 98.85764, 1.40914 ] } },
{ "type": "Feature", "properties": { "PHG ID": "PG-380", "Supplier N": "Alam Sawit Indo", "Mill Name": "Alam Sawit Indo", "Group": "Alam Sawit Indo", "Latitude": 4.784668598, "Longitude": 97.80484437, "UML ID": "PO1000020004", "Commodity": "CPO", "Supplier": "Permata Hijau Palm Oleo - Belawan", "Status": "Direct Mill", "Trader": null }, "geometry": { "type": "Point", "coordinates": [ 97.80484437, 4.784668598 ] } },
{ "type": "Feature", "properties": { "PHG ID": "PG-027", "Supplier N": "Sari Aditya Loka", "Mill Name": "Sari Aditya Loka 1", "Group": "Astra Agro Lestari Tbk", "Latitude": -1.95914, "Longitude": 102.37047, "UML ID": "PO1000004505", "Commodity": "CPO", "Supplier": "Permata Hijau Palm Oleo - Belawan", "Status": "Direct Mill", "Trader": null }, "geometry": { "type": "Point", "coordinates": [ 102.37047, -1.95914 ] } },
{ "type": "Feature", "properties": { "PHG ID": "PG-028", "Supplier N": "Sari Aditya Loka", "Mill Name": "Sari Aditya Loka 2", "Group": "Astra Agro Lestari Tbk", "Latitude": -1.651, "Longitude": 102.308, "UML ID": "PO1000008403", "Commodity": "CPO", "Supplier": "Permata Hijau Palm Oleo - Belawan", "Status": "Direct Mill", "Trader": null }, "geometry": { "type": "Point", "coordinates": [ 102.308, -1.651 ] } },
{ "type": "Feature", "properties": { "PHG ID": "PG-057", "Supplier N": "Cahaya Agro Sawita Sejahtera", "Mill Name": "Cahaya Agro Sawita Sejahtera", "Group": "Cahaya Agro Sawita Sejahtera", "Latitude": 4.0515, "Longitude": 98.13383, "UML ID": "PO1000014589", "Commodity": "CPO", "Supplier": "Permata Hijau Palm Oleo - Belawan", "Status": "Direct Mill", "Trader": null }, "geometry": { "type": "Point", "coordinates": [ 98.13383, 4.0515 ] } },
{ "type": "Feature", "properties": { "PHG ID": "PG-097", "Supplier N": "Indomas Mitra Teknik", "Mill Name": "Indomas Mitra Teknik", "Group": "Indomas Mitra Teknik", "Latitude": 3.226, "Longitude": 97.98131, "UML ID": "PO1000004286", "Commodity": "CPO", "Supplier": "Permata Hijau Palm Oleo - Belawan", "Status": "Direct Mill", "Trader": null }, "geometry": { "type": "Point", "coordinates": [ 97.98131, 3.226 ] } },
{ "type": "Feature", "properties": { "PHG ID": "PG-389", "Supplier N": "Jiur Asahan Makmur", "Mill Name": "Jiur Asahan Makmur", "Group": "Jiur Asahan Makmur", "Latitude": 2.666241, "Longitude": 99.609409, "UML ID": "-", "Commodity": "CPO", "Supplier": "Permata Hijau Palm Oleo - Belawan", "Status": "Direct Mill", "Trader": null }, "geometry": { "type": "Point", "coordinates": [ 99.609409, 2.666241 ] } },
{ "type": "Feature", "properties": { "PHG ID": "PG-118", "Supplier N": "Langkat Nusantara Kepong", "Mill Name": "Stabat", "Group": "Kuala Lumpur Kepong Bhd", "Latitude": 3.76125, "Longitude": 98.39281, "UML ID": "PO1000005803", "Commodity": "CPO", "Supplier": "Permata Hijau Palm Oleo - Belawan", "Status": "Direct Mill", "Trader": null }, "geometry": { "type": "Point", "coordinates": [ 98.39281, 3.76125 ] } },
{ "type": "Feature", "properties": { "PHG ID": "PG-390", "Supplier N": "Langkat Makmur Sawit Sejati", "Mill Name": "Langkat Makmur Sawit Sejati", "Group": "Langkat Makmur Sawit Sejati", "Latitude": 3.877, "Longitude": 98.339, "UML ID": "-", "Commodity": "CPO", "Supplier": "Permata Hijau Palm Oleo - Belawan", "Status": "Direct Mill", "Trader": null }, "geometry": { "type": "Point", "coordinates": [ 98.339, 3.877 ] } },
{ "type": "Feature", "properties": { "PHG ID": "PG-152", "Supplier N": "Mitra Niaga Sejati Jaya", "Mill Name": "Mitra Niaga Sejati Jaya", "Group": "Mitra Niaga Sejati Jaya", "Latitude": 4.05281, "Longitude": 98.13683, "UML ID": "PO1000004562", "Commodity": "CPO", "Supplier": "Permata Hijau Palm Oleo - Belawan", "Status": "Direct Mill", "Trader": null }, "geometry": { "type": "Point", "coordinates": [ 98.13683, 4.05281 ] } },
{ "type": "Feature", "properties": { "PHG ID": "PG-168", "Supplier N": "Mutiara Sawit Lestari", "Mill Name": "Mutiara Sawit Lestari", "Group": "Mutiara Sawit Lestari", "Latitude": 4.8285, "Longitude": 97.83994, "UML ID": "PO1000009355", "Commodity": "CPO", "Supplier": "Permata Hijau Palm Oleo - Belawan", "Status": "Direct Mill", "Trader": null }, "geometry": { "type": "Point", "coordinates": [ 97.83994, 4.8285 ] } },
{ "type": "Feature", "properties": { "PHG ID": "PG-187", "Supplier N": "Permata Hijau Indonesia", "Mill Name": "Hutalombang", "Group": "Permata Group", "Latitude": 1.13935, "Longitude": 99.76689, "UML ID": "PO1000006269", "Commodity": "CPO", "Supplier": "Permata Hijau Palm Oleo - Belawan", "Status": "Direct Mill", "Trader": null }, "geometry": { "type": "Point", "coordinates": [ 99.76689, 1.13935 ] } },
{ "type": "Feature", "properties": { "PHG ID": "PG-189", "Supplier N": "Permata Hijau Indonesia", "Mill Name": "Langgam", "Group": "Permata Group", "Latitude": 0.304, "Longitude": 101.905, "UML ID": "PO1000004164", "Commodity": "CPO", "Supplier": "Permata Hijau Palm Oleo - Belawan", "Status": "Direct Mill", "Trader": null }, "geometry": { "type": "Point", "coordinates": [ 101.905, 0.304 ] } },
{ "type": "Feature", "properties": { "PHG ID": "PG-241", "Supplier N": "Raja Marga", "Mill Name": "Raja Marga", "Group": "Raja Marga", "Latitude": 3.98675, "Longitude": 96.62739, "UML ID": "PO1000007572", "Commodity": "CPO", "Supplier": "Permata Hijau Palm Oleo - Belawan", "Status": "Direct Mill", "Trader": null }, "geometry": { "type": "Point", "coordinates": [ 96.62739, 3.98675 ] } },
{ "type": "Feature", "properties": { "PHG ID": "PG-393", "Supplier N": "Riztia Karya Mandiri", "Mill Name": "Riztia Karya Mandiri", "Group": "Riztia Karya Mandiri", "Latitude": 2.4441, "Longitude": 98.06184, "UML ID": "PO1000016963", "Commodity": "CPO", "Supplier": "Permata Hijau Palm Oleo - Belawan", "Status": "Direct Mill", "Trader": null }, "geometry": { "type": "Point", "coordinates": [ 98.06184, 2.4441 ] } },
{ "type": "Feature", "properties": { "PHG ID": "PG-248", "Supplier N": "Salapian Indo Sawit", "Mill Name": "Salapian Indo Sawit", "Group": "Salapian Indo Sawit", "Latitude": 3.45956, "Longitude": 98.31303, "UML ID": "PO1000014232", "Commodity": "CPO", "Supplier": "Permata Hijau Palm Oleo - Belawan", "Status": "Direct Mill", "Trader": null }, "geometry": { "type": "Point", "coordinates": [ 98.31303, 3.45956 ] } },
{ "type": "Feature", "properties": { "PHG ID": "PG-252", "Supplier N": "Sawit Nagan Raya Makmur", "Mill Name": "Sawit Nagan Raya Makmur", "Group": "Sawit Nagan Raya Makmur", "Latitude": 4.0495, "Longitude": 96.47572, "UML ID": "PO1000004560", "Commodity": "CPO", "Supplier": "Permata Hijau Palm Oleo - Belawan", "Status": "Direct Mill", "Trader": null }, "geometry": { "type": "Point", "coordinates": [ 96.47572, 4.0495 ] } },
{ "type": "Feature", "properties": { "PHG ID": "PG-268", "Supplier N": "Sinar Pandawa", "Mill Name": "Sinar Pandawa", "Group": "Sinar Pandawa", "Latitude": 2.22664, "Longitude": 100.08247, "UML ID": "PO1000004271", "Commodity": "CPO", "Supplier": "Permata Hijau Palm Oleo - Belawan", "Status": "Direct Mill", "Trader": null }, "geometry": { "type": "Point", "coordinates": [ 100.08247, 2.22664 ] } },
{ "type": "Feature", "properties": { "PHG ID": "PG-385", "Supplier N": "Tenera Sergai Perkasa", "Mill Name": "Tenera Sergai Perkasa", "Group": "Tenera Sergai Perkasa", "Latitude": 3.17093, "Longitude": 99.01624, "UML ID": "PO1000018006", "Commodity": "CPO", "Supplier": "Permata Hijau Palm Oleo - Belawan", "Status": "Direct Mill", "Trader": null }, "geometry": { "type": "Point", "coordinates": [ 99.01624, 3.17093 ] } },
{ "type": "Feature", "properties": { "PHG ID": "PG-299", "Supplier N": "Tunas Harapan Sawit", "Mill Name": "Tunas Harapan Sawit", "Group": "Ths Group", "Latitude": 3.36753, "Longitude": 99.01725, "UML ID": "PO1000004336", "Commodity": "CPO", "Supplier": "Permata Hijau Palm Oleo - Belawan", "Status": "Direct Mill", "Trader": null }, "geometry": { "type": "Point", "coordinates": [ 99.01725, 3.36753 ] } },
{ "type": "Feature", "properties": { "PHG ID": "PG-062", "Supplier N": "Agro Serasi Lestari", "Mill Name": "Agro Serasi Lestari", "Group": "Tunas Sawa Erma Group", "Latitude": 2.70653, "Longitude": 99.61806, "UML ID": "PO1000008388", "Commodity": "CPO", "Supplier": "Permata Hijau Palm Oleo - Belawan", "Status": "Direct Mill", "Trader": null }, "geometry": { "type": "Point", "coordinates": [ 99.61806, 2.70653 ] } },
{ "type": "Feature", "properties": { "PHG ID": "PG-197", "Supplier N": "Perkebunan Nusantara I", "Mill Name": "Pulau Tiga", "Group": "PTPN I", "Latitude": 4.18361, "Longitude": 97.93553, "UML ID": "PO1000004567", "Commodity": "CPO", "Supplier": "Permata Hijau Palm Oleo - Belawan", "Status": "Indirect Mill", "Trader": "Permata Hijau Indonesia - KPBN" }, "geometry": { "type": "Point", "coordinates": [ 97.93553, 4.18361 ] } },
{ "type": "Feature", "properties": { "PHG ID": "PG-201", "Supplier N": "Perkebunan Nusantara II", "Mill Name": "Pagar Merbau", "Group": "PTPN II", "Latitude": 3.52594, "Longitude": 98.899, "UML ID": "PO1000004944", "Commodity": "CPO", "Supplier": "Permata Hijau Palm Oleo - Belawan", "Status": "Indirect Mill", "Trader": "Permata Hijau Indonesia - KPBN" }, "geometry": { "type": "Point", "coordinates": [ 98.899, 3.52594 ] } },
{ "type": "Feature", "properties": { "PHG ID": "PG-207", "Supplier N": "Perkebunan Nusantara III", "Mill Name": "Rambutan", "Group": "PTPN III", "Latitude": 3.35078, "Longitude": 99.16989, "UML ID": "PO1000004342", "Commodity": "CPO", "Supplier": "Permata Hijau Palm Oleo - Belawan", "Status": "Indirect Mill", "Trader": "Permata Hijau Indonesia - KPBN" }, "geometry": { "type": "Point", "coordinates": [ 99.16989, 3.35078 ] } },
{ "type": "Feature", "properties": { "PHG ID": "PG-210", "Supplier N": "Perkebunan Nusantara III", "Mill Name": "Sei Mangkei", "Group": "PTPN III", "Latitude": 3.12925, "Longitude": 99.34344, "UML ID": "PO1000000879", "Commodity": "CPO", "Supplier": "Permata Hijau Palm Oleo - Belawan", "Status": "Indirect Mill", "Trader": "Permata Hijau Indonesia - KPBN" }, "geometry": { "type": "Point", "coordinates": [ 99.34344, 3.12925 ] } },
{ "type": "Feature", "properties": { "PHG ID": "PG-212", "Supplier N": "Perkebunan Nusantara III", "Mill Name": "Sei Silau", "Group": "PTPN III", "Latitude": 2.90314, "Longitude": 99.50994, "UML ID": "PO1000004948", "Commodity": "CPO", "Supplier": "Permata Hijau Palm Oleo - Belawan", "Status": "Indirect Mill", "Trader": "Permata Hijau Indonesia - KPBN" }, "geometry": { "type": "Point", "coordinates": [ 99.50994, 2.90314 ] } },
{ "type": "Feature", "properties": { "PHG ID": "PG-204", "Supplier N": "Perkebunan Nusantara III", "Mill Name": "Aek Nabara", "Group": "PTPN III", "Latitude": 2.0565, "Longitude": 99.95717, "UML ID": "PO1000001564", "Commodity": "CPO", "Supplier": "Permata Hijau Palm Oleo - Belawan", "Status": "Indirect Mill", "Trader": "Permata Hijau Indonesia - KPBN" }, "geometry": { "type": "Point", "coordinates": [ 99.95717, 2.0565 ] } },
{ "type": "Feature", "properties": { "PHG ID": "PG-213", "Supplier N": "Perkebunan Nusantara III", "Mill Name": "Sisumut", "Group": "PTPN III", "Latitude": 1.96411, "Longitude": 100.10822, "UML ID": "PO1000003112", "Commodity": "CPO", "Supplier": "Permata Hijau Palm Oleo - Belawan", "Status": "Indirect Mill", "Trader": "Permata Hijau Indonesia - KPBN" }, "geometry": { "type": "Point", "coordinates": [ 100.10822, 1.96411 ] } },
{ "type": "Feature", "properties": { "PHG ID": "PG-206", "Supplier N": "Perkebunan Nusantara III", "Mill Name": "Aek Torop", "Group": "PTPN III", "Latitude": 1.793546, "Longitude": 100.154613, "UML ID": "PO1000001565", "Commodity": "CPO", "Supplier": "Permata Hijau Palm Oleo - Belawan", "Status": "Indirect Mill", "Trader": "Permata Hijau Indonesia - KPBN" }, "geometry": { "type": "Point", "coordinates": [ 100.154613, 1.793546 ] } },
{ "type": "Feature", "properties": { "PHG ID": "PG-214", "Supplier N": "Perkebunan Nusantara III", "Mill Name": "Torgamba", "Group": "PTPN III", "Latitude": 1.71489, "Longitude": 100.29111, "UML ID": "PO1000004929", "Commodity": "CPO", "Supplier": "Permata Hijau Palm Oleo - Belawan", "Status": "Indirect Mill", "Trader": "Permata Hijau Indonesia - KPBN" }, "geometry": { "type": "Point", "coordinates": [ 100.29111, 1.71489 ] } },
{ "type": "Feature", "properties": { "PHG ID": "PG-205", "Supplier N": "Perkebunan Nusantara III", "Mill Name": "Aek Raso", "Group": "PTPN III", "Latitude": 1.70347, "Longitude": 100.17333, "UML ID": "PO1000001566", "Commodity": "CPO", "Supplier": "Permata Hijau Palm Oleo - Belawan", "Status": "Indirect Mill", "Trader": "Permata Hijau Indonesia - KPBN" }, "geometry": { "type": "Point", "coordinates": [ 100.17333, 1.70347 ] } },
{ "type": "Feature", "properties": { "PHG ID": "PG-208", "Supplier N": "Perkebunan Nusantara III", "Mill Name": "Sei Baruhur", "Group": "PTPN III", "Latitude": 1.690671, "Longitude": 100.286303, "UML ID": "PO1000001784", "Commodity": "CPO", "Supplier": "Permata Hijau Palm Oleo - Belawan", "Status": "Indirect Mill", "Trader": "Permata Hijau Indonesia - KPBN" }, "geometry": { "type": "Point", "coordinates": [ 100.286303, 1.690671 ] } },
{ "type": "Feature", "properties": { "PHG ID": "PG-209", "Supplier N": "Perkebunan Nusantara III", "Mill Name": "Sei Daun", "Group": "PTPN III", "Latitude": 1.67953, "Longitude": 100.32783, "UML ID": "PO1000004477", "Commodity": "CPO", "Supplier": "Permata Hijau Palm Oleo - Belawan", "Status": "Indirect Mill", "Trader": "Permata Hijau Indonesia - KPBN" }, "geometry": { "type": "Point", "coordinates": [ 100.32783, 1.67953 ] } },
{ "type": "Feature", "properties": { "PHG ID": "PG-211", "Supplier N": "Perkebunan Nusantara III", "Mill Name": "Sei Meranti", "Group": "PTPN III", "Latitude": 1.64222, "Longitude": 100.41594, "UML ID": "PO1000004927", "Commodity": "CPO", "Supplier": "Permata Hijau Palm Oleo - Belawan", "Status": "Indirect Mill", "Trader": "Permata Hijau Indonesia - KPBN" }, "geometry": { "type": "Point", "coordinates": [ 100.41594, 1.64222 ] } },
{ "type": "Feature", "properties": { "PHG ID": "PG-342", "Supplier N": "Perkebunan Nusantara III", "Mill Name": "Hapesong", "Group": "PTPN III", "Latitude": 1.45237, "Longitude": 99.06915, "UML ID": "PO1000006264", "Commodity": "CPO", "Supplier": "Permata Hijau Palm Oleo - Belawan", "Status": "Indirect Mill", "Trader": "Permata Hijau Indonesia - KPBN" }, "geometry": { "type": "Point", "coordinates": [ 99.06915, 1.45237 ] } },
{ "type": "Feature", "properties": { "PHG ID": "PG-224", "Supplier N": "Perkebunan Nusantara IV", "Mill Name": "Sawit Langkat", "Group": "PTPN IV", "Latitude": 3.70058, "Longitude": 98.29406, "UML ID": "PO1000004524", "Commodity": "CPO", "Supplier": "Permata Hijau Palm Oleo - Belawan", "Status": "Indirect Mill", "Trader": "Permata Hijau Indonesia - KPBN" }, "geometry": { "type": "Point", "coordinates": [ 98.29406, 3.70058 ] } },
{ "type": "Feature", "properties": { "PHG ID": "PG-215", "Supplier N": "Perkebunan Nusantara IV", "Mill Name": "Adolina", "Group": "PTPN IV", "Latitude": 3.568, "Longitude": 98.94781, "UML ID": "PO1000004497", "Commodity": "CPO", "Supplier": "Permata Hijau Palm Oleo - Belawan", "Status": "Indirect Mill", "Trader": "Permata Hijau Indonesia - KPBN" }, "geometry": { "type": "Point", "coordinates": [ 98.94781, 3.568 ] } },
{ "type": "Feature", "properties": { "PHG ID": "PG-222", "Supplier N": "Perkebunan Nusantara IV", "Mill Name": "Pabatu", "Group": "PTPN IV", "Latitude": 3.28653, "Longitude": 99.10911, "UML ID": "PO1000005868", "Commodity": "CPO", "Supplier": "Permata Hijau Palm Oleo - Belawan", "Status": "Indirect Mill", "Trader": "Permata Hijau Indonesia - KPBN" }, "geometry": { "type": "Point", "coordinates": [ 99.10911, 3.28653 ] } },
{ "type": "Feature", "properties": { "PHG ID": "PG-220", "Supplier N": "Perkebunan Nusantara IV", "Mill Name": "Dolok Ilir", "Group": "PTPN IV", "Latitude": 3.12119, "Longitude": 99.16, "UML ID": "PO1000002539", "Commodity": "CPO", "Supplier": "Permata Hijau Palm Oleo - Belawan", "Status": "Indirect Mill", "Trader": "Permata Hijau Indonesia - KPBN" }, "geometry": { "type": "Point", "coordinates": [ 99.16, 3.12119 ] } },
{ "type": "Feature", "properties": { "PHG ID": "PG-221", "Supplier N": "Perkebunan Nusantara IV", "Mill Name": "Dolok Sinumbah", "Group": "PTPN IV", "Latitude": 3.11161, "Longitude": 99.32906, "UML ID": "PO1000005868", "Commodity": "CPO", "Supplier": "Permata Hijau Palm Oleo - Belawan", "Status": "Indirect Mill", "Trader": "Permata Hijau Indonesia - KPBN" }, "geometry": { "type": "Point", "coordinates": [ 99.32906, 3.11161 ] } },
{ "type": "Feature", "properties": { "PHG ID": "PG-226", "Supplier N": "Perkebunan Nusantara IV", "Mill Name": "Tinjowan", "Group": "PTPN IV", "Latitude": 3.08044, "Longitude": 99.51267, "UML ID": "PO1000004208", "Commodity": "CPO", "Supplier": "Permata Hijau Palm Oleo - Belawan", "Status": "Indirect Mill", "Trader": "Permata Hijau Indonesia - KPBN" }, "geometry": { "type": "Point", "coordinates": [ 99.51267, 3.08044 ] } },
{ "type": "Feature", "properties": { "PHG ID": "PG-339", "Supplier N": "Perkebunan Nusantara IV", "Mill Name": "Mayang", "Group": "PTPN IV", "Latitude": 3.03298, "Longitude": 99.33295, "UML ID": "PO1000004281", "Commodity": "CPO", "Supplier": "Permata Hijau Palm Oleo - Belawan", "Status": "Indirect Mill", "Trader": "Permata Hijau Indonesia - KPBN" }, "geometry": { "type": "Point", "coordinates": [ 99.33295, 3.03298 ] } },
{ "type": "Feature", "properties": { "PHG ID": "PG-218", "Supplier N": "Perkebunan Nusantara IV", "Mill Name": "Bah Jambi", "Group": "PTPN IV", "Latitude": 2.98847, "Longitude": 99.22031, "UML ID": "PO1000004181", "Commodity": "CPO", "Supplier": "Permata Hijau Palm Oleo - Belawan", "Status": "Indirect Mill", "Trader": "Permata Hijau Indonesia - KPBN" }, "geometry": { "type": "Point", "coordinates": [ 99.22031, 2.98847 ] } },
{ "type": "Feature", "properties": { "PHG ID": "PG-216", "Supplier N": "Perkebunan Nusantara IV", "Mill Name": "Air Batu", "Group": "PTPN IV", "Latitude": 2.85997, "Longitude": 99.63842, "UML ID": "PO1000004280", "Commodity": "CPO", "Supplier": "Permata Hijau Palm Oleo - Belawan", "Status": "Indirect Mill", "Trader": "Permata Hijau Indonesia - KPBN" }, "geometry": { "type": "Point", "coordinates": [ 99.63842, 2.85997 ] } },
{ "type": "Feature", "properties": { "PHG ID": "PG-223", "Supplier N": "Perkebunan Nusantara IV", "Mill Name": "Pasir Mandoge", "Group": "PTPN IV", "Latitude": 2.76844, "Longitude": 99.31769, "UML ID": "PO1000004277", "Commodity": "CPO", "Supplier": "Permata Hijau Palm Oleo - Belawan", "Status": "Indirect Mill", "Trader": "Permata Hijau Indonesia - KPBN" }, "geometry": { "type": "Point", "coordinates": [ 99.31769, 2.76844 ] } },
{ "type": "Feature", "properties": { "PHG ID": "PG-217", "Supplier N": "Perkebunan Nusantara IV", "Mill Name": "Ajamu", "Group": "PTPN IV", "Latitude": 2.457, "Longitude": 100.161, "UML ID": "PO1000004202", "Commodity": "CPO", "Supplier": "Permata Hijau Palm Oleo - Belawan", "Status": "Indirect Mill", "Trader": "Permata Hijau Indonesia - KPBN" }, "geometry": { "type": "Point", "coordinates": [ 100.161, 2.457 ] } },
{ "type": "Feature", "properties": { "PHG ID": "PG-219", "Supplier N": "Perkebunan Nusantara IV", "Mill Name": "Berangir", "Group": "PTPN IV", "Latitude": 2.22497, "Longitude": 99.759715, "UML ID": "PO1000004134", "Commodity": "CPO", "Supplier": "Permata Hijau Palm Oleo - Belawan", "Status": "Indirect Mill", "Trader": "Permata Hijau Indonesia - KPBN" }, "geometry": { "type": "Point", "coordinates": [ 99.759715, 2.22497 ] } },
{ "type": "Feature", "properties": { "PHG ID": "PG-233", "Supplier N": "Perkebunan Nusantara V", "Mill Name": "Tanah Putih", "Group": "PTPN V", "Latitude": 1.7425, "Longitude": 100.51225, "UML ID": "PO1000004268", "Commodity": "CPO", "Supplier": "Permata Hijau Palm Oleo - Belawan", "Status": "Indirect Mill", "Trader": "Permata Hijau Indonesia - KPBN" }, "geometry": { "type": "Point", "coordinates": [ 100.51225, 1.7425 ] } },
{ "type": "Feature", "properties": { "PHG ID": "PG-231", "Supplier N": "Perkebunan Nusantara V", "Mill Name": "Sei Rokan", "Group": "PTPN V", "Latitude": 0.72572, "Longitude": 100.57897, "UML ID": "PO1000005128", "Commodity": "CPO", "Supplier": "Permata Hijau Palm Oleo - Belawan", "Status": "Indirect Mill", "Trader": "Permata Hijau Indonesia - KPBN" }, "geometry": { "type": "Point", "coordinates": [ 100.57897, 0.72572 ] } },
{ "type": "Feature", "properties": { "PHG ID": "PG-229", "Supplier N": "Perkebunan Nusantara V", "Mill Name": "Sei Garo", "Group": "PTPN V", "Latitude": 0.64372, "Longitude": 101.11006, "UML ID": "PO1000007605", "Commodity": "CPO", "Supplier": "Permata Hijau Palm Oleo - Belawan", "Status": "Indirect Mill", "Trader": "Permata Hijau Indonesia - KPBN" }, "geometry": { "type": "Point", "coordinates": [ 101.11006, 0.64372 ] } },
{ "type": "Feature", "properties": { "PHG ID": "PG-227", "Supplier N": "Perkebunan Nusantara V", "Mill Name": "Lubuk Dalam", "Group": "PTPN V", "Latitude": 0.62994, "Longitude": 101.77956, "UML ID": "PO1000004219", "Commodity": "CPO", "Supplier": "Permata Hijau Palm Oleo - Belawan", "Status": "Indirect Mill", "Trader": "Permata Hijau Indonesia - KPBN" }, "geometry": { "type": "Point", "coordinates": [ 101.77956, 0.62994 ] } },
{ "type": "Feature", "properties": { "PHG ID": "PG-232", "Supplier N": "Perkebunan Nusantara V", "Mill Name": "Sei Tapung", "Group": "PTPN V", "Latitude": 0.599, "Longitude": 100.619, "UML ID": "PO1000004212", "Commodity": "CPO", "Supplier": "Permata Hijau Palm Oleo - Belawan", "Status": "Indirect Mill", "Trader": "Permata Hijau Indonesia - KPBN" }, "geometry": { "type": "Point", "coordinates": [ 100.619, 0.599 ] } },
{ "type": "Feature", "properties": { "PHG ID": "PG-234", "Supplier N": "Perkebunan Nusantara V", "Mill Name": "Tandun", "Group": "PTPN V", "Latitude": 0.59964, "Longitude": 100.69281, "UML ID": "PO1000004402", "Commodity": "CPO", "Supplier": "Permata Hijau Palm Oleo - Belawan", "Status": "Indirect Mill", "Trader": "Permata Hijau Indonesia - KPBN" }, "geometry": { "type": "Point", "coordinates": [ 100.69281, 0.59964 ] } },
{ "type": "Feature", "properties": { "PHG ID": "PG-235", "Supplier N": "Perkebunan Nusantara V", "Mill Name": "Terantam", "Group": "PTPN V", "Latitude": 0.57919, "Longitude": 100.75078, "UML ID": "PO1000004206", "Commodity": "CPO", "Supplier": "Permata Hijau Palm Oleo - Belawan", "Status": "Indirect Mill", "Trader": "Permata Hijau Indonesia - KPBN" }, "geometry": { "type": "Point", "coordinates": [ 100.75078, 0.57919 ] } },
{ "type": "Feature", "properties": { "PHG ID": "PG-228", "Supplier N": "Perkebunan Nusantara V", "Mill Name": "Sei Galuh", "Group": "PTPN V", "Latitude": 0.546957, "Longitude": 101.228963, "UML ID": "PO1000007604", "Commodity": "CPO", "Supplier": "Permata Hijau Palm Oleo - Belawan", "Status": "Indirect Mill", "Trader": "Permata Hijau Indonesia - KPBN" }, "geometry": { "type": "Point", "coordinates": [ 101.228963, 0.546957 ] } },
{ "type": "Feature", "properties": { "PHG ID": "PG-316", "Supplier N": "Perkebunan Nusantara V", "Mill Name": "Sei Pagar", "Group": "PTPN V", "Latitude": 0.327462, "Longitude": 101.35099, "UML ID": "PO1000006159", "Commodity": "CPO", "Supplier": "Permata Hijau Palm Oleo - Belawan", "Status": "Indirect Mill", "Trader": "Permata Hijau Indonesia - KPBN" }, "geometry": { "type": "Point", "coordinates": [ 101.35099, 0.327462 ] } },
{ "type": "Feature", "properties": { "PHG ID": "PG-341", "Supplier N": "Perkebunan Nusantara VI", "Mill Name": "Ophir", "Group": "PTPN VI", "Latitude": 0.0149, "Longitude": 99.83566, "UML ID": "PO1000004863", "Commodity": "CPO", "Supplier": "Permata Hijau Palm Oleo - Belawan", "Status": "Indirect Mill", "Trader": "Permata Hijau Indonesia - KPBN" }, "geometry": { "type": "Point", "coordinates": [ 99.83566, 0.0149 ] } },
{ "type": "Feature", "properties": { "PHG ID": "PG-239", "Supplier N": "Perkebunan Nusantara VI", "Mill Name": "Rimbo Dua", "Group": "PTPN VI", "Latitude": -1.377311, "Longitude": 102.167315, "UML ID": "PO1000008213", "Commodity": "CPO", "Supplier": "Permata Hijau Palm Oleo - Belawan", "Status": "Indirect Mill", "Trader": "Permata Hijau Indonesia - KPBN" }, "geometry": { "type": "Point", "coordinates": [ 102.167315, -1.377311 ] } },
{ "type": "Feature", "properties": { "PHG ID": "PG-237", "Supplier N": "Perkebunan Nusantara VI", "Mill Name": "Bunut", "Group": "PTPN VI", "Latitude": -1.91139, "Longitude": 103.40419, "UML ID": "PO1000008199", "Commodity": "CPO", "Supplier": "Permata Hijau Palm Oleo - Belawan", "Status": "Indirect Mill", "Trader": "Permata Hijau Indonesia - KPBN" }, "geometry": { "type": "Point", "coordinates": [ 103.40419, -1.91139 ] } },
{ "type": "Feature", "properties": { "PHG ID": "PG-343", "Supplier N": "Perkebunan Nusantara VI", "Mill Name": "Tanjung Lebar", "Group": "PTPN VI", "Latitude": -2.01845, "Longitude": 103.54503, "UML ID": "PO1000008187", "Commodity": "CPO", "Supplier": "Permata Hijau Palm Oleo - Belawan", "Status": "Indirect Mill", "Trader": "Permata Hijau Indonesia - KPBN" }, "geometry": { "type": "Point", "coordinates": [ 103.54503, -2.01845 ] } },
{ "type": "Feature", "properties": { "PHG ID": "PG-251", "Supplier N": "Sawit Jaya Mandiri Lestari", "Mill Name": "Sawit Jaya Mandiri Lestari", "Group": "Sawit Jaya Mandiri Lestari", "Latitude": -0.44272, "Longitude": 102.25653, "UML ID": "PO1000011911", "Commodity": "CPO", "Supplier": "Permata Hijau Palm Oleo - Belawan", "Status": "Indirect Mill", "Trader": "Permata Hijau Indonesia - KPBN" }, "geometry": { "type": "Point", "coordinates": [ 102.25653, -0.44272 ] } },
{ "type": "Feature", "properties": { "PHG ID": "PG-197", "Supplier N": "Perkebunan Nusantara I", "Mill Name": "Pulau Tiga", "Group": "PTPN I", "Latitude": 4.18361, "Longitude": 97.93553, "UML ID": "PO1000004567", "Commodity": "CPO", "Supplier": "Permata Hijau Palm Oleo - Belawan", "Status": "Indirect Mill", "Trader": "KPBN" }, "geometry": { "type": "Point", "coordinates": [ 97.93553, 4.18361 ] } },
{ "type": "Feature", "properties": { "PHG ID": "PG-201", "Supplier N": "Perkebunan Nusantara II", "Mill Name": "Pagar Merbau", "Group": "PTPN II", "Latitude": 3.52594, "Longitude": 98.899, "UML ID": "PO1000004944", "Commodity": "CPO", "Supplier": "Permata Hijau Palm Oleo - Belawan", "Status": "Indirect Mill", "Trader": "KPBN" }, "geometry": { "type": "Point", "coordinates": [ 98.899, 3.52594 ] } },
{ "type": "Feature", "properties": { "PHG ID": "PG-211", "Supplier N": "Perkebunan Nusantara III", "Mill Name": "Sei Meranti", "Group": "PTPN III", "Latitude": 1.64222, "Longitude": 100.41594, "UML ID": "PO1000004927", "Commodity": "CPO", "Supplier": "Permata Hijau Palm Oleo - Belawan", "Status": "Indirect Mill", "Trader": "KPBN" }, "geometry": { "type": "Point", "coordinates": [ 100.41594, 1.64222 ] } },
{ "type": "Feature", "properties": { "PHG ID": "PG-342", "Supplier N": "Perkebunan Nusantara III", "Mill Name": "Hapesong", "Group": "PTPN III", "Latitude": 1.45237, "Longitude": 99.06915, "UML ID": "PO1000006264", "Commodity": "CPO", "Supplier": "Permata Hijau Palm Oleo - Belawan", "Status": "Indirect Mill", "Trader": "KPBN" }, "geometry": { "type": "Point", "coordinates": [ 99.06915, 1.45237 ] } },
{ "type": "Feature", "properties": { "PHG ID": "PG-208", "Supplier N": "Perkebunan Nusantara III", "Mill Name": "Sei Baruhur", "Group": "PTPN III", "Latitude": 1.690671, "Longitude": 100.286303, "UML ID": "PO1000001784", "Commodity": "CPO", "Supplier": "Permata Hijau Palm Oleo - Belawan", "Status": "Indirect Mill", "Trader": "KPBN" }, "geometry": { "type": "Point", "coordinates": [ 100.286303, 1.690671 ] } },
{ "type": "Feature", "properties": { "PHG ID": "PG-209", "Supplier N": "Perkebunan Nusantara III", "Mill Name": "Sei Daun", "Group": "PTPN III", "Latitude": 1.67953, "Longitude": 100.32783, "UML ID": "PO1000004477", "Commodity": "CPO", "Supplier": "Permata Hijau Palm Oleo - Belawan", "Status": "Indirect Mill", "Trader": "KPBN" }, "geometry": { "type": "Point", "coordinates": [ 100.32783, 1.67953 ] } },
{ "type": "Feature", "properties": { "PHG ID": "PG-214", "Supplier N": "Perkebunan Nusantara III", "Mill Name": "Torgamba", "Group": "PTPN III", "Latitude": 1.71489, "Longitude": 100.29111, "UML ID": "PO1000004929", "Commodity": "CPO", "Supplier": "Permata Hijau Palm Oleo - Belawan", "Status": "Indirect Mill", "Trader": "KPBN" }, "geometry": { "type": "Point", "coordinates": [ 100.29111, 1.71489 ] } },
{ "type": "Feature", "properties": { "PHG ID": "PG-205", "Supplier N": "Perkebunan Nusantara III", "Mill Name": "Aek Raso", "Group": "PTPN III", "Latitude": 1.70347, "Longitude": 100.17333, "UML ID": "PO1000001566", "Commodity": "CPO", "Supplier": "Permata Hijau Palm Oleo - Belawan", "Status": "Indirect Mill", "Trader": "KPBN" }, "geometry": { "type": "Point", "coordinates": [ 100.17333, 1.70347 ] } },
{ "type": "Feature", "properties": { "PHG ID": "PG-213", "Supplier N": "Perkebunan Nusantara III", "Mill Name": "Sisumut", "Group": "PTPN III", "Latitude": 1.96411, "Longitude": 100.10822, "UML ID": "PO1000003112", "Commodity": "CPO", "Supplier": "Permata Hijau Palm Oleo - Belawan", "Status": "Indirect Mill", "Trader": "KPBN" }, "geometry": { "type": "Point", "coordinates": [ 100.10822, 1.96411 ] } },
{ "type": "Feature", "properties": { "PHG ID": "PG-206", "Supplier N": "Perkebunan Nusantara III", "Mill Name": "Aek Torop", "Group": "PTPN III", "Latitude": 1.793546, "Longitude": 100.154613, "UML ID": "PO1000001565", "Commodity": "CPO", "Supplier": "Permata Hijau Palm Oleo - Belawan", "Status": "Indirect Mill", "Trader": "KPBN" }, "geometry": { "type": "Point", "coordinates": [ 100.154613, 1.793546 ] } },
{ "type": "Feature", "properties": { "PHG ID": "PG-212", "Supplier N": "Perkebunan Nusantara III", "Mill Name": "Sei Silau", "Group": "PTPN III", "Latitude": 2.90314, "Longitude": 99.50994, "UML ID": "PO1000004948", "Commodity": "CPO", "Supplier": "Permata Hijau Palm Oleo - Belawan", "Status": "Indirect Mill", "Trader": "KPBN" }, "geometry": { "type": "Point", "coordinates": [ 99.50994, 2.90314 ] } },
{ "type": "Feature", "properties": { "PHG ID": "PG-204", "Supplier N": "Perkebunan Nusantara III", "Mill Name": "Aek Nabara", "Group": "PTPN III", "Latitude": 2.0565, "Longitude": 99.95717, "UML ID": "PO1000001564", "Commodity": "CPO", "Supplier": "Permata Hijau Palm Oleo - Belawan", "Status": "Indirect Mill", "Trader": "KPBN" }, "geometry": { "type": "Point", "coordinates": [ 99.95717, 2.0565 ] } },
{ "type": "Feature", "properties": { "PHG ID": "PG-207", "Supplier N": "Perkebunan Nusantara III", "Mill Name": "Rambutan", "Group": "PTPN III", "Latitude": 3.35078, "Longitude": 99.16989, "UML ID": "PO1000004342", "Commodity": "CPO", "Supplier": "Permata Hijau Palm Oleo - Belawan", "Status": "Indirect Mill", "Trader": "KPBN" }, "geometry": { "type": "Point", "coordinates": [ 99.16989, 3.35078 ] } },
{ "type": "Feature", "properties": { "PHG ID": "PG-210", "Supplier N": "Perkebunan Nusantara III", "Mill Name": "Sei Mangkei", "Group": "PTPN III", "Latitude": 3.12925, "Longitude": 99.34344, "UML ID": "PO1000000879", "Commodity": "CPO", "Supplier": "Permata Hijau Palm Oleo - Belawan", "Status": "Indirect Mill", "Trader": "KPBN" }, "geometry": { "type": "Point", "coordinates": [ 99.34344, 3.12925 ] } },
{ "type": "Feature", "properties": { "PHG ID": "PG-219", "Supplier N": "Perkebunan Nusantara IV", "Mill Name": "Berangir", "Group": "PTPN IV", "Latitude": 2.22497, "Longitude": 99.759715, "UML ID": "PO1000004134", "Commodity": "CPO", "Supplier": "Permata Hijau Palm Oleo - Belawan", "Status": "Indirect Mill", "Trader": "KPBN" }, "geometry": { "type": "Point", "coordinates": [ 99.759715, 2.22497 ] } },
{ "type": "Feature", "properties": { "PHG ID": "PG-217", "Supplier N": "Perkebunan Nusantara IV", "Mill Name": "Ajamu", "Group": "PTPN IV", "Latitude": 2.457, "Longitude": 100.161, "UML ID": "PO1000004202", "Commodity": "CPO", "Supplier": "Permata Hijau Palm Oleo - Belawan", "Status": "Indirect Mill", "Trader": "KPBN" }, "geometry": { "type": "Point", "coordinates": [ 100.161, 2.457 ] } },
{ "type": "Feature", "properties": { "PHG ID": "PG-216", "Supplier N": "Perkebunan Nusantara IV", "Mill Name": "Air Batu", "Group": "PTPN IV", "Latitude": 2.85997, "Longitude": 99.63842, "UML ID": "PO1000004280", "Commodity": "CPO", "Supplier": "Permata Hijau Palm Oleo - Belawan", "Status": "Indirect Mill", "Trader": "KPBN" }, "geometry": { "type": "Point", "coordinates": [ 99.63842, 2.85997 ] } },
{ "type": "Feature", "properties": { "PHG ID": "PG-223", "Supplier N": "Perkebunan Nusantara IV", "Mill Name": "Pasir Mandoge", "Group": "PTPN IV", "Latitude": 2.76844, "Longitude": 99.31769, "UML ID": "PO1000004277", "Commodity": "CPO", "Supplier": "Permata Hijau Palm Oleo - Belawan", "Status": "Indirect Mill", "Trader": "KPBN" }, "geometry": { "type": "Point", "coordinates": [ 99.31769, 2.76844 ] } },
{ "type": "Feature", "properties": { "PHG ID": "PG-339", "Supplier N": "Perkebunan Nusantara IV", "Mill Name": "Mayang", "Group": "PTPN IV", "Latitude": 3.03298, "Longitude": 99.33295, "UML ID": "PO1000004281", "Commodity": "CPO", "Supplier": "Permata Hijau Palm Oleo - Belawan", "Status": "Indirect Mill", "Trader": "KPBN" }, "geometry": { "type": "Point", "coordinates": [ 99.33295, 3.03298 ] } },
{ "type": "Feature", "properties": { "PHG ID": "PG-218", "Supplier N": "Perkebunan Nusantara IV", "Mill Name": "Bah Jambi", "Group": "PTPN IV", "Latitude": 2.98847, "Longitude": 99.22031, "UML ID": "PO1000004181", "Commodity": "CPO", "Supplier": "Permata Hijau Palm Oleo - Belawan", "Status": "Indirect Mill", "Trader": "KPBN" }, "geometry": { "type": "Point", "coordinates": [ 99.22031, 2.98847 ] } },
{ "type": "Feature", "properties": { "PHG ID": "PG-221", "Supplier N": "Perkebunan Nusantara IV", "Mill Name": "Dolok Sinumbah", "Group": "PTPN IV", "Latitude": 3.11161, "Longitude": 99.32906, "UML ID": "PO1000005868", "Commodity": "CPO", "Supplier": "Permata Hijau Palm Oleo - Belawan", "Status": "Indirect Mill", "Trader": "KPBN" }, "geometry": { "type": "Point", "coordinates": [ 99.32906, 3.11161 ] } },
{ "type": "Feature", "properties": { "PHG ID": "PG-226", "Supplier N": "Perkebunan Nusantara IV", "Mill Name": "Tinjowan", "Group": "PTPN IV", "Latitude": 3.08044, "Longitude": 99.51267, "UML ID": "PO1000004208", "Commodity": "CPO", "Supplier": "Permata Hijau Palm Oleo - Belawan", "Status": "Indirect Mill", "Trader": "KPBN" }, "geometry": { "type": "Point", "coordinates": [ 99.51267, 3.08044 ] } },
{ "type": "Feature", "properties": { "PHG ID": "PG-222", "Supplier N": "Perkebunan Nusantara IV", "Mill Name": "Pabatu", "Group": "PTPN IV", "Latitude": 3.28653, "Longitude": 99.10911, "UML ID": "PO1000005868", "Commodity": "CPO", "Supplier": "Permata Hijau Palm Oleo - Belawan", "Status": "Indirect Mill", "Trader": "KPBN" }, "geometry": { "type": "Point", "coordinates": [ 99.10911, 3.28653 ] } },
{ "type": "Feature", "properties": { "PHG ID": "PG-220", "Supplier N": "Perkebunan Nusantara IV", "Mill Name": "Dolok Ilir", "Group": "PTPN IV", "Latitude": 3.12119, "Longitude": 99.16, "UML ID": "PO1000002539", "Commodity": "CPO", "Supplier": "Permata Hijau Palm Oleo - Belawan", "Status": "Indirect Mill", "Trader": "KPBN" }, "geometry": { "type": "Point", "coordinates": [ 99.16, 3.12119 ] } },
{ "type": "Feature", "properties": { "PHG ID": "PG-224", "Supplier N": "Perkebunan Nusantara IV", "Mill Name": "Sawit Langkat", "Group": "PTPN IV", "Latitude": 3.70058, "Longitude": 98.29406, "UML ID": "PO1000004524", "Commodity": "CPO", "Supplier": "Permata Hijau Palm Oleo - Belawan", "Status": "Indirect Mill", "Trader": "KPBN" }, "geometry": { "type": "Point", "coordinates": [ 98.29406, 3.70058 ] } },
{ "type": "Feature", "properties": { "PHG ID": "PG-215", "Supplier N": "Perkebunan Nusantara IV", "Mill Name": "Adolina", "Group": "PTPN IV", "Latitude": 3.568, "Longitude": 98.94781, "UML ID": "PO1000004497", "Commodity": "CPO", "Supplier": "Permata Hijau Palm Oleo - Belawan", "Status": "Indirect Mill", "Trader": "KPBN" }, "geometry": { "type": "Point", "coordinates": [ 98.94781, 3.568 ] } },
{ "type": "Feature", "properties": { "PHG ID": "PG-228", "Supplier N": "Perkebunan Nusantara V", "Mill Name": "Sei Galuh", "Group": "PTPN V", "Latitude": 0.546957, "Longitude": 101.228963, "UML ID": "PO1000007604", "Commodity": "CPO", "Supplier": "Permata Hijau Palm Oleo - Belawan", "Status": "Indirect Mill", "Trader": "KPBN" }, "geometry": { "type": "Point", "coordinates": [ 101.228963, 0.546957 ] } },
{ "type": "Feature", "properties": { "PHG ID": "PG-316", "Supplier N": "Perkebunan Nusantara V", "Mill Name": "Sei Pagar", "Group": "PTPN V", "Latitude": 0.327462, "Longitude": 101.35099, "UML ID": "PO1000006159", "Commodity": "CPO", "Supplier": "Permata Hijau Palm Oleo - Belawan", "Status": "Indirect Mill", "Trader": "KPBN" }, "geometry": { "type": "Point", "coordinates": [ 101.35099, 0.327462 ] } },
{ "type": "Feature", "properties": { "PHG ID": "PG-234", "Supplier N": "Perkebunan Nusantara V", "Mill Name": "Tandun", "Group": "PTPN V", "Latitude": 0.59964, "Longitude": 100.69281, "UML ID": "PO1000004402", "Commodity": "CPO", "Supplier": "Permata Hijau Palm Oleo - Belawan", "Status": "Indirect Mill", "Trader": "KPBN" }, "geometry": { "type": "Point", "coordinates": [ 100.69281, 0.59964 ] } },
{ "type": "Feature", "properties": { "PHG ID": "PG-235", "Supplier N": "Perkebunan Nusantara V", "Mill Name": "Terantam", "Group": "PTPN V", "Latitude": 0.57919, "Longitude": 100.75078, "UML ID": "PO1000004206", "Commodity": "CPO", "Supplier": "Permata Hijau Palm Oleo - Belawan", "Status": "Indirect Mill", "Trader": "KPBN" }, "geometry": { "type": "Point", "coordinates": [ 100.75078, 0.57919 ] } },
{ "type": "Feature", "properties": { "PHG ID": "PG-227", "Supplier N": "Perkebunan Nusantara V", "Mill Name": "Lubuk Dalam", "Group": "PTPN V", "Latitude": 0.62994, "Longitude": 101.77956, "UML ID": "PO1000004219", "Commodity": "CPO", "Supplier": "Permata Hijau Palm Oleo - Belawan", "Status": "Indirect Mill", "Trader": "KPBN" }, "geometry": { "type": "Point", "coordinates": [ 101.77956, 0.62994 ] } },
{ "type": "Feature", "properties": { "PHG ID": "PG-232", "Supplier N": "Perkebunan Nusantara V", "Mill Name": "Sei Tapung", "Group": "PTPN V", "Latitude": 0.599, "Longitude": 100.619, "UML ID": "PO1000004212", "Commodity": "CPO", "Supplier": "Permata Hijau Palm Oleo - Belawan", "Status": "Indirect Mill", "Trader": "KPBN" }, "geometry": { "type": "Point", "coordinates": [ 100.619, 0.599 ] } },
{ "type": "Feature", "properties": { "PHG ID": "PG-231", "Supplier N": "Perkebunan Nusantara V", "Mill Name": "Sei Rokan", "Group": "PTPN V", "Latitude": 0.72572, "Longitude": 100.57897, "UML ID": "PO1000005128", "Commodity": "CPO", "Supplier": "Permata Hijau Palm Oleo - Belawan", "Status": "Indirect Mill", "Trader": "KPBN" }, "geometry": { "type": "Point", "coordinates": [ 100.57897, 0.72572 ] } },
{ "type": "Feature", "properties": { "PHG ID": "PG-229", "Supplier N": "Perkebunan Nusantara V", "Mill Name": "Sei Garo", "Group": "PTPN V", "Latitude": 0.64372, "Longitude": 101.11006, "UML ID": "PO1000007605", "Commodity": "CPO", "Supplier": "Permata Hijau Palm Oleo - Belawan", "Status": "Indirect Mill", "Trader": "KPBN" }, "geometry": { "type": "Point", "coordinates": [ 101.11006, 0.64372 ] } },
{ "type": "Feature", "properties": { "PHG ID": "PG-233", "Supplier N": "Perkebunan Nusantara V", "Mill Name": "Tanah Putih", "Group": "PTPN V", "Latitude": 1.7425, "Longitude": 100.51225, "UML ID": "PO1000004268", "Commodity": "CPO", "Supplier": "Permata Hijau Palm Oleo - Belawan", "Status": "Indirect Mill", "Trader": "KPBN" }, "geometry": { "type": "Point", "coordinates": [ 100.51225, 1.7425 ] } },
{ "type": "Feature", "properties": { "PHG ID": "PG-343", "Supplier N": "Perkebunan Nusantara VI", "Mill Name": "Tanjung Lebar", "Group": "PTPN VI", "Latitude": -2.01845, "Longitude": 103.54503, "UML ID": "PO1000008187", "Commodity": "CPO", "Supplier": "Permata Hijau Palm Oleo - Belawan", "Status": "Indirect Mill", "Trader": "KPBN" }, "geometry": { "type": "Point", "coordinates": [ 103.54503, -2.01845 ] } },
{ "type": "Feature", "properties": { "PHG ID": "PG-237", "Supplier N": "Perkebunan Nusantara VI", "Mill Name": "Bunut", "Group": "PTPN VI", "Latitude": -1.91139, "Longitude": 103.40419, "UML ID": "PO1000008199", "Commodity": "CPO", "Supplier": "Permata Hijau Palm Oleo - Belawan", "Status": "Indirect Mill", "Trader": "KPBN" }, "geometry": { "type": "Point", "coordinates": [ 103.40419, -1.91139 ] } },
{ "type": "Feature", "properties": { "PHG ID": "PG-341", "Supplier N": "Perkebunan Nusantara VI", "Mill Name": "Ophir", "Group": "PTPN VI", "Latitude": 0.0149, "Longitude": 99.83566, "UML ID": "PO1000004863", "Commodity": "CPO", "Supplier": "Permata Hijau Palm Oleo - Belawan", "Status": "Indirect Mill", "Trader": "KPBN" }, "geometry": { "type": "Point", "coordinates": [ 99.83566, 0.0149 ] } },
{ "type": "Feature", "properties": { "PHG ID": "PG-239", "Supplier N": "Perkebunan Nusantara VI", "Mill Name": "Rimbo Dua", "Group": "PTPN VI", "Latitude": -1.377311, "Longitude": 102.167315, "UML ID": "PO1000008213", "Commodity": "CPO", "Supplier": "Permata Hijau Palm Oleo - Belawan", "Status": "Indirect Mill", "Trader": "KPBN" }, "geometry": { "type": "Point", "coordinates": [ 102.167315, -1.377311 ] } },
{ "type": "Feature", "properties": { "PHG ID": "PG-251", "Supplier N": "Sawit Jaya Mandiri Lestari", "Mill Name": "Sawit Jaya Mandiri Lestari", "Group": "Sawit Jaya Mandiri Lestari", "Latitude": -0.44272, "Longitude": 102.25653, "UML ID": "PO1000011911", "Commodity": "CPO", "Supplier": "Permata Hijau Palm Oleo - Belawan", "Status": "Indirect Mill", "Trader": "KPBN" }, "geometry": { "type": "Point", "coordinates": [ 102.25653, -0.44272 ] } },
{ "type": "Feature", "properties": { "PHG ID": "PG-002", "Supplier N": "Aceh Trumon Anugerah Kita", "Mill Name": "Aceh Trumon Anugerah Kita", "Group": "Aceh Trumon Anugerah Kita", "Latitude": 2.85944, "Longitude": 97.78917, "UML ID": "PO1000014955", "Commodity": "CPO", "Supplier": "Permata Hijau Palm Oleo - Belawan", "Status": "Indirect Mill", "Trader": "Permata Hijau Indonesia" }, "geometry": { "type": "Point", "coordinates": [ 97.78917, 2.85944 ] } },
{ "type": "Feature", "properties": { "PHG ID": "PG-046", "Supplier N": "Blang Ketumba", "Mill Name": "Blang Ketumba", "Group": "Subarni Group", "Latitude": 4.985672, "Longitude": 96.700107, "UML ID": "PO1000004582", "Commodity": "CPO", "Supplier": "Permata Hijau Palm Oleo - Belawan", "Status": "Indirect Mill", "Trader": "Permata Hijau Indonesia" }, "geometry": { "type": "Point", "coordinates": [ 96.700107, 4.985672 ] } },
{ "type": "Feature", "properties": { "PHG ID": "PG-294", "Supplier N": "Ensem Lestari Jaya", "Mill Name": "Nagan Raya", "Group": "Ensem Group", "Latitude": 4.03417, "Longitude": 96.47511, "UML ID": "PO1000010262", "Commodity": "CPO", "Supplier": "Permata Hijau Palm Oleo - Belawan", "Status": "Indirect Mill", "Trader": "Permata Hijau Indonesia" }, "geometry": { "type": "Point", "coordinates": [ 96.47511, 4.03417 ] } },
{ "type": "Feature", "properties": { "PHG ID": "PG-357", "Supplier N": "Juliprima Kentjana", "Mill Name": "Juliprima Kentjana", "Group": "Juliprima Kentjana", "Latitude": 4.43306, "Longitude": 95.917469, "UML ID": "PO1000017060", "Commodity": "CPO", "Supplier": "Permata Hijau Palm Oleo - Belawan", "Status": "Indirect Mill", "Trader": "Permata Hijau Indonesia" }, "geometry": { "type": "Point", "coordinates": [ 95.917469, 4.43306 ] } },
{ "type": "Feature", "properties": { "PHG ID": "PG-024", "Supplier N": "Karya Tanah Subur", "Mill Name": "Karya Tanah Subur", "Group": "Astra Agro Lestari Tbk", "Latitude": 4.34978, "Longitude": 96.165, "UML ID": "PO1000004571", "Commodity": "CPO", "Supplier": "Permata Hijau Palm Oleo - Belawan", "Status": "Indirect Mill", "Trader": "Permata Hijau Indonesia" }, "geometry": { "type": "Point", "coordinates": [ 96.165, 4.34978 ] } },
{ "type": "Feature", "properties": { "PHG ID": "PG-083", "Supplier N": "Kop Primajasa", "Mill Name": "Kop Primajasa", "Group": "Graha", "Latitude": 4.59792, "Longitude": 97.90219, "UML ID": "PO1000004309", "Commodity": "CPO", "Supplier": "Permata Hijau Palm Oleo - Belawan", "Status": "Indirect Mill", "Trader": "Permata Hijau Indonesia" }, "geometry": { "type": "Point", "coordinates": [ 97.90219, 4.59792 ] } },
{ "type": "Feature", "properties": { "PHG ID": "PG-048", "Supplier N": "Mon Jambee", "Mill Name": "Mon Jambee", "Group": "Subarni Group", "Latitude": 3.930952, "Longitude": 96.661482, "UML ID": "PO1000014230", "Commodity": "CPO", "Supplier": "Permata Hijau Palm Oleo - Belawan", "Status": "Indirect Mill", "Trader": "Permata Hijau Indonesia" }, "geometry": { "type": "Point", "coordinates": [ 96.661482, 3.930952 ] } },
{ "type": "Feature", "properties": { "PHG ID": "PG-375", "Supplier N": "Mon Jambee 2", "Mill Name": "Mon Jambee 2", "Group": "Subarni Group", "Latitude": 4.313444587, "Longitude": 96.17834199000001, "UML ID": "PO1000018002", "Commodity": "CPO", "Supplier": "Permata Hijau Palm Oleo - Belawan", "Status": "Indirect Mill", "Trader": "Permata Hijau Indonesia" }, "geometry": { "type": "Point", "coordinates": [ 96.17834199, 4.313444587 ] } },
{ "type": "Feature", "properties": { "PHG ID": "PG-159", "Supplier N": "Mulia Tani Jaya", "Mill Name": "Mulia Tani Jaya", "Group": "Mulia Tani Jaya", "Latitude": 3.86617, "Longitude": 98.35511, "UML ID": "PO1000009020", "Commodity": "CPO", "Supplier": "Permata Hijau Palm Oleo - Belawan", "Status": "Indirect Mill", "Trader": "Permata Hijau Indonesia" }, "geometry": { "type": "Point", "coordinates": [ 98.35511, 3.86617 ] } },
{ "type": "Feature", "properties": { "PHG ID": "PG-026", "Supplier N": "Perkebunan Lembah Bhakti", "Mill Name": "Perkebunan Lembah Bhakti 2", "Group": "Astra Agro Lestari Tbk", "Latitude": 2.56063, "Longitude": 97.94867, "UML ID": "PO1000008422", "Commodity": "CPO", "Supplier": "Permata Hijau Palm Oleo - Belawan", "Status": "Indirect Mill", "Trader": "Permata Hijau Indonesia" }, "geometry": { "type": "Point", "coordinates": [ 97.94867, 2.56063 ] } },
{ "type": "Feature", "properties": { "PHG ID": "PG-025", "Supplier N": "Perkebunan Lembah Bhakti", "Mill Name": "Perkebunan Lembah Bhakti 1", "Group": "Astra Agro Lestari Tbk", "Latitude": 2.31603, "Longitude": 97.99603, "UML ID": "PO1000004167", "Commodity": "CPO", "Supplier": "Permata Hijau Palm Oleo - Belawan", "Status": "Indirect Mill", "Trader": "Permata Hijau Indonesia" }, "geometry": { "type": "Point", "coordinates": [ 97.99603, 2.31603 ] } },
{ "type": "Feature", "properties": { "PHG ID": "PG-158", "Supplier N": "Sinar Gunung Sawit Raya", "Mill Name": "Sinar Gunung Sawit Raya", "Group": "Mujur Timber Group", "Latitude": 2.11353, "Longitude": 98.26536, "UML ID": "PO1000004523", "Commodity": "CPO", "Supplier": "Permata Hijau Palm Oleo - Belawan", "Status": "Indirect Mill", "Trader": "Permata Hijau Indonesia" }, "geometry": { "type": "Point", "coordinates": [ 98.26536, 2.11353 ] } },
{ "type": "Feature", "properties": { "PHG ID": "PG-292", "Supplier N": "Syaukath Agro", "Mill Name": "Syaukath Agro", "Group": "Syaukath Group", "Latitude": 4.573446, "Longitude": 95.705209, "UML ID": "PO1000008584", "Commodity": "CPO", "Supplier": "Permata Hijau Palm Oleo - Belawan", "Status": "Indirect Mill", "Trader": "Permata Hijau Indonesia" }, "geometry": { "type": "Point", "coordinates": [ 95.705209, 4.573446 ] } },
{ "type": "Feature", "properties": { "PHG ID": "PG-291", "Supplier N": "Syaukath Sejahtera", "Mill Name": "Syaukath Sejahtera", "Group": "Syaukath Group", "Latitude": 5.22697, "Longitude": 96.89837, "UML ID": "PO1000004583", "Commodity": "CPO", "Supplier": "Permata Hijau Palm Oleo - Belawan", "Status": "Indirect Mill", "Trader": "Permata Hijau Indonesia" }, "geometry": { "type": "Point", "coordinates": [ 96.89837, 5.22697 ] } },
{ "type": "Feature", "properties": { "PHG ID": "PG-385", "Supplier N": "Tenera Sergai Perkasa", "Mill Name": "Tenera Sergai Perkasa", "Group": "Tenera Sergai Perkasa", "Latitude": 3.17093, "Longitude": 99.01624, "UML ID": "PO1000018006", "Commodity": "CPO", "Supplier": "Permata Hijau Palm Oleo - Belawan", "Status": "Indirect Mill", "Trader": "Permata Hijau Indonesia" }, "geometry": { "type": "Point", "coordinates": [ 99.01624, 3.17093 ] } },
{ "type": "Feature", "properties": { "PHG ID": "PG-047", "Supplier N": "Teupin Lada", "Mill Name": "Teupin Lada", "Group": "Subarni Group", "Latitude": 5.05136, "Longitude": 97.56975, "UML ID": "PO1000009561", "Commodity": "CPO", "Supplier": "Permata Hijau Palm Oleo - Belawan", "Status": "Indirect Mill", "Trader": "Permata Hijau Indonesia" }, "geometry": { "type": "Point", "coordinates": [ 97.56975, 5.05136 ] } },
{ "type": "Feature", "properties": { "PHG ID": "PG-306", "Supplier N": "Yaputra Alfa Palmindo", "Mill Name": "Yaputra Alfa Palmindo", "Group": "Yaputra Alfa Palmindo", "Latitude": 3.721, "Longitude": 98.199, "UML ID": "PO1000008246", "Commodity": "CPO", "Supplier": "Permata Hijau Palm Oleo - Belawan", "Status": "Indirect Mill", "Trader": "Permata Hijau Indonesia" }, "geometry": { "type": "Point", "coordinates": [ 98.199, 3.721 ] } },
{ "type": "Feature", "properties": { "PHG ID": "PG-004", "Supplier N": "Adimulia Palmo Lestari", "Mill Name": "Adimulia Palmo Lestari", "Group": "Adimulia", "Latitude": -1.70526, "Longitude": 102.7823, "UML ID": "PO1000010257", "Commodity": "CPO", "Supplier": "Permata Hijau Palm Oleo - Belawan", "Status": "Indirect Mill", "Trader": "Talang Duku" }, "geometry": { "type": "Point", "coordinates": [ 102.7823, -1.70526 ] } },
{ "type": "Feature", "properties": { "PHG ID": "PG-354", "Supplier N": "Agrindo Panca Tunggal Perkasa", "Mill Name": "Agrindo Panca Tunggal Perkasa", "Group": "Agrindo Panca Tunggal Perkasa", "Latitude": -2.36757, "Longitude": 102.79132, "UML ID": "PO1000016966", "Commodity": "CPO", "Supplier": "Permata Hijau Palm Oleo - Belawan", "Status": "Indirect Mill", "Trader": "Talang Duku" }, "geometry": { "type": "Point", "coordinates": [ 102.79132, -2.36757 ] } },
{ "type": "Feature", "properties": { "PHG ID": "PG-345", "Supplier N": "Anekapura Multikerta", "Mill Name": "Anekapura Multikerta", "Group": "Anekapura Multikerta", "Latitude": -1.079265, "Longitude": 103.008358, "UML ID": "PO1000004842", "Commodity": "CPO", "Supplier": "Permata Hijau Palm Oleo - Belawan", "Status": "Indirect Mill", "Trader": "Talang Duku" }, "geometry": { "type": "Point", "coordinates": [ 103.008358, -1.079265 ] } },
{ "type": "Feature", "properties": { "PHG ID": "PG-309", "Supplier N": "Bahari Gembira Ria", "Mill Name": "Ladang Panjang", "Group": "Minamas", "Latitude": -1.79167, "Longitude": 103.79139, "UML ID": "PO1000000315", "Commodity": "CPO", "Supplier": "Permata Hijau Palm Oleo - Belawan", "Status": "Indirect Mill", "Trader": "Talang Duku" }, "geometry": { "type": "Point", "coordinates": [ 103.79139, -1.79167 ] } },
{ "type": "Feature", "properties": { "PHG ID": "PG-308", "Supplier N": "Batanghari Sawit Sejahtera", "Mill Name": "Batanghari Sawit Sejahtera", "Group": "Bukit Barisan Indah Prima", "Latitude": -1.347646, "Longitude": 103.542529, "UML ID": "PO1000004455", "Commodity": "CPO", "Supplier": "Permata Hijau Palm Oleo - Belawan", "Status": "Indirect Mill", "Trader": "Talang Duku" }, "geometry": { "type": "Point", "coordinates": [ 103.542529, -1.347646 ] } },
{ "type": "Feature", "properties": { "PHG ID": "PG-056", "Supplier N": "Bungo Suko Menanti", "Mill Name": "Bungo Suko Menanti", "Group": "Bungo Suko Menanti", "Latitude": -1.30817, "Longitude": 101.76408, "UML ID": "PO1000009558", "Commodity": "CPO", "Supplier": "Permata Hijau Palm Oleo - Belawan", "Status": "Indirect Mill", "Trader": "Talang Duku" }, "geometry": { "type": "Point", "coordinates": [ 101.76408, -1.30817 ] } },
{ "type": "Feature", "properties": { "PHG ID": "PG-386", "Supplier N": "Dua Semeru Putra Mandiri", "Mill Name": "Dua Semeru Putra Mandiri", "Group": "Dua Semeru Putra Mandiri", "Latitude": -2.287189, "Longitude": 102.676234, "UML ID": "-", "Commodity": "CPO", "Supplier": "Permata Hijau Palm Oleo - Belawan", "Status": "Indirect Mill", "Trader": "Talang Duku" }, "geometry": { "type": "Point", "coordinates": [ 102.676234, -2.287189 ] } },
{ "type": "Feature", "properties": { "PHG ID": "PG-387", "Supplier N": "Gemilang Bersama Utama Palm Oil", "Mill Name": "Gemilang Bersama Utama Palm Oil", "Group": "Gemilang Bersama Utama Palm Oil", "Latitude": -1.749137, "Longitude": 103.882261, "UML ID": "-", "Commodity": "CPO", "Supplier": "Permata Hijau Palm Oleo - Belawan", "Status": "Indirect Mill", "Trader": "Talang Duku" }, "geometry": { "type": "Point", "coordinates": [ 103.882261, -1.749137 ] } },
{ "type": "Feature", "properties": { "PHG ID": "PG-364", "Supplier N": "Kaspari Agro Sentosa", "Mill Name": "Kaspari Agro Sentosa", "Group": "Kaspari Agro Sentosa", "Latitude": -1.78292, "Longitude": 103.488414, "UML ID": "PO1000017064", "Commodity": "CPO", "Supplier": "Permata Hijau Palm Oleo - Belawan", "Status": "Indirect Mill", "Trader": "Talang Duku" }, "geometry": { "type": "Point", "coordinates": [ 103.488414, -1.78292 ] } },
{ "type": "Feature", "properties": { "PHG ID": "PG-105", "Supplier N": "Kedaton Mulia Primas", "Mill Name": "Kedaton Mulia Primas", "Group": "Palma Group (Not Official Yet)", "Latitude": -1.90717, "Longitude": 103.01361, "UML ID": "PO1000008345", "Commodity": "CPO", "Supplier": "Permata Hijau Palm Oleo - Belawan", "Status": "Indirect Mill", "Trader": "Talang Duku" }, "geometry": { "type": "Point", "coordinates": [ 103.01361, -1.90717 ] } },
{ "type": "Feature", "properties": { "PHG ID": "PG-121", "Supplier N": "Kurnia Batang Hari Berjaya", "Mill Name": "Kurnia Batang Hari Berjaya", "Group": "Kurnia Batang Hari Berjaya", "Latitude": -1.78872, "Longitude": 103.07972, "UML ID": "PO1000009559", "Commodity": "CPO", "Supplier": "Permata Hijau Palm Oleo - Belawan", "Status": "Indirect Mill", "Trader": "Talang Duku" }, "geometry": { "type": "Point", "coordinates": [ 103.07972, -1.78872 ] } },
{ "type": "Feature", "properties": { "PHG ID": "PG-382", "Supplier N": "Kurnia Merangin Berjaya", "Mill Name": "Kurnia Merangin Berjaya", "Group": "Kurnia Merangin Berjaya", "Latitude": -2.18175, "Longitude": 102.47051, "UML ID": "PO1000016969", "Commodity": "CPO", "Supplier": "Permata Hijau Palm Oleo - Belawan", "Status": "Indirect Mill", "Trader": "Talang Duku" }, "geometry": { "type": "Point", "coordinates": [ 102.47051, -2.18175 ] } },
{ "type": "Feature", "properties": { "PHG ID": "PG-122", "Supplier N": "Kurnia Palma Agung Lestari", "Mill Name": "Kurnia Palma Agung Lestari", "Group": "Kurnia Palma Agung Lestari", "Latitude": -1.791, "Longitude": 102.25808, "UML ID": "PO1000013888", "Commodity": "CPO", "Supplier": "Permata Hijau Palm Oleo - Belawan", "Status": "Indirect Mill", "Trader": "Talang Duku" }, "geometry": { "type": "Point", "coordinates": [ 102.25808, -1.791 ] } },
{ "type": "Feature", "properties": { "PHG ID": "PG-388", "Supplier N": "Kurnia Palma Berjaya", "Mill Name": "Kurnia Palma Berjaya", "Group": "Kurnia Palma Berjaya", "Latitude": -1.51697, "Longitude": 102.651138, "UML ID": "-", "Commodity": "CPO", "Supplier": "Permata Hijau Palm Oleo - Belawan", "Status": "Indirect Mill", "Trader": "Talang Duku" }, "geometry": { "type": "Point", "coordinates": [ 102.651138, -1.51697 ] } },
{ "type": "Feature", "properties": { "PHG ID": "PG-140", "Supplier N": "Merlung Inti Lestari", "Mill Name": "Merlung Inti Lestari", "Group": "Merlung Inti Lestari", "Latitude": -1.32864, "Longitude": 103.27372, "UML ID": "PO1000011556", "Commodity": "CPO", "Supplier": "Permata Hijau Palm Oleo - Belawan", "Status": "Indirect Mill", "Trader": "Talang Duku" }, "geometry": { "type": "Point", "coordinates": [ 103.27372, -1.32864 ] } },
{ "type": "Feature", "properties": { "PHG ID": "PG-149", "Supplier N": "Mitra Agrolika Sejahtera", "Mill Name": "Mitra Agrolika Sejahtera", "Group": "Mitra Agrolika Sejahtera", "Latitude": -1.96278, "Longitude": 103.61547, "UML ID": "PO1000004323", "Commodity": "CPO", "Supplier": "Permata Hijau Palm Oleo - Belawan", "Status": "Indirect Mill", "Trader": "Talang Duku" }, "geometry": { "type": "Point", "coordinates": [ 103.61547, -1.96278 ] } },
{ "type": "Feature", "properties": { "PHG ID": "PG-156", "Supplier N": "Muara Jambi Sawit Lestari", "Mill Name": "Muara Jambi Sawit Lestari", "Group": "Muara Jambi Sawit Lestari", "Latitude": -1.256, "Longitude": 103.70772, "UML ID": "PO1000008221", "Commodity": "CPO", "Supplier": "Permata Hijau Palm Oleo - Belawan", "Status": "Indirect Mill", "Trader": "Talang Duku" }, "geometry": { "type": "Point", "coordinates": [ 103.70772, -1.256 ] } },
{ "type": "Feature", "properties": { "PHG ID": "PG-170", "Supplier N": "Palma Abadi", "Mill Name": "Palma Abadi", "Group": "Palma Group (Not Official Yet)", "Latitude": -1.321313, "Longitude": 103.266629, "UML ID": "PO1000004452", "Commodity": "CPO", "Supplier": "Permata Hijau Palm Oleo - Belawan", "Status": "Indirect Mill", "Trader": "Talang Duku" }, "geometry": { "type": "Point", "coordinates": [ 103.266629, -1.321313 ] } },
{ "type": "Feature", "properties": { "PHG ID": "PG-171", "Supplier N": "Palma Gemilang Kencana", "Mill Name": "Palma Gemilang Kencana", "Group": "Palma Gemilang Kencana", "Latitude": -1.299, "Longitude": 103.487, "UML ID": "PO1000010016", "Commodity": "CPO", "Supplier": "Permata Hijau Palm Oleo - Belawan", "Status": "Indirect Mill", "Trader": "Talang Duku" }, "geometry": { "type": "Point", "coordinates": [ 103.487, -1.299 ] } },
{ "type": "Feature", "properties": { "PHG ID": "PG-172", "Supplier N": "Palma Jaya Sejahtera", "Mill Name": "Palma Jaya Sejahtera", "Group": "Palma Group (Not Official Yet)", "Latitude": -1.87458, "Longitude": 103.56028, "UML ID": "PO1000004498", "Commodity": "CPO", "Supplier": "Permata Hijau Palm Oleo - Belawan", "Status": "Indirect Mill", "Trader": "Talang Duku" }, "geometry": { "type": "Point", "coordinates": [ 103.56028, -1.87458 ] } },
{ "type": "Feature", "properties": { "PHG ID": "PG-190", "Supplier N": "Persada Alam Jaya", "Mill Name": "Persada Alam Jaya", "Group": "Persada Alam Jaya", "Latitude": -1.044642, "Longitude": 102.888934, "UML ID": "PO1000008618", "Commodity": "CPO", "Supplier": "Permata Hijau Palm Oleo - Belawan", "Status": "Indirect Mill", "Trader": "Talang Duku" }, "geometry": { "type": "Point", "coordinates": [ 102.888934, -1.044642 ] } },
{ "type": "Feature", "properties": { "PHG ID": "PG-191", "Supplier N": "Petaling Mandraguna", "Mill Name": "Petaling Mandraguna", "Group": "Petaling Mandraguna", "Latitude": -1.44594, "Longitude": 103.62722, "UML ID": "PO1000004465", "Commodity": "CPO", "Supplier": "Permata Hijau Palm Oleo - Belawan", "Status": "Indirect Mill", "Trader": "Talang Duku" }, "geometry": { "type": "Point", "coordinates": [ 103.62722, -1.44594 ] } },
{ "type": "Feature", "properties": { "PHG ID": "PG-383", "Supplier N": "Porman Anugerah Sejati", "Mill Name": "Porman Anugerah Sejati", "Group": "Porman Anugerah Sejati", "Latitude": -1.41955, "Longitude": 102.72013, "UML ID": "-", "Commodity": "CPO", "Supplier": "Permata Hijau Palm Oleo - Belawan", "Status": "Indirect Mill", "Trader": "Talang Duku" }, "geometry": { "type": "Point", "coordinates": [ 102.72013, -1.41955 ] } },
{ "type": "Feature", "properties": { "PHG ID": "PG-028", "Supplier N": "Sari Aditya Loka", "Mill Name": "Sari Aditya Loka 2", "Group": "Astra Agro Lestari Tbk", "Latitude": -1.651, "Longitude": 102.308, "UML ID": "PO1000008403", "Commodity": "CPO", "Supplier": "Permata Hijau Palm Oleo - Belawan", "Status": "Indirect Mill", "Trader": "Talang Duku" }, "geometry": { "type": "Point", "coordinates": [ 102.308, -1.651 ] } },
{ "type": "Feature", "properties": { "PHG ID": "PG-286", "Supplier N": "Surya Gemilang Agro Mandiri", "Mill Name": "Surya Gemilang Agro Mandiri", "Group": "Surya Gemilang Agro Mandiri", "Latitude": -1.27156, "Longitude": 103.81528, "UML ID": "PO1000007469", "Commodity": "CPO", "Supplier": "Permata Hijau Palm Oleo - Belawan", "Status": "Indirect Mill", "Trader": "Talang Duku" }, "geometry": { "type": "Point", "coordinates": [ 103.81528, -1.27156 ] } },
{ "type": "Feature", "properties": { "PHG ID": "PG-384", "Supplier N": "Surya Lestari Usaha Mandiri", "Mill Name": "Surya Lestari Usaha Mandiri", "Group": "Surya Lestari Usaha Mandiri", "Latitude": -2.21486, "Longitude": 102.81641, "UML ID": "PO1000017065", "Commodity": "CPO", "Supplier": "Permata Hijau Palm Oleo - Belawan", "Status": "Indirect Mill", "Trader": "Talang Duku" }, "geometry": { "type": "Point", "coordinates": [ 102.81641, -2.21486 ] } },
{ "type": "Feature", "properties": { "PHG ID": "PG-287", "Supplier N": "Surya Sumber Sawit Abadi", "Mill Name": "Surya Sumber Sawit Abadi", "Group": "Surya Sumber Sawit Abadi", "Latitude": -1.472702, "Longitude": 102.620073, "UML ID": "PO1000010015", "Commodity": "CPO", "Supplier": "Permata Hijau Palm Oleo - Belawan", "Status": "Indirect Mill", "Trader": "Talang Duku" }, "geometry": { "type": "Point", "coordinates": [ 102.620073, -1.472702 ] } },
{ "type": "Feature", "properties": { "PHG ID": "PG-265", "Supplier N": "Trimitra Lestari", "Mill Name": "Trimitra Lestari", "Group": "Sin Tek Huat", "Latitude": -1.06976, "Longitude": 103.165858, "UML ID": "PO1000004432", "Commodity": "CPO", "Supplier": "Permata Hijau Palm Oleo - Belawan", "Status": "Indirect Mill", "Trader": "Talang Duku" }, "geometry": { "type": "Point", "coordinates": [ 103.165858, -1.06976 ] } },
{ "type": "Feature", "properties": { "PHG ID": "PG-378", "Supplier N": "Tumpuan", "Mill Name": "Tumpuan", "Group": "Bukit Barisan Indah Prima", "Latitude": 1.28978686, "Longitude": 101.0550173, "UML ID": "-", "Commodity": "CPO", "Supplier": "Permata Hijau Palm Oleo - Belawan", "Status": "Indirect Mill", "Trader": "Talang Duku" }, "geometry": { "type": "Point", "coordinates": [ 101.0550173, 1.28978686 ] } },
{ "type": "Feature", "properties": { "PHG ID": "PG-002", "Supplier N": "Aceh Trumon Anugerah Kita", "Mill Name": "Aceh Trumon Anugerah Kita", "Group": "Aceh Trumon Anugerah Kita", "Latitude": 2.85944, "Longitude": 97.78917, "UML ID": "PO1000014955", "Commodity": "CPO", "Supplier": "Permata Hijau Palm Oleo - Belawan", "Status": "Indirect Mill", "Trader": "Nubika Jaya" }, "geometry": { "type": "Point", "coordinates": [ 97.78917, 2.85944 ] } },
{ "type": "Feature", "properties": { "PHG ID": "PG-049", "Supplier N": "Bersama Oesaha Saragih Sejahtera", "Mill Name": "Bersama Oesaha Saragih Sejahtera", "Group": "Bersama Oesaha Saragih Sejahtera", "Latitude": 3.20998, "Longitude": 98.88444, "UML ID": "PO1000011263", "Commodity": "CPO", "Supplier": "Permata Hijau Palm Oleo - Belawan", "Status": "Indirect Mill", "Trader": "Nubika Jaya" }, "geometry": { "type": "Point", "coordinates": [ 98.88444, 3.20998 ] } },
{ "type": "Feature", "properties": { "PHG ID": "PG-046", "Supplier N": "Blang Ketumba", "Mill Name": "Blang Ketumba", "Group": "Subarni Group", "Latitude": 4.985672, "Longitude": 96.700107, "UML ID": "PO1000004582", "Commodity": "CPO", "Supplier": "Permata Hijau Palm Oleo - Belawan", "Status": "Indirect Mill", "Trader": "Nubika Jaya" }, "geometry": { "type": "Point", "coordinates": [ 96.700107, 4.985672 ] } },
{ "type": "Feature", "properties": { "PHG ID": "PG-083", "Supplier N": "Kop Primajasa", "Mill Name": "Kop Primajasa", "Group": "Graha", "Latitude": 4.59792, "Longitude": 97.90219, "UML ID": "PO1000004309", "Commodity": "CPO", "Supplier": "Permata Hijau Palm Oleo - Belawan", "Status": "Indirect Mill", "Trader": "Nubika Jaya" }, "geometry": { "type": "Point", "coordinates": [ 97.90219, 4.59792 ] } },
{ "type": "Feature", "properties": { "PHG ID": "PG-159", "Supplier N": "Mulia Tani Jaya", "Mill Name": "Mulia Tani Jaya", "Group": "Mulia Tani Jaya", "Latitude": 3.86617, "Longitude": 98.35511, "UML ID": "PO1000009020", "Commodity": "CPO", "Supplier": "Permata Hijau Palm Oleo - Belawan", "Status": "Indirect Mill", "Trader": "Nubika Jaya" }, "geometry": { "type": "Point", "coordinates": [ 98.35511, 3.86617 ] } },
{ "type": "Feature", "properties": { "PHG ID": "PG-158", "Supplier N": "Sinar Gunung Sawit Raya", "Mill Name": "Sinar Gunung Sawit Raya", "Group": "Mujur Timber Group", "Latitude": 2.11353, "Longitude": 98.26536, "UML ID": "PO1000004523", "Commodity": "CPO", "Supplier": "Permata Hijau Palm Oleo - Belawan", "Status": "Indirect Mill", "Trader": "Nubika Jaya" }, "geometry": { "type": "Point", "coordinates": [ 98.26536, 2.11353 ] } },
{ "type": "Feature", "properties": { "PHG ID": "PG-292", "Supplier N": "Syaukath Agro", "Mill Name": "Syaukath Agro", "Group": "Syaukath Group", "Latitude": 4.573446, "Longitude": 95.705209, "UML ID": "PO1000008584", "Commodity": "CPO", "Supplier": "Permata Hijau Palm Oleo - Belawan", "Status": "Indirect Mill", "Trader": "Nubika Jaya" }, "geometry": { "type": "Point", "coordinates": [ 95.705209, 4.573446 ] } },
{ "type": "Feature", "properties": { "PHG ID": "PG-291", "Supplier N": "Syaukath Sejahtera", "Mill Name": "Syaukath Sejahtera", "Group": "Syaukath Group", "Latitude": 5.22697, "Longitude": 96.89837, "UML ID": "PO1000004583", "Commodity": "CPO", "Supplier": "Permata Hijau Palm Oleo - Belawan", "Status": "Indirect Mill", "Trader": "Nubika Jaya" }, "geometry": { "type": "Point", "coordinates": [ 96.89837, 5.22697 ] } },
{ "type": "Feature", "properties": { "PHG ID": "PG-385", "Supplier N": "Tenera Sergai Perkasa", "Mill Name": "Tenera Sergai Perkasa", "Group": "Tenera Sergai Perkasa", "Latitude": 3.17093, "Longitude": 99.01624, "UML ID": "PO1000018006", "Commodity": "CPO", "Supplier": "Permata Hijau Palm Oleo - Belawan", "Status": "Indirect Mill", "Trader": "Nubika Jaya" }, "geometry": { "type": "Point", "coordinates": [ 99.01624, 3.17093 ] } },
{ "type": "Feature", "properties": { "PHG ID": "PG-306", "Supplier N": "Yaputra Alfa Palmindo", "Mill Name": "Yaputra Alfa Palmindo", "Group": "Yaputra Alfa Palmindo", "Latitude": 3.721, "Longitude": 98.199, "UML ID": "PO1000008246", "Commodity": "CPO", "Supplier": "Permata Hijau Palm Oleo - Belawan", "Status": "Indirect Mill", "Trader": "Nubika Jaya" }, "geometry": { "type": "Point", "coordinates": [ 98.199, 3.721 ] } },
{ "type": "Feature", "properties": { "PHG ID": "PG-239", "Supplier N": "Perkebunan Nusantara VI", "Mill Name": "Rimbo Dua", "Group": "PTPN VI", "Latitude": -1.377311, "Longitude": 102.167315, "UML ID": "PO1000008213", "Commodity": "CPO", "Supplier": "Permata Hijau Palm Oleo - Belawan", "Status": "Indirect Mill", "Trader": "Nubika Jaya - KPBN" }, "geometry": { "type": "Point", "coordinates": [ 102.167315, -1.377311 ] } },
{ "type": "Feature", "properties": { "PHG ID": "PG-251", "Supplier N": "Sawit Jaya Mandiri Lestari", "Mill Name": "Sawit Jaya Mandiri Lestari", "Group": "Sawit Jaya Mandiri Lestari", "Latitude": -0.44272, "Longitude": 102.25653, "UML ID": "PO1000011911", "Commodity": "CPO", "Supplier": "Permata Hijau Palm Oleo - Belawan", "Status": "Indirect Mill", "Trader": "Nubika Jaya - KPBN" }, "geometry": { "type": "Point", "coordinates": [ 102.25653, -0.44272 ] } },
{ "type": "Feature", "properties": { "PHG ID": "PG-237", "Supplier N": "Perkebunan Nusantara VI", "Mill Name": "Bunut", "Group": "PTPN VI", "Latitude": -1.91139, "Longitude": 103.40419, "UML ID": "PO1000008199", "Commodity": "CPO", "Supplier": "Permata Hijau Palm Oleo - Belawan", "Status": "Indirect Mill", "Trader": "Nubika Jaya - KPBN" }, "geometry": { "type": "Point", "coordinates": [ 103.40419, -1.91139 ] } },
{ "type": "Feature", "properties": { "PHG ID": "PG-341", "Supplier N": "Perkebunan Nusantara VI", "Mill Name": "Ophir", "Group": "PTPN VI", "Latitude": 0.0149, "Longitude": 99.83566, "UML ID": "PO1000004863", "Commodity": "CPO", "Supplier": "Permata Hijau Palm Oleo - Belawan", "Status": "Indirect Mill", "Trader": "Nubika Jaya - KPBN" }, "geometry": { "type": "Point", "coordinates": [ 99.83566, 0.0149 ] } },
{ "type": "Feature", "properties": { "PHG ID": "PG-343", "Supplier N": "Perkebunan Nusantara VI", "Mill Name": "Tanjung Lebar", "Group": "PTPN VI", "Latitude": -2.01845, "Longitude": 103.54503, "UML ID": "PO1000008187", "Commodity": "CPO", "Supplier": "Permata Hijau Palm Oleo - Belawan", "Status": "Indirect Mill", "Trader": "Nubika Jaya - KPBN" }, "geometry": { "type": "Point", "coordinates": [ 103.54503, -2.01845 ] } },
{ "type": "Feature", "properties": { "PHG ID": "PG-229", "Supplier N": "Perkebunan Nusantara V", "Mill Name": "Sei Garo", "Group": "PTPN V", "Latitude": 0.64372, "Longitude": 101.11006, "UML ID": "PO1000007605", "Commodity": "CPO", "Supplier": "Permata Hijau Palm Oleo - Belawan", "Status": "Indirect Mill", "Trader": "Nubika Jaya - KPBN" }, "geometry": { "type": "Point", "coordinates": [ 101.11006, 0.64372 ] } },
{ "type": "Feature", "properties": { "PHG ID": "PG-233", "Supplier N": "Perkebunan Nusantara V", "Mill Name": "Tanah Putih", "Group": "PTPN V", "Latitude": 1.7425, "Longitude": 100.51225, "UML ID": "PO1000004268", "Commodity": "CPO", "Supplier": "Permata Hijau Palm Oleo - Belawan", "Status": "Indirect Mill", "Trader": "Nubika Jaya - KPBN" }, "geometry": { "type": "Point", "coordinates": [ 100.51225, 1.7425 ] } },
{ "type": "Feature", "properties": { "PHG ID": "PG-232", "Supplier N": "Perkebunan Nusantara V", "Mill Name": "Sei Tapung", "Group": "PTPN V", "Latitude": 0.599, "Longitude": 100.619, "UML ID": "PO1000004212", "Commodity": "CPO", "Supplier": "Permata Hijau Palm Oleo - Belawan", "Status": "Indirect Mill", "Trader": "Nubika Jaya - KPBN" }, "geometry": { "type": "Point", "coordinates": [ 100.619, 0.599 ] } },
{ "type": "Feature", "properties": { "PHG ID": "PG-231", "Supplier N": "Perkebunan Nusantara V", "Mill Name": "Sei Rokan", "Group": "PTPN V", "Latitude": 0.72572, "Longitude": 100.57897, "UML ID": "PO1000005128", "Commodity": "CPO", "Supplier": "Permata Hijau Palm Oleo - Belawan", "Status": "Indirect Mill", "Trader": "Nubika Jaya - KPBN" }, "geometry": { "type": "Point", "coordinates": [ 100.57897, 0.72572 ] } },
{ "type": "Feature", "properties": { "PHG ID": "PG-235", "Supplier N": "Perkebunan Nusantara V", "Mill Name": "Terantam", "Group": "PTPN V", "Latitude": 0.57919, "Longitude": 100.75078, "UML ID": "PO1000004206", "Commodity": "CPO", "Supplier": "Permata Hijau Palm Oleo - Belawan", "Status": "Indirect Mill", "Trader": "Nubika Jaya - KPBN" }, "geometry": { "type": "Point", "coordinates": [ 100.75078, 0.57919 ] } },
{ "type": "Feature", "properties": { "PHG ID": "PG-227", "Supplier N": "Perkebunan Nusantara V", "Mill Name": "Lubuk Dalam", "Group": "PTPN V", "Latitude": 0.62994, "Longitude": 101.77956, "UML ID": "PO1000004219", "Commodity": "CPO", "Supplier": "Permata Hijau Palm Oleo - Belawan", "Status": "Indirect Mill", "Trader": "Nubika Jaya - KPBN" }, "geometry": { "type": "Point", "coordinates": [ 101.77956, 0.62994 ] } },
{ "type": "Feature", "properties": { "PHG ID": "PG-316", "Supplier N": "Perkebunan Nusantara V", "Mill Name": "Sei Pagar", "Group": "PTPN V", "Latitude": 0.327462, "Longitude": 101.35099, "UML ID": "PO1000006159", "Commodity": "CPO", "Supplier": "Permata Hijau Palm Oleo - Belawan", "Status": "Indirect Mill", "Trader": "Nubika Jaya - KPBN" }, "geometry": { "type": "Point", "coordinates": [ 101.35099, 0.327462 ] } },
{ "type": "Feature", "properties": { "PHG ID": "PG-234", "Supplier N": "Perkebunan Nusantara V", "Mill Name": "Tandun", "Group": "PTPN V", "Latitude": 0.59964, "Longitude": 100.69281, "UML ID": "PO1000004402", "Commodity": "CPO", "Supplier": "Permata Hijau Palm Oleo - Belawan", "Status": "Indirect Mill", "Trader": "Nubika Jaya - KPBN" }, "geometry": { "type": "Point", "coordinates": [ 100.69281, 0.59964 ] } },
{ "type": "Feature", "properties": { "PHG ID": "PG-215", "Supplier N": "Perkebunan Nusantara IV", "Mill Name": "Adolina", "Group": "PTPN IV", "Latitude": 3.568, "Longitude": 98.94781, "UML ID": "PO1000004497", "Commodity": "CPO", "Supplier": "Permata Hijau Palm Oleo - Belawan", "Status": "Indirect Mill", "Trader": "Nubika Jaya - KPBN" }, "geometry": { "type": "Point", "coordinates": [ 98.94781, 3.568 ] } },
{ "type": "Feature", "properties": { "PHG ID": "PG-228", "Supplier N": "Perkebunan Nusantara V", "Mill Name": "Sei Galuh", "Group": "PTPN V", "Latitude": 0.546957, "Longitude": 101.228963, "UML ID": "PO1000007604", "Commodity": "CPO", "Supplier": "Permata Hijau Palm Oleo - Belawan", "Status": "Indirect Mill", "Trader": "Nubika Jaya - KPBN" }, "geometry": { "type": "Point", "coordinates": [ 101.228963, 0.546957 ] } },
{ "type": "Feature", "properties": { "PHG ID": "PG-220", "Supplier N": "Perkebunan Nusantara IV", "Mill Name": "Dolok Ilir", "Group": "PTPN IV", "Latitude": 3.12119, "Longitude": 99.16, "UML ID": "PO1000002539", "Commodity": "CPO", "Supplier": "Permata Hijau Palm Oleo - Belawan", "Status": "Indirect Mill", "Trader": "Nubika Jaya - KPBN" }, "geometry": { "type": "Point", "coordinates": [ 99.16, 3.12119 ] } },
{ "type": "Feature", "properties": { "PHG ID": "PG-224", "Supplier N": "Perkebunan Nusantara IV", "Mill Name": "Sawit Langkat", "Group": "PTPN IV", "Latitude": 3.70058, "Longitude": 98.29406, "UML ID": "PO1000004524", "Commodity": "CPO", "Supplier": "Permata Hijau Palm Oleo - Belawan", "Status": "Indirect Mill", "Trader": "Nubika Jaya - KPBN" }, "geometry": { "type": "Point", "coordinates": [ 98.29406, 3.70058 ] } },
{ "type": "Feature", "properties": { "PHG ID": "PG-226", "Supplier N": "Perkebunan Nusantara IV", "Mill Name": "Tinjowan", "Group": "PTPN IV", "Latitude": 3.08044, "Longitude": 99.51267, "UML ID": "PO1000004208", "Commodity": "CPO", "Supplier": "Permata Hijau Palm Oleo - Belawan", "Status": "Indirect Mill", "Trader": "Nubika Jaya - KPBN" }, "geometry": { "type": "Point", "coordinates": [ 99.51267, 3.08044 ] } },
{ "type": "Feature", "properties": { "PHG ID": "PG-222", "Supplier N": "Perkebunan Nusantara IV", "Mill Name": "Pabatu", "Group": "PTPN IV", "Latitude": 3.28653, "Longitude": 99.10911, "UML ID": "PO1000005868", "Commodity": "CPO", "Supplier": "Permata Hijau Palm Oleo - Belawan", "Status": "Indirect Mill", "Trader": "Nubika Jaya - KPBN" }, "geometry": { "type": "Point", "coordinates": [ 99.10911, 3.28653 ] } },
{ "type": "Feature", "properties": { "PHG ID": "PG-218", "Supplier N": "Perkebunan Nusantara IV", "Mill Name": "Bah Jambi", "Group": "PTPN IV", "Latitude": 2.98847, "Longitude": 99.22031, "UML ID": "PO1000004181", "Commodity": "CPO", "Supplier": "Permata Hijau Palm Oleo - Belawan", "Status": "Indirect Mill", "Trader": "Nubika Jaya - KPBN" }, "geometry": { "type": "Point", "coordinates": [ 99.22031, 2.98847 ] } },
{ "type": "Feature", "properties": { "PHG ID": "PG-221", "Supplier N": "Perkebunan Nusantara IV", "Mill Name": "Dolok Sinumbah", "Group": "PTPN IV", "Latitude": 3.11161, "Longitude": 99.32906, "UML ID": "PO1000005868", "Commodity": "CPO", "Supplier": "Permata Hijau Palm Oleo - Belawan", "Status": "Indirect Mill", "Trader": "Nubika Jaya - KPBN" }, "geometry": { "type": "Point", "coordinates": [ 99.32906, 3.11161 ] } },
{ "type": "Feature", "properties": { "PHG ID": "PG-223", "Supplier N": "Perkebunan Nusantara IV", "Mill Name": "Pasir Mandoge", "Group": "PTPN IV", "Latitude": 2.76844, "Longitude": 99.31769, "UML ID": "PO1000004277", "Commodity": "CPO", "Supplier": "Permata Hijau Palm Oleo - Belawan", "Status": "Indirect Mill", "Trader": "Nubika Jaya - KPBN" }, "geometry": { "type": "Point", "coordinates": [ 99.31769, 2.76844 ] } },
{ "type": "Feature", "properties": { "PHG ID": "PG-339", "Supplier N": "Perkebunan Nusantara IV", "Mill Name": "Mayang", "Group": "PTPN IV", "Latitude": 3.03298, "Longitude": 99.33295, "UML ID": "PO1000004281", "Commodity": "CPO", "Supplier": "Permata Hijau Palm Oleo - Belawan", "Status": "Indirect Mill", "Trader": "Nubika Jaya - KPBN" }, "geometry": { "type": "Point", "coordinates": [ 99.33295, 3.03298 ] } },
{ "type": "Feature", "properties": { "PHG ID": "PG-217", "Supplier N": "Perkebunan Nusantara IV", "Mill Name": "Ajamu", "Group": "PTPN IV", "Latitude": 2.457, "Longitude": 100.161, "UML ID": "PO1000004202", "Commodity": "CPO", "Supplier": "Permata Hijau Palm Oleo - Belawan", "Status": "Indirect Mill", "Trader": "Nubika Jaya - KPBN" }, "geometry": { "type": "Point", "coordinates": [ 100.161, 2.457 ] } },
{ "type": "Feature", "properties": { "PHG ID": "PG-216", "Supplier N": "Perkebunan Nusantara IV", "Mill Name": "Air Batu", "Group": "PTPN IV", "Latitude": 2.85997, "Longitude": 99.63842, "UML ID": "PO1000004280", "Commodity": "CPO", "Supplier": "Permata Hijau Palm Oleo - Belawan", "Status": "Indirect Mill", "Trader": "Nubika Jaya - KPBN" }, "geometry": { "type": "Point", "coordinates": [ 99.63842, 2.85997 ] } },
{ "type": "Feature", "properties": { "PHG ID": "PG-219", "Supplier N": "Perkebunan Nusantara IV", "Mill Name": "Berangir", "Group": "PTPN IV", "Latitude": 2.22497, "Longitude": 99.759715, "UML ID": "PO1000004134", "Commodity": "CPO", "Supplier": "Permata Hijau Palm Oleo - Belawan", "Status": "Indirect Mill", "Trader": "Nubika Jaya - KPBN" }, "geometry": { "type": "Point", "coordinates": [ 99.759715, 2.22497 ] } },
{ "type": "Feature", "properties": { "PHG ID": "PG-207", "Supplier N": "Perkebunan Nusantara III", "Mill Name": "Rambutan", "Group": "PTPN III", "Latitude": 3.35078, "Longitude": 99.16989, "UML ID": "PO1000004342", "Commodity": "CPO", "Supplier": "Permata Hijau Palm Oleo - Belawan", "Status": "Indirect Mill", "Trader": "Nubika Jaya - KPBN" }, "geometry": { "type": "Point", "coordinates": [ 99.16989, 3.35078 ] } },
{ "type": "Feature", "properties": { "PHG ID": "PG-210", "Supplier N": "Perkebunan Nusantara III", "Mill Name": "Sei Mangkei", "Group": "PTPN III", "Latitude": 3.12925, "Longitude": 99.34344, "UML ID": "PO1000000879", "Commodity": "CPO", "Supplier": "Permata Hijau Palm Oleo - Belawan", "Status": "Indirect Mill", "Trader": "Nubika Jaya - KPBN" }, "geometry": { "type": "Point", "coordinates": [ 99.34344, 3.12925 ] } },
{ "type": "Feature", "properties": { "PHG ID": "PG-212", "Supplier N": "Perkebunan Nusantara III", "Mill Name": "Sei Silau", "Group": "PTPN III", "Latitude": 2.90314, "Longitude": 99.50994, "UML ID": "PO1000004948", "Commodity": "CPO", "Supplier": "Permata Hijau Palm Oleo - Belawan", "Status": "Indirect Mill", "Trader": "Nubika Jaya - KPBN" }, "geometry": { "type": "Point", "coordinates": [ 99.50994, 2.90314 ] } },
{ "type": "Feature", "properties": { "PHG ID": "PG-204", "Supplier N": "Perkebunan Nusantara III", "Mill Name": "Aek Nabara", "Group": "PTPN III", "Latitude": 2.0565, "Longitude": 99.95717, "UML ID": "PO1000001564", "Commodity": "CPO", "Supplier": "Permata Hijau Palm Oleo - Belawan", "Status": "Indirect Mill", "Trader": "Nubika Jaya - KPBN" }, "geometry": { "type": "Point", "coordinates": [ 99.95717, 2.0565 ] } },
{ "type": "Feature", "properties": { "PHG ID": "PG-213", "Supplier N": "Perkebunan Nusantara III", "Mill Name": "Sisumut", "Group": "PTPN III", "Latitude": 1.96411, "Longitude": 100.10822, "UML ID": "PO1000003112", "Commodity": "CPO", "Supplier": "Permata Hijau Palm Oleo - Belawan", "Status": "Indirect Mill", "Trader": "Nubika Jaya - KPBN" }, "geometry": { "type": "Point", "coordinates": [ 100.10822, 1.96411 ] } },
{ "type": "Feature", "properties": { "PHG ID": "PG-206", "Supplier N": "Perkebunan Nusantara III", "Mill Name": "Aek Torop", "Group": "PTPN III", "Latitude": 1.793546, "Longitude": 100.154613, "UML ID": "PO1000001565", "Commodity": "CPO", "Supplier": "Permata Hijau Palm Oleo - Belawan", "Status": "Indirect Mill", "Trader": "Nubika Jaya - KPBN" }, "geometry": { "type": "Point", "coordinates": [ 100.154613, 1.793546 ] } },
{ "type": "Feature", "properties": { "PHG ID": "PG-214", "Supplier N": "Perkebunan Nusantara III", "Mill Name": "Torgamba", "Group": "PTPN III", "Latitude": 1.71489, "Longitude": 100.29111, "UML ID": "PO1000004929", "Commodity": "CPO", "Supplier": "Permata Hijau Palm Oleo - Belawan", "Status": "Indirect Mill", "Trader": "Nubika Jaya - KPBN" }, "geometry": { "type": "Point", "coordinates": [ 100.29111, 1.71489 ] } },
{ "type": "Feature", "properties": { "PHG ID": "PG-205", "Supplier N": "Perkebunan Nusantara III", "Mill Name": "Aek Raso", "Group": "PTPN III", "Latitude": 1.70347, "Longitude": 100.17333, "UML ID": "PO1000001566", "Commodity": "CPO", "Supplier": "Permata Hijau Palm Oleo - Belawan", "Status": "Indirect Mill", "Trader": "Nubika Jaya - KPBN" }, "geometry": { "type": "Point", "coordinates": [ 100.17333, 1.70347 ] } },
{ "type": "Feature", "properties": { "PHG ID": "PG-208", "Supplier N": "Perkebunan Nusantara III", "Mill Name": "Sei Baruhur", "Group": "PTPN III", "Latitude": 1.690671, "Longitude": 100.286303, "UML ID": "PO1000001784", "Commodity": "CPO", "Supplier": "Permata Hijau Palm Oleo - Belawan", "Status": "Indirect Mill", "Trader": "Nubika Jaya - KPBN" }, "geometry": { "type": "Point", "coordinates": [ 100.286303, 1.690671 ] } },
{ "type": "Feature", "properties": { "PHG ID": "PG-209", "Supplier N": "Perkebunan Nusantara III", "Mill Name": "Sei Daun", "Group": "PTPN III", "Latitude": 1.67953, "Longitude": 100.32783, "UML ID": "PO1000004477", "Commodity": "CPO", "Supplier": "Permata Hijau Palm Oleo - Belawan", "Status": "Indirect Mill", "Trader": "Nubika Jaya - KPBN" }, "geometry": { "type": "Point", "coordinates": [ 100.32783, 1.67953 ] } },
{ "type": "Feature", "properties": { "PHG ID": "PG-211", "Supplier N": "Perkebunan Nusantara III", "Mill Name": "Sei Meranti", "Group": "PTPN III", "Latitude": 1.64222, "Longitude": 100.41594, "UML ID": "PO1000004927", "Commodity": "CPO", "Supplier": "Permata Hijau Palm Oleo - Belawan", "Status": "Indirect Mill", "Trader": "Nubika Jaya - KPBN" }, "geometry": { "type": "Point", "coordinates": [ 100.41594, 1.64222 ] } },
{ "type": "Feature", "properties": { "PHG ID": "PG-342", "Supplier N": "Perkebunan Nusantara III", "Mill Name": "Hapesong", "Group": "PTPN III", "Latitude": 1.45237, "Longitude": 99.06915, "UML ID": "PO1000006264", "Commodity": "CPO", "Supplier": "Permata Hijau Palm Oleo - Belawan", "Status": "Indirect Mill", "Trader": "Nubika Jaya - KPBN" }, "geometry": { "type": "Point", "coordinates": [ 99.06915, 1.45237 ] } },
{ "type": "Feature", "properties": { "PHG ID": "PG-197", "Supplier N": "Perkebunan Nusantara I", "Mill Name": "Pulau Tiga", "Group": "PTPN I", "Latitude": 4.18361, "Longitude": 97.93553, "UML ID": "PO1000004567", "Commodity": "CPO", "Supplier": "Permata Hijau Palm Oleo - Belawan", "Status": "Indirect Mill", "Trader": "Nubika Jaya - KPBN" }, "geometry": { "type": "Point", "coordinates": [ 97.93553, 4.18361 ] } },
{ "type": "Feature", "properties": { "PHG ID": "PG-201", "Supplier N": "Perkebunan Nusantara II", "Mill Name": "Pagar Merbau", "Group": "PTPN II", "Latitude": 3.52594, "Longitude": 98.899, "UML ID": "PO1000004944", "Commodity": "CPO", "Supplier": "Permata Hijau Palm Oleo - Belawan", "Status": "Indirect Mill", "Trader": "Nubika Jaya - KPBN" }, "geometry": { "type": "Point", "coordinates": [ 98.899, 3.52594 ] } },
{ "type": "Feature", "properties": { "PHG ID": "PG-380", "Supplier N": "Alam Sawit Indo", "Mill Name": "Alam Sawit Indo", "Group": "Alam Sawit Indo", "Latitude": 4.784668598, "Longitude": 97.80484437, "UML ID": "PO1000020004", "Commodity": "PK", "Supplier": "Permata Hijau Palm Oleo - KIM", "Status": "Direct Mill", "Trader": null }, "geometry": { "type": "Point", "coordinates": [ 97.80484437, 4.784668598 ] } },
{ "type": "Feature", "properties": { "PHG ID": "PG-046", "Supplier N": "Blang Ketumba", "Mill Name": "Blang Ketumba", "Group": "Subarni Group", "Latitude": 4.985672, "Longitude": 96.700107, "UML ID": "PO1000004582", "Commodity": "PK", "Supplier": "Permata Hijau Palm Oleo - KIM", "Status": "Direct Mill", "Trader": null }, "geometry": { "type": "Point", "coordinates": [ 96.700107, 4.985672 ] } },
{ "type": "Feature", "properties": { "PHG ID": "PG-063", "Supplier N": "Citra Indah Pertiwi", "Mill Name": "Citra Indah Pertiwi", "Group": "Citra Indah Pertiwi", "Latitude": 2.072, "Longitude": 100.01, "UML ID": "PO1000004270", "Commodity": "PK", "Supplier": "Permata Hijau Palm Oleo - KIM", "Status": "Direct Mill", "Trader": null }, "geometry": { "type": "Point", "coordinates": [ 100.01, 2.072 ] } },
{ "type": "Feature", "properties": { "PHG ID": "PG-294", "Supplier N": "Ensem Lestari Jaya", "Mill Name": "Nagan Raya", "Group": "Ensem Group", "Latitude": 4.03417, "Longitude": 96.47511, "UML ID": "PO1000010262", "Commodity": "PK", "Supplier": "Permata Hijau Palm Oleo - KIM", "Status": "Direct Mill", "Trader": null }, "geometry": { "type": "Point", "coordinates": [ 96.47511, 4.03417 ] } },
{ "type": "Feature", "properties": { "PHG ID": "PG-296", "Supplier N": "Ensem Sawita", "Mill Name": "Ensem Sawita", "Group": "Ensem Group", "Latitude": 4.566, "Longitude": 97.917, "UML ID": "PO1000009019", "Commodity": "PK", "Supplier": "Permata Hijau Palm Oleo - KIM", "Status": "Direct Mill", "Trader": null }, "geometry": { "type": "Point", "coordinates": [ 97.917, 4.566 ] } },
{ "type": "Feature", "properties": { "PHG ID": "PG-097", "Supplier N": "Indomas Mitra Teknik", "Mill Name": "Indomas Mitra Teknik", "Group": "Indomas Mitra Teknik", "Latitude": 3.226, "Longitude": 97.98131, "UML ID": "PO1000004286", "Commodity": "PK", "Supplier": "Permata Hijau Palm Oleo - KIM", "Status": "Direct Mill", "Trader": null }, "geometry": { "type": "Point", "coordinates": [ 97.98131, 3.226 ] } },
{ "type": "Feature", "properties": { "PHG ID": "PG-102", "Supplier N": "Karimun Aromatics", "Mill Name": "Karimun Aromatics", "Group": "Karimun Aromatics", "Latitude": 4.013443, "Longitude": 98.149258, "UML ID": "PO1000006182", "Commodity": "PK", "Supplier": "Permata Hijau Palm Oleo - KIM", "Status": "Direct Mill", "Trader": null }, "geometry": { "type": "Point", "coordinates": [ 98.149258, 4.013443 ] } },
{ "type": "Feature", "properties": { "PHG ID": "PG-103", "Supplier N": "Karya Hevea Indonesia", "Mill Name": "Karya Hevea Indonesia", "Group": "Karya Hevea Indonesia", "Latitude": 3.37403, "Longitude": 99.01961, "UML ID": "PO1000010805", "Commodity": "PK", "Supplier": "Permata Hijau Palm Oleo - KIM", "Status": "Direct Mill", "Trader": null }, "geometry": { "type": "Point", "coordinates": [ 99.01961, 3.37403 ] } },
{ "type": "Feature", "properties": { "PHG ID": "PG-024", "Supplier N": "Karya Tanah Subur", "Mill Name": "Karya Tanah Subur", "Group": "Astra Agro Lestari Tbk", "Latitude": 4.34978, "Longitude": 96.165, "UML ID": "PO1000004571", "Commodity": "PK", "Supplier": "Permata Hijau Palm Oleo - KIM", "Status": "Direct Mill", "Trader": null }, "geometry": { "type": "Point", "coordinates": [ 96.165, 4.34978 ] } },
{ "type": "Feature", "properties": { "PHG ID": "PG-048", "Supplier N": "Mon Jambee", "Mill Name": "Mon Jambee", "Group": "Subarni Group", "Latitude": 3.930952, "Longitude": 96.661482, "UML ID": "PO1000014230", "Commodity": "PK", "Supplier": "Permata Hijau Palm Oleo - KIM", "Status": "Direct Mill", "Trader": null }, "geometry": { "type": "Point", "coordinates": [ 96.661482, 3.930952 ] } },
{ "type": "Feature", "properties": { "PHG ID": "PG-351", "Supplier N": "Multiagro Sumaterajaya", "Mill Name": "Pulau Dogom", "Group": "Multiagro Sumaterajaya", "Latitude": 2.566806, "Longitude": 99.578222, "UML ID": "PO1000006247", "Commodity": "PK", "Supplier": "Permata Hijau Palm Oleo - KIM", "Status": "Direct Mill", "Trader": null }, "geometry": { "type": "Point", "coordinates": [ 99.578222, 2.566806 ] } },
{ "type": "Feature", "properties": { "PHG ID": "PG-314", "Supplier N": "Mutiaranusa Agro Sejahtera", "Mill Name": "Mutiaranusa Agro Sejahtera", "Group": "Mutiaranusa Agro Sejahtera", "Latitude": 2.26924, "Longitude": 99.76792, "UML ID": "PO1000007662", "Commodity": "PK", "Supplier": "Permata Hijau Palm Oleo - KIM", "Status": "Direct Mill", "Trader": null }, "geometry": { "type": "Point", "coordinates": [ 99.76792, 2.26924 ] } },
{ "type": "Feature", "properties": { "PHG ID": "PG-297", "Supplier N": "Parasawita", "Mill Name": "Parasawita", "Group": "Ensem Group", "Latitude": 4.355, "Longitude": 98.152, "UML ID": "PO1000010064", "Commodity": "PK", "Supplier": "Permata Hijau Palm Oleo - KIM", "Status": "Direct Mill", "Trader": null }, "geometry": { "type": "Point", "coordinates": [ 98.152, 4.355 ] } },
{ "type": "Feature", "properties": { "PHG ID": "PG-025", "Supplier N": "Perkebunan Lembah Bhakti", "Mill Name": "Perkebunan Lembah Bhakti 1", "Group": "Astra Agro Lestari Tbk", "Latitude": 2.31603, "Longitude": 97.99603, "UML ID": "PO1000004167", "Commodity": "PK", "Supplier": "Permata Hijau Palm Oleo - KIM", "Status": "Direct Mill", "Trader": null }, "geometry": { "type": "Point", "coordinates": [ 97.99603, 2.31603 ] } },
{ "type": "Feature", "properties": { "PHG ID": "PG-026", "Supplier N": "Perkebunan Lembah Bhakti", "Mill Name": "Perkebunan Lembah Bhakti 2", "Group": "Astra Agro Lestari Tbk", "Latitude": 2.56063, "Longitude": 97.94867, "UML ID": "PO1000008422", "Commodity": "PK", "Supplier": "Permata Hijau Palm Oleo - KIM", "Status": "Direct Mill", "Trader": null }, "geometry": { "type": "Point", "coordinates": [ 97.94867, 2.56063 ] } },
{ "type": "Feature", "properties": { "PHG ID": "PG-252", "Supplier N": "Sawit Nagan Raya Makmur", "Mill Name": "Sawit Nagan Raya Makmur", "Group": "Sawit Nagan Raya Makmur", "Latitude": 4.0495, "Longitude": 96.47572, "UML ID": "PO1000004560", "Commodity": "PK", "Supplier": "Permata Hijau Palm Oleo - KIM", "Status": "Direct Mill", "Trader": null }, "geometry": { "type": "Point", "coordinates": [ 96.47572, 4.0495 ] } },
{ "type": "Feature", "properties": { "PHG ID": "PG-313", "Supplier N": "Sawit Permai Abadi", "Mill Name": "Sawit Permai Abadi", "Group": "Sawit Permai Abadi", "Latitude": 3.65337, "Longitude": 98.43019, "UML ID": "-", "Commodity": "PK", "Supplier": "Permata Hijau Palm Oleo - KIM", "Status": "Direct Mill", "Trader": null }, "geometry": { "type": "Point", "coordinates": [ 98.43019, 3.65337 ] } },
{ "type": "Feature", "properties": { "PHG ID": "PG-268", "Supplier N": "Sinar Pandawa", "Mill Name": "Sinar Pandawa", "Group": "Sinar Pandawa", "Latitude": 2.22664, "Longitude": 100.08247, "UML ID": "PO1000004271", "Commodity": "PK", "Supplier": "Permata Hijau Palm Oleo - KIM", "Status": "Direct Mill", "Trader": null }, "geometry": { "type": "Point", "coordinates": [ 100.08247, 2.22664 ] } },
{ "type": "Feature", "properties": { "PHG ID": "PG-371", "Supplier N": "Tari Agro Nabati", "Mill Name": "Tari Agro Nabati", "Group": "Tari Agro Nabati", "Latitude": 2.39663, "Longitude": 99.69533, "UML ID": "PO1000015872", "Commodity": "PK", "Supplier": "Permata Hijau Palm Oleo - KIM", "Status": "Direct Mill", "Trader": null }, "geometry": { "type": "Point", "coordinates": [ 99.69533, 2.39663 ] } },
{ "type": "Feature", "properties": { "PHG ID": "PG-385", "Supplier N": "Tenera Sergai Perkasa", "Mill Name": "Tenera Sergai Perkasa", "Group": "Tenera Sergai Perkasa", "Latitude": 3.17093, "Longitude": 99.01624, "UML ID": "PO1000018006", "Commodity": "PK", "Supplier": "Permata Hijau Palm Oleo - KIM", "Status": "Direct Mill", "Trader": null }, "geometry": { "type": "Point", "coordinates": [ 99.01624, 3.17093 ] } },
{ "type": "Feature", "properties": { "PHG ID": "PG-047", "Supplier N": "Teupin Lada", "Mill Name": "Teupin Lada", "Group": "Subarni Group", "Latitude": 5.05136, "Longitude": 97.56975, "UML ID": "PO1000009561", "Commodity": "PK", "Supplier": "Permata Hijau Palm Oleo - KIM", "Status": "Direct Mill", "Trader": null }, "geometry": { "type": "Point", "coordinates": [ 97.56975, 5.05136 ] } },
{ "type": "Feature", "properties": { "PHG ID": "PG-338", "Supplier N": "Surya Sawit Mandiri", "Mill Name": "Surya Sawit Mandiri", "Group": "Surya Sawit Mandiri", "Latitude": 0.634, "Longitude": 100.601, "UML ID": "PO1000017404", "Commodity": "CPO", "Supplier": "Permata Hijau Sawit", "Status": "Direct Mill", "Trader": null }, "geometry": { "type": "Point", "coordinates": [ 100.601, 0.634 ] } },
{ "type": "Feature", "properties": { "PHG ID": "PG-375", "Supplier N": "Mon Jambee 2", "Mill Name": "Mon Jambee 2", "Group": "Subarni Group", "Latitude": 4.313444587, "Longitude": 96.17834199000001, "UML ID": "PO1000018002", "Commodity": "CPO", "Supplier": "Permata Hijau Palm Oleo - Belawan", "Status": "Direct Mill", "Trader": null }, "geometry": { "type": "Point", "coordinates": [ 96.17834199, 4.313444587 ] } },
{ "type": "Feature", "properties": { "PHG ID": "PG-003", "Supplier N": "Adimulia Agrolestari", "Mill Name": "Adimulia Agrolestari", "Group": "Adimulia", "Latitude": -0.109569, "Longitude": 101.38652, "UML ID": "PO1000004351", "Commodity": "CPO", "Supplier": "Pelita Agung Agrindustri - KID", "Status": "Direct Mill", "Trader": null }, "geometry": { "type": "Point", "coordinates": [ 101.38652, -0.109569 ] } },
{ "type": "Feature", "properties": { "PHG ID": "PG-003", "Supplier N": "Adimulia Agrolestari", "Mill Name": "Adimulia Agrolestari", "Group": "Adimulia", "Latitude": -0.109569, "Longitude": 101.38652, "UML ID": "PO1000004351", "Commodity": "CPO", "Supplier": "Pelita Agung Agrindustri - Dumai", "Status": "Indirect Mill", "Trader": "Pelita Agung Agrindustri - KID" }, "geometry": { "type": "Point", "coordinates": [ 101.38652, -0.109569 ] } },
{ "type": "Feature", "properties": { "PHG ID": "PG-003", "Supplier N": "Adimulia Agrolestari", "Mill Name": "Adimulia Agrolestari", "Group": "Adimulia", "Latitude": -0.109569, "Longitude": 101.38652, "UML ID": "PO1000004351", "Commodity": "CPO", "Supplier": "Pelita Agung Agrindustri - Duri", "Status": "Indirect Mill", "Trader": "Pelita Agung Agrindustri - Dumai" }, "geometry": { "type": "Point", "coordinates": [ 101.38652, -0.109569 ] } },
{ "type": "Feature", "properties": { "PHG ID": "PG-003", "Supplier N": "Adimulia Agrolestari", "Mill Name": "Adimulia Agrolestari", "Group": "Adimulia", "Latitude": -0.109569, "Longitude": 101.38652, "UML ID": "PO1000004351", "Commodity": "CPO", "Supplier": "Pelita Agung Agrindustri - KID", "Status": "Indirect Mill", "Trader": "Pelita Agung Agrindustri - Dumai" }, "geometry": { "type": "Point", "coordinates": [ 101.38652, -0.109569 ] } },
{ "type": "Feature", "properties": { "PHG ID": "PG-024", "Supplier N": "Karya Tanah Subur", "Mill Name": "Karya Tanah Subur", "Group": "Astra Agro Lestari Tbk", "Latitude": 4.34978, "Longitude": 96.165, "UML ID": "PO1000004571", "Commodity": "CPO", "Supplier": "Permata Hijau Palm Oleo - Belawan", "Status": "Direct Mill", "Trader": null }, "geometry": { "type": "Point", "coordinates": [ 96.165, 4.34978 ] } },
{ "type": "Feature", "properties": { "PHG ID": "PG-046", "Supplier N": "Blang Ketumba", "Mill Name": "Blang Ketumba", "Group": "Subarni Group", "Latitude": 4.985672, "Longitude": 96.700107, "UML ID": "PO1000004582", "Commodity": "CPO", "Supplier": "Permata Hijau Palm Oleo - Belawan", "Status": "Direct Mill", "Trader": null }, "geometry": { "type": "Point", "coordinates": [ 96.700107, 4.985672 ] } },
{ "type": "Feature", "properties": { "PHG ID": "PG-048", "Supplier N": "Mon Jambee", "Mill Name": "Mon Jambee", "Group": "Subarni Group", "Latitude": 3.930952, "Longitude": 96.661482, "UML ID": "PO1000014230", "Commodity": "CPO", "Supplier": "Permata Hijau Palm Oleo - Belawan", "Status": "Direct Mill", "Trader": null }, "geometry": { "type": "Point", "coordinates": [ 96.661482, 3.930952 ] } },
{ "type": "Feature", "properties": { "PHG ID": "PG-049", "Supplier N": "Bersama Oesaha Saragih Sejahtera", "Mill Name": "Bersama Oesaha Saragih Sejahtera", "Group": "Bersama Oesaha Saragih Sejahtera", "Latitude": 3.20998, "Longitude": 98.88444, "UML ID": "PO1000011263", "Commodity": "CPO", "Supplier": "Permata Hijau Palm Oleo - Belawan", "Status": "Direct Mill", "Trader": null }, "geometry": { "type": "Point", "coordinates": [ 98.88444, 3.20998 ] } },
{ "type": "Feature", "properties": { "PHG ID": "PG-101", "Supplier N": "Kamparindo Agro Industri", "Mill Name": "Kamparindo Agro Industri", "Group": "Kamparindo Agro Industri", "Latitude": 0.86587, "Longitude": 101.286221, "UML ID": "PO1000008268", "Commodity": "PK", "Supplier": "Pelita Agung Agrindustri - KID", "Status": "Direct Mill", "Trader": null }, "geometry": { "type": "Point", "coordinates": [ 101.286221, 0.86587 ] } },
{ "type": "Feature", "properties": { "PHG ID": "PG-101", "Supplier N": "Kamparindo Agro Industri", "Mill Name": "Kamparindo Agro Industri", "Group": "Kamparindo Agro Industri", "Latitude": 0.86587, "Longitude": 101.286221, "UML ID": "PO1000008268", "Commodity": "CPO", "Supplier": "Pelita Agung Agrindustri - Dumai", "Status": "Indirect Mill", "Trader": "Pelita Agung Agrindustri - KID" }, "geometry": { "type": "Point", "coordinates": [ 101.286221, 0.86587 ] } },
{ "type": "Feature", "properties": { "PHG ID": "PG-101", "Supplier N": "Kamparindo Agro Industri", "Mill Name": "Kamparindo Agro Industri", "Group": "Kamparindo Agro Industri", "Latitude": 0.86587, "Longitude": 101.286221, "UML ID": "PO1000008268", "Commodity": "CPO", "Supplier": "Pelita Agung Agrindustri - Duri", "Status": "Indirect Mill", "Trader": "Pelita Agung Agrindustri - Dumai" }, "geometry": { "type": "Point", "coordinates": [ 101.286221, 0.86587 ] } },
{ "type": "Feature", "properties": { "PHG ID": "PG-101", "Supplier N": "Kamparindo Agro Industri", "Mill Name": "Kamparindo Agro Industri", "Group": "Kamparindo Agro Industri", "Latitude": 0.86587, "Longitude": 101.286221, "UML ID": "PO1000008268", "Commodity": "CPO", "Supplier": "Pelita Agung Agrindustri - KID", "Status": "Indirect Mill", "Trader": "Pelita Agung Agrindustri - Dumai" }, "geometry": { "type": "Point", "coordinates": [ 101.286221, 0.86587 ] } },
{ "type": "Feature", "properties": { "PHG ID": "PG-102", "Supplier N": "Karimun Aromatics", "Mill Name": "Karimun Aromatics", "Group": "Karimun Aromatics", "Latitude": 4.013443, "Longitude": 98.149258, "UML ID": "PO1000006182", "Commodity": "CPO", "Supplier": "Permata Hijau Palm Oleo - Belawan", "Status": "Direct Mill", "Trader": null }, "geometry": { "type": "Point", "coordinates": [ 98.149258, 4.013443 ] } },
{ "type": "Feature", "properties": { "PHG ID": "PG-104", "Supplier N": "Karya Samo Mas", "Mill Name": "Karya Samo Mas", "Group": "Karya Samo Mas", "Latitude": 0.792881, "Longitude": 100.473153, "UML ID": "PO1000014623", "Commodity": "CPO", "Supplier": "Pelita Agung Agrindustri - KID", "Status": "Direct Mill", "Trader": null }, "geometry": { "type": "Point", "coordinates": [ 100.473153, 0.792881 ] } },
{ "type": "Feature", "properties": { "PHG ID": "PG-104", "Supplier N": "Karya Samo Mas", "Mill Name": "Karya Samo Mas", "Group": "Karya Samo Mas", "Latitude": 0.792881, "Longitude": 100.473153, "UML ID": "PO1000014623", "Commodity": "CPO", "Supplier": "Pelita Agung Agrindustri - Dumai", "Status": "Indirect Mill", "Trader": "Pelita Agung Agrindustri - KID" }, "geometry": { "type": "Point", "coordinates": [ 100.473153, 0.792881 ] } },
{ "type": "Feature", "properties": { "PHG ID": "PG-104", "Supplier N": "Karya Samo Mas", "Mill Name": "Karya Samo Mas", "Group": "Karya Samo Mas", "Latitude": 0.792881, "Longitude": 100.473153, "UML ID": "PO1000014623", "Commodity": "CPO", "Supplier": "Pelita Agung Agrindustri - Duri", "Status": "Indirect Mill", "Trader": "Pelita Agung Agrindustri - Dumai" }, "geometry": { "type": "Point", "coordinates": [ 100.473153, 0.792881 ] } },
{ "type": "Feature", "properties": { "PHG ID": "PG-104", "Supplier N": "Karya Samo Mas", "Mill Name": "Karya Samo Mas", "Group": "Karya Samo Mas", "Latitude": 0.792881, "Longitude": 100.473153, "UML ID": "PO1000014623", "Commodity": "CPO", "Supplier": "Pelita Agung Agrindustri - KID", "Status": "Indirect Mill", "Trader": "Pelita Agung Agrindustri - Dumai" }, "geometry": { "type": "Point", "coordinates": [ 100.473153, 0.792881 ] } },
{ "type": "Feature", "properties": { "PHG ID": "PG-157", "Supplier N": "Gruti Lestari Pratama", "Mill Name": "Gruti Lestari Pratama", "Group": "Mujur Timber Group", "Latitude": 0.51372, "Longitude": 99.270246, "UML ID": "PO1000007541", "Commodity": "CPO", "Supplier": "Pelita Agung Agrindustri - KID", "Status": "Direct Mill", "Trader": null }, "geometry": { "type": "Point", "coordinates": [ 99.270246, 0.51372 ] } },
{ "type": "Feature", "properties": { "PHG ID": "PG-157", "Supplier N": "Gruti Lestari Pratama", "Mill Name": "Gruti Lestari Pratama", "Group": "Mujur Timber Group", "Latitude": 0.51372, "Longitude": 99.270246, "UML ID": "PO1000007541", "Commodity": "CPO", "Supplier": "Pelita Agung Agrindustri - Dumai", "Status": "Indirect Mill", "Trader": "Pelita Agung Agrindustri - KID" }, "geometry": { "type": "Point", "coordinates": [ 99.270246, 0.51372 ] } },
{ "type": "Feature", "properties": { "PHG ID": "PG-157", "Supplier N": "Gruti Lestari Pratama", "Mill Name": "Gruti Lestari Pratama", "Group": "Mujur Timber Group", "Latitude": 0.51372, "Longitude": 99.270246, "UML ID": "PO1000007541", "Commodity": "CPO", "Supplier": "Pelita Agung Agrindustri - Duri", "Status": "Indirect Mill", "Trader": "Pelita Agung Agrindustri - Dumai" }, "geometry": { "type": "Point", "coordinates": [ 99.270246, 0.51372 ] } },
{ "type": "Feature", "properties": { "PHG ID": "PG-157", "Supplier N": "Gruti Lestari Pratama", "Mill Name": "Gruti Lestari Pratama", "Group": "Mujur Timber Group", "Latitude": 0.51372, "Longitude": 99.270246, "UML ID": "PO1000007541", "Commodity": "CPO", "Supplier": "Pelita Agung Agrindustri - KID", "Status": "Indirect Mill", "Trader": "Pelita Agung Agrindustri - Dumai" }, "geometry": { "type": "Point", "coordinates": [ 99.270246, 0.51372 ] } },
{ "type": "Feature", "properties": { "PHG ID": "PG-162", "Supplier N": "Multi Palma Sejahtera", "Mill Name": "Multi Palma Sejahtera", "Group": "Multi Palma Sejahtera", "Latitude": 0.414751, "Longitude": 101.667147, "UML ID": "PO1000004172", "Commodity": "CPO", "Supplier": "Pelita Agung Agrindustri - Duri", "Status": "Direct Mill", "Trader": null }, "geometry": { "type": "Point", "coordinates": [ 101.667147, 0.414751 ] } },
{ "type": "Feature", "properties": { "PHG ID": "PG-162", "Supplier N": "Multi Palma Sejahtera", "Mill Name": "Multi Palma Sejahtera", "Group": "Multi Palma Sejahtera", "Latitude": 0.414751, "Longitude": 101.667147, "UML ID": "PO1000004172", "Commodity": "PK", "Supplier": "Pelita Agung Agrindustri - Duri", "Status": "Direct Mill", "Trader": null }, "geometry": { "type": "Point", "coordinates": [ 101.667147, 0.414751 ] } },
{ "type": "Feature", "properties": { "PHG ID": "PG-182", "Supplier N": "Perawang Agro Sejahtera", "Mill Name": "Perawang Agro Sejahtera", "Group": "Perawang Agro Sejahtera", "Latitude": 0.59747, "Longitude": 101.62136, "UML ID": "PO1000013779", "Commodity": "CPO", "Supplier": "Pelita Agung Agrindustri - KID", "Status": "Direct Mill", "Trader": null }, "geometry": { "type": "Point", "coordinates": [ 101.62136, 0.59747 ] } },
{ "type": "Feature", "properties": { "PHG ID": "PG-182", "Supplier N": "Perawang Agro Sejahtera", "Mill Name": "Perawang Agro Sejahtera", "Group": "Perawang Agro Sejahtera", "Latitude": 0.59747, "Longitude": 101.62136, "UML ID": "PO1000013779", "Commodity": "PK", "Supplier": "Pelita Agung Agrindustri - KID", "Status": "Direct Mill", "Trader": null }, "geometry": { "type": "Point", "coordinates": [ 101.62136, 0.59747 ] } },
{ "type": "Feature", "properties": { "PHG ID": "PG-182", "Supplier N": "Perawang Agro Sejahtera", "Mill Name": "Perawang Agro Sejahtera", "Group": "Perawang Agro Sejahtera", "Latitude": 0.59747, "Longitude": 101.62136, "UML ID": "PO1000013779", "Commodity": "CPO", "Supplier": "Pelita Agung Agrindustri - Dumai", "Status": "Indirect Mill", "Trader": "Pelita Agung Agrindustri - KID" }, "geometry": { "type": "Point", "coordinates": [ 101.62136, 0.59747 ] } },
{ "type": "Feature", "properties": { "PHG ID": "PG-182", "Supplier N": "Perawang Agro Sejahtera", "Mill Name": "Perawang Agro Sejahtera", "Group": "Perawang Agro Sejahtera", "Latitude": 0.59747, "Longitude": 101.62136, "UML ID": "PO1000013779", "Commodity": "CPO", "Supplier": "Pelita Agung Agrindustri - Duri", "Status": "Indirect Mill", "Trader": "Pelita Agung Agrindustri - Dumai" }, "geometry": { "type": "Point", "coordinates": [ 101.62136, 0.59747 ] } },
{ "type": "Feature", "properties": { "PHG ID": "PG-182", "Supplier N": "Perawang Agro Sejahtera", "Mill Name": "Perawang Agro Sejahtera", "Group": "Perawang Agro Sejahtera", "Latitude": 0.59747, "Longitude": 101.62136, "UML ID": "PO1000013779", "Commodity": "CPO", "Supplier": "Pelita Agung Agrindustri - KID", "Status": "Indirect Mill", "Trader": "Pelita Agung Agrindustri - Dumai" }, "geometry": { "type": "Point", "coordinates": [ 101.62136, 0.59747 ] } },
{ "type": "Feature", "properties": { "PHG ID": "PG-184", "Supplier N": "Nubika Jaya", "Mill Name": "Blok Songo", "Group": "Permata Group", "Latitude": 1.947629, "Longitude": 100.10167, "UML ID": "PO1000006257", "Commodity": "PK", "Supplier": "Permata Hijau Palm Oleo - KIM", "Status": "Direct Mill", "Trader": null }, "geometry": { "type": "Point", "coordinates": [ 100.10167, 1.947629 ] } },
{ "type": "Feature", "properties": { "PHG ID": "PG-206", "Supplier N": "Perkebunan Nusantara III", "Mill Name": "Aek Torop", "Group": "PTPN III", "Latitude": 1.793546, "Longitude": 100.154613, "UML ID": "PO1000001565", "Commodity": "CPO", "Supplier": "Pelita Agung Agrindustri - KID", "Status": "Direct Mill", "Trader": null }, "geometry": { "type": "Point", "coordinates": [ 100.154613, 1.793546 ] } },
{ "type": "Feature", "properties": { "PHG ID": "PG-206", "Supplier N": "Perkebunan Nusantara III", "Mill Name": "Aek Torop", "Group": "PTPN III", "Latitude": 1.793546, "Longitude": 100.154613, "UML ID": "PO1000001565", "Commodity": "CPO", "Supplier": "Pelita Agung Agrindustri - Dumai", "Status": "Indirect Mill", "Trader": "Pelita Agung Agrindustri - KID" }, "geometry": { "type": "Point", "coordinates": [ 100.154613, 1.793546 ] } },
{ "type": "Feature", "properties": { "PHG ID": "PG-206", "Supplier N": "Perkebunan Nusantara III", "Mill Name": "Aek Torop", "Group": "PTPN III", "Latitude": 1.793546, "Longitude": 100.154613, "UML ID": "PO1000001565", "Commodity": "CPO", "Supplier": "Pelita Agung Agrindustri - Duri", "Status": "Indirect Mill", "Trader": "Pelita Agung Agrindustri - Dumai" }, "geometry": { "type": "Point", "coordinates": [ 100.154613, 1.793546 ] } },
{ "type": "Feature", "properties": { "PHG ID": "PG-206", "Supplier N": "Perkebunan Nusantara III", "Mill Name": "Aek Torop", "Group": "PTPN III", "Latitude": 1.793546, "Longitude": 100.154613, "UML ID": "PO1000001565", "Commodity": "CPO", "Supplier": "Pelita Agung Agrindustri - KID", "Status": "Indirect Mill", "Trader": "Pelita Agung Agrindustri - Dumai" }, "geometry": { "type": "Point", "coordinates": [ 100.154613, 1.793546 ] } },
{ "type": "Feature", "properties": { "PHG ID": "PG-208", "Supplier N": "Perkebunan Nusantara III", "Mill Name": "Sei Baruhur", "Group": "PTPN III", "Latitude": 1.690671, "Longitude": 100.286303, "UML ID": "PO1000001784", "Commodity": "CPO", "Supplier": "Pelita Agung Agrindustri - KID", "Status": "Direct Mill", "Trader": null }, "geometry": { "type": "Point", "coordinates": [ 100.286303, 1.690671 ] } },
{ "type": "Feature", "properties": { "PHG ID": "PG-208", "Supplier N": "Perkebunan Nusantara III", "Mill Name": "Sei Baruhur", "Group": "PTPN III", "Latitude": 1.690671, "Longitude": 100.286303, "UML ID": "PO1000001784", "Commodity": "CPO", "Supplier": "Pelita Agung Agrindustri - Dumai", "Status": "Indirect Mill", "Trader": "Pelita Agung Agrindustri - KID" }, "geometry": { "type": "Point", "coordinates": [ 100.286303, 1.690671 ] } },
{ "type": "Feature", "properties": { "PHG ID": "PG-208", "Supplier N": "Perkebunan Nusantara III", "Mill Name": "Sei Baruhur", "Group": "PTPN III", "Latitude": 1.690671, "Longitude": 100.286303, "UML ID": "PO1000001784", "Commodity": "CPO", "Supplier": "Pelita Agung Agrindustri - Duri", "Status": "Indirect Mill", "Trader": "Pelita Agung Agrindustri - Dumai" }, "geometry": { "type": "Point", "coordinates": [ 100.286303, 1.690671 ] } },
{ "type": "Feature", "properties": { "PHG ID": "PG-208", "Supplier N": "Perkebunan Nusantara III", "Mill Name": "Sei Baruhur", "Group": "PTPN III", "Latitude": 1.690671, "Longitude": 100.286303, "UML ID": "PO1000001784", "Commodity": "CPO", "Supplier": "Pelita Agung Agrindustri - KID", "Status": "Indirect Mill", "Trader": "Pelita Agung Agrindustri - Dumai" }, "geometry": { "type": "Point", "coordinates": [ 100.286303, 1.690671 ] } },
{ "type": "Feature", "properties": { "PHG ID": "PG-212", "Supplier N": "Perkebunan Nusantara III", "Mill Name": "Sei Silau", "Group": "PTPN III", "Latitude": 2.90314, "Longitude": 99.50994, "UML ID": "PO1000004948", "Commodity": "CPO", "Supplier": "Pelita Agung Agrindustri - KID", "Status": "Direct Mill", "Trader": null }, "geometry": { "type": "Point", "coordinates": [ 99.50994, 2.90314 ] } },
{ "type": "Feature", "properties": { "PHG ID": "PG-212", "Supplier N": "Perkebunan Nusantara III", "Mill Name": "Sei Silau", "Group": "PTPN III", "Latitude": 2.90314, "Longitude": 99.50994, "UML ID": "PO1000004948", "Commodity": "CPO", "Supplier": "Pelita Agung Agrindustri - Dumai", "Status": "Indirect Mill", "Trader": "Pelita Agung Agrindustri - KID" }, "geometry": { "type": "Point", "coordinates": [ 99.50994, 2.90314 ] } },
{ "type": "Feature", "properties": { "PHG ID": "PG-212", "Supplier N": "Perkebunan Nusantara III", "Mill Name": "Sei Silau", "Group": "PTPN III", "Latitude": 2.90314, "Longitude": 99.50994, "UML ID": "PO1000004948", "Commodity": "CPO", "Supplier": "Pelita Agung Agrindustri - Duri", "Status": "Indirect Mill", "Trader": "Pelita Agung Agrindustri - Dumai" }, "geometry": { "type": "Point", "coordinates": [ 99.50994, 2.90314 ] } },
{ "type": "Feature", "properties": { "PHG ID": "PG-212", "Supplier N": "Perkebunan Nusantara III", "Mill Name": "Sei Silau", "Group": "PTPN III", "Latitude": 2.90314, "Longitude": 99.50994, "UML ID": "PO1000004948", "Commodity": "CPO", "Supplier": "Pelita Agung Agrindustri - KID", "Status": "Indirect Mill", "Trader": "Pelita Agung Agrindustri - Dumai" }, "geometry": { "type": "Point", "coordinates": [ 99.50994, 2.90314 ] } },
{ "type": "Feature", "properties": { "PHG ID": "PG-213", "Supplier N": "Perkebunan Nusantara III", "Mill Name": "Sisumut", "Group": "PTPN III", "Latitude": 1.96411, "Longitude": 100.10822, "UML ID": "PO1000003112", "Commodity": "CPO", "Supplier": "Pelita Agung Agrindustri - KID", "Status": "Direct Mill", "Trader": null }, "geometry": { "type": "Point", "coordinates": [ 100.10822, 1.96411 ] } },
{ "type": "Feature", "properties": { "PHG ID": "PG-213", "Supplier N": "Perkebunan Nusantara III", "Mill Name": "Sisumut", "Group": "PTPN III", "Latitude": 1.96411, "Longitude": 100.10822, "UML ID": "PO1000003112", "Commodity": "CPO", "Supplier": "Pelita Agung Agrindustri - Dumai", "Status": "Indirect Mill", "Trader": "Pelita Agung Agrindustri - KID" }, "geometry": { "type": "Point", "coordinates": [ 100.10822, 1.96411 ] } },
{ "type": "Feature", "properties": { "PHG ID": "PG-213", "Supplier N": "Perkebunan Nusantara III", "Mill Name": "Sisumut", "Group": "PTPN III", "Latitude": 1.96411, "Longitude": 100.10822, "UML ID": "PO1000003112", "Commodity": "CPO", "Supplier": "Pelita Agung Agrindustri - Duri", "Status": "Indirect Mill", "Trader": "Pelita Agung Agrindustri - Dumai" }, "geometry": { "type": "Point", "coordinates": [ 100.10822, 1.96411 ] } },
{ "type": "Feature", "properties": { "PHG ID": "PG-213", "Supplier N": "Perkebunan Nusantara III", "Mill Name": "Sisumut", "Group": "PTPN III", "Latitude": 1.96411, "Longitude": 100.10822, "UML ID": "PO1000003112", "Commodity": "CPO", "Supplier": "Pelita Agung Agrindustri - KID", "Status": "Indirect Mill", "Trader": "Pelita Agung Agrindustri - Dumai" }, "geometry": { "type": "Point", "coordinates": [ 100.10822, 1.96411 ] } },
{ "type": "Feature", "properties": { "PHG ID": "PG-217", "Supplier N": "Perkebunan Nusantara IV", "Mill Name": "Ajamu", "Group": "PTPN IV", "Latitude": 2.457, "Longitude": 100.161, "UML ID": "PO1000004202", "Commodity": "CPO", "Supplier": "Permata Hijau Palm Oleo - Belawan", "Status": "Direct Mill", "Trader": null }, "geometry": { "type": "Point", "coordinates": [ 100.161, 2.457 ] } },
{ "type": "Feature", "properties": { "PHG ID": "PG-217", "Supplier N": "Perkebunan Nusantara IV", "Mill Name": "Ajamu", "Group": "PTPN IV", "Latitude": 2.457, "Longitude": 100.161, "UML ID": "PO1000004202", "Commodity": "CPO", "Supplier": "Pelita Agung Agrindustri - Dumai", "Status": "Direct Mill", "Trader": null }, "geometry": { "type": "Point", "coordinates": [ 100.161, 2.457 ] } },
{ "type": "Feature", "properties": { "PHG ID": "PG-217", "Supplier N": "Perkebunan Nusantara IV", "Mill Name": "Ajamu", "Group": "PTPN IV", "Latitude": 2.457, "Longitude": 100.161, "UML ID": "PO1000004202", "Commodity": "CPO", "Supplier": "Pelita Agung Agrindustri - Duri", "Status": "Indirect Mill", "Trader": "Pelita Agung Agrindustri - Dumai" }, "geometry": { "type": "Point", "coordinates": [ 100.161, 2.457 ] } },
{ "type": "Feature", "properties": { "PHG ID": "PG-217", "Supplier N": "Perkebunan Nusantara IV", "Mill Name": "Ajamu", "Group": "PTPN IV", "Latitude": 2.457, "Longitude": 100.161, "UML ID": "PO1000004202", "Commodity": "CPO", "Supplier": "Pelita Agung Agrindustri - KID", "Status": "Indirect Mill", "Trader": "Pelita Agung Agrindustri - Dumai" }, "geometry": { "type": "Point", "coordinates": [ 100.161, 2.457 ] } },
{ "type": "Feature", "properties": { "PHG ID": "PG-219", "Supplier N": "Perkebunan Nusantara IV", "Mill Name": "Berangir", "Group": "PTPN IV", "Latitude": 2.22497, "Longitude": 99.759715, "UML ID": "PO1000004134", "Commodity": "CPO", "Supplier": "Permata Hijau Palm Oleo - Belawan", "Status": "Direct Mill", "Trader": null }, "geometry": { "type": "Point", "coordinates": [ 99.759715, 2.22497 ] } },
{ "type": "Feature", "properties": { "PHG ID": "PG-219", "Supplier N": "Perkebunan Nusantara IV", "Mill Name": "Berangir", "Group": "PTPN IV", "Latitude": 2.22497, "Longitude": 99.759715, "UML ID": "PO1000004134", "Commodity": "CPO", "Supplier": "Pelita Agung Agrindustri - Dumai", "Status": "Direct Mill", "Trader": null }, "geometry": { "type": "Point", "coordinates": [ 99.759715, 2.22497 ] } },
{ "type": "Feature", "properties": { "PHG ID": "PG-219", "Supplier N": "Perkebunan Nusantara IV", "Mill Name": "Berangir", "Group": "PTPN IV", "Latitude": 2.22497, "Longitude": 99.759715, "UML ID": "PO1000004134", "Commodity": "CPO", "Supplier": "Pelita Agung Agrindustri - Duri", "Status": "Indirect Mill", "Trader": "Pelita Agung Agrindustri - Dumai" }, "geometry": { "type": "Point", "coordinates": [ 99.759715, 2.22497 ] } },
{ "type": "Feature", "properties": { "PHG ID": "PG-219", "Supplier N": "Perkebunan Nusantara IV", "Mill Name": "Berangir", "Group": "PTPN IV", "Latitude": 2.22497, "Longitude": 99.759715, "UML ID": "PO1000004134", "Commodity": "CPO", "Supplier": "Pelita Agung Agrindustri - KID", "Status": "Indirect Mill", "Trader": "Pelita Agung Agrindustri - Dumai" }, "geometry": { "type": "Point", "coordinates": [ 99.759715, 2.22497 ] } },
{ "type": "Feature", "properties": { "PHG ID": "PG-236", "Supplier N": "Perkebunan Nusantara VI", "Mill Name": "Aur Gading", "Group": "PTPN VI", "Latitude": -1.86239, "Longitude": 103.018739, "UML ID": "PO1000007619", "Commodity": "PK", "Supplier": "Pelita Agung Agrindustri - Duri", "Status": "Indirect Mill", "Trader": "Inti Mas Sejahtera" }, "geometry": { "type": "Point", "coordinates": [ 103.018739, -1.86239 ] } },
{ "type": "Feature", "properties": { "PHG ID": "PG-236", "Supplier N": "Perkebunan Nusantara VI", "Mill Name": "Aur Gading", "Group": "PTPN VI", "Latitude": -1.86239, "Longitude": 103.018739, "UML ID": "PO1000007619", "Commodity": "PK", "Supplier": "Pelita Agung Agrindustri - KID", "Status": "Indirect Mill", "Trader": "Inti Mas Sejahtera" }, "geometry": { "type": "Point", "coordinates": [ 103.018739, -1.86239 ] } },
{ "type": "Feature", "properties": { "PHG ID": "PG-236", "Supplier N": "Perkebunan Nusantara VI", "Mill Name": "Aur Gading", "Group": "PTPN VI", "Latitude": -1.86239, "Longitude": 103.018739, "UML ID": "PO1000007619", "Commodity": "CPO", "Supplier": "Permata Hijau Palm Oleo - Belawan", "Status": "Indirect Mill", "Trader": "Permata Hijau Indonesia - KPBN" }, "geometry": { "type": "Point", "coordinates": [ 103.018739, -1.86239 ] } },
{ "type": "Feature", "properties": { "PHG ID": "PG-236", "Supplier N": "Perkebunan Nusantara VI", "Mill Name": "Aur Gading", "Group": "PTPN VI", "Latitude": -1.86239, "Longitude": 103.018739, "UML ID": "PO1000007619", "Commodity": "CPO", "Supplier": "Permata Hijau Palm Oleo - Belawan", "Status": "Indirect Mill", "Trader": "KPBN" }, "geometry": { "type": "Point", "coordinates": [ 103.018739, -1.86239 ] } },
{ "type": "Feature", "properties": { "PHG ID": "PG-236", "Supplier N": "Perkebunan Nusantara VI", "Mill Name": "Aur Gading", "Group": "PTPN VI", "Latitude": -1.86239, "Longitude": 103.018739, "UML ID": "PO1000007619", "Commodity": "CPO", "Supplier": "Permata Hijau Palm Oleo - Belawan", "Status": "Indirect Mill", "Trader": "Nubika Jaya - KPBN" }, "geometry": { "type": "Point", "coordinates": [ 103.018739, -1.86239 ] } },
{ "type": "Feature", "properties": { "PHG ID": "PG-239", "Supplier N": "Perkebunan Nusantara VI", "Mill Name": "Rimbo Dua", "Group": "PTPN VI", "Latitude": -1.377311, "Longitude": 102.167315, "UML ID": "PO1000008213", "Commodity": "CPO", "Supplier": "Permata Hijau Palm Oleo - Belawan", "Status": "Direct Mill", "Trader": null }, "geometry": { "type": "Point", "coordinates": [ 102.167315, -1.377311 ] } },
{ "type": "Feature", "properties": { "PHG ID": "PG-289", "Supplier N": "Swastisiddhi Amagra", "Mill Name": "Bina Baru", "Group": "Swastisiddhi Amagra", "Latitude": 0.210528, "Longitude": 101.274965, "UML ID": "PO1000004360", "Commodity": "CPO", "Supplier": "Pelita Agung Agrindustri - KID", "Status": "Indirect Mill", "Trader": "Permata Hijau Indonesia" }, "geometry": { "type": "Point", "coordinates": [ 101.274965, 0.210528 ] } },
{ "type": "Feature", "properties": { "PHG ID": "PG-289", "Supplier N": "Swastisiddhi Amagra", "Mill Name": "Bina Baru", "Group": "Swastisiddhi Amagra", "Latitude": 0.210528, "Longitude": 101.274965, "UML ID": "PO1000004360", "Commodity": "CPO", "Supplier": "Pelita Agung Agrindustri - KID", "Status": "Indirect Mill", "Trader": "Nubika Jaya" }, "geometry": { "type": "Point", "coordinates": [ 101.274965, 0.210528 ] } },
{ "type": "Feature", "properties": { "PHG ID": "PG-292", "Supplier N": "Syaukath Agro", "Mill Name": "Syaukath Agro", "Group": "Syaukath Group", "Latitude": 4.573446, "Longitude": 95.705209, "UML ID": "PO1000008584", "Commodity": "CPO", "Supplier": "Permata Hijau Palm Oleo - Belawan", "Status": "Direct Mill", "Trader": null }, "geometry": { "type": "Point", "coordinates": [ 95.705209, 4.573446 ] } },
{ "type": "Feature", "properties": { "PHG ID": "PG-292", "Supplier N": "Syaukath Agro", "Mill Name": "Syaukath Agro", "Group": "Syaukath Group", "Latitude": 4.573446, "Longitude": 95.705209, "UML ID": "PO1000008584", "Commodity": "PK", "Supplier": "Permata Hijau Palm Oleo - KIM", "Status": "Direct Mill", "Trader": null }, "geometry": { "type": "Point", "coordinates": [ 95.705209, 4.573446 ] } },
{ "type": "Feature", "properties": { "PHG ID": "PG-297", "Supplier N": "Parasawita", "Mill Name": "Parasawita", "Group": "Ensem Group", "Latitude": 4.355, "Longitude": 98.152, "UML ID": "PO1000010064", "Commodity": "CPO", "Supplier": "Permata Hijau Palm Oleo - Belawan", "Status": "Direct Mill", "Trader": null }, "geometry": { "type": "Point", "coordinates": [ 98.152, 4.355 ] } },
{ "type": "Feature", "properties": { "PHG ID": "PG-298", "Supplier N": "Tenera Lestari", "Mill Name": "Kwala Gunung-Lima Puluh", "Group": "Ensem Group", "Latitude": 3.16402, "Longitude": 99.481383, "UML ID": "PO1000004285", "Commodity": "PK", "Supplier": "Permata Hijau Palm Oleo - KIM", "Status": "Direct Mill", "Trader": null }, "geometry": { "type": "Point", "coordinates": [ 99.481383, 3.16402 ] } },
{ "type": "Feature", "properties": { "PHG ID": "PG-340", "Supplier N": "Perkebunan Nusantara IV", "Mill Name": "Pulau Raja", "Group": "PTPN IV", "Latitude": 2.702107, "Longitude": 99.624523, "UML ID": "PO1000002335", "Commodity": "CPO", "Supplier": "Permata Hijau Palm Oleo - Belawan", "Status": "Indirect Mill", "Trader": "Permata Hijau Indonesia - KPBN" }, "geometry": { "type": "Point", "coordinates": [ 99.624523, 2.702107 ] } },
{ "type": "Feature", "properties": { "PHG ID": "PG-340", "Supplier N": "Perkebunan Nusantara IV", "Mill Name": "Pulau Raja", "Group": "PTPN IV", "Latitude": 2.702107, "Longitude": 99.624523, "UML ID": "PO1000002335", "Commodity": "CPO", "Supplier": "Permata Hijau Palm Oleo - Belawan", "Status": "Indirect Mill", "Trader": "KPBN" }, "geometry": { "type": "Point", "coordinates": [ 99.624523, 2.702107 ] } },
{ "type": "Feature", "properties": { "PHG ID": "PG-340", "Supplier N": "Perkebunan Nusantara IV", "Mill Name": "Pulau Raja", "Group": "PTPN IV", "Latitude": 2.702107, "Longitude": 99.624523, "UML ID": "PO1000002335", "Commodity": "CPO", "Supplier": "Permata Hijau Palm Oleo - Belawan", "Status": "Indirect Mill", "Trader": "Nubika Jaya - KPBN" }, "geometry": { "type": "Point", "coordinates": [ 99.624523, 2.702107 ] } },
{ "type": "Feature", "properties": { "PHG ID": "PG-351", "Supplier N": "Multiagro Sumaterajaya", "Mill Name": "Pulau Dogom", "Group": "Multiagro Sumaterajaya", "Latitude": 2.566806, "Longitude": 99.578222, "UML ID": "PO1000006247", "Commodity": "CPO", "Supplier": "Permata Hijau Palm Oleo - Belawan", "Status": "Direct Mill", "Trader": null }, "geometry": { "type": "Point", "coordinates": [ 99.578222, 2.566806 ] } },
{ "type": "Feature", "properties": { "PHG ID": "PG-351", "Supplier N": "Multiagro Sumaterajaya", "Mill Name": "Pulau Dogom", "Group": "Multiagro Sumaterajaya", "Latitude": 2.566806, "Longitude": 99.578222, "UML ID": "PO1000006247", "Commodity": "CPO", "Supplier": "Permata Hijau Sawit", "Status": "Direct Mill", "Trader": null }, "geometry": { "type": "Point", "coordinates": [ 99.578222, 2.566806 ] } },
{ "type": "Feature", "properties": { "PHG ID": "PG-357", "Supplier N": "Juliprima Kentjana", "Mill Name": "Juliprima Kentjana", "Group": "Juliprima Kentjana", "Latitude": 4.43306, "Longitude": 95.917469, "UML ID": "PO1000017060", "Commodity": "CPO", "Supplier": "Permata Hijau Palm Oleo - Belawan", "Status": "Direct Mill", "Trader": null }, "geometry": { "type": "Point", "coordinates": [ 95.917469, 4.43306 ] } },
{ "type": "Feature", "properties": { "PHG ID": "PG-367", "Supplier N": "Erakarya Mukti Jaya", "Mill Name": "Erakarya Mukti Jaya", "Group": "Graha", "Latitude": 1.846573, "Longitude": 100.962274, "UML ID": "PO1000017932", "Commodity": "PK", "Supplier": "Pelita Agung Agrindustri - KID", "Status": "Direct Mill", "Trader": null }, "geometry": { "type": "Point", "coordinates": [ 100.962274, 1.846573 ] } },
{ "type": "Feature", "properties": { "PHG ID": "PG-369", "Supplier N": "Rambah Sawit Mandiri", "Mill Name": "Rambah Sawit Mandiri", "Group": "Rambah Sawit Mandiri", "Latitude": 0.818173, "Longitude": 100.435301, "UML ID": "-", "Commodity": "CPO", "Supplier": "Permata Hijau Sawit", "Status": "Direct Mill", "Trader": null }, "geometry": { "type": "Point", "coordinates": [ 100.435301, 0.818173 ] } },
{ "type": "Feature", "properties": { "PHG ID": "PG-370", "Supplier N": "Sinergi Integritas Agroindustri", "Mill Name": "Sinergi Integritas Agroindustri", "Group": "Sianipar Integritas Agrindo", "Latitude": 1.6839, "Longitude": 100.4411, "UML ID": "\nPO1000020078\n", "Commodity": "CPO", "Supplier": "Pelita Agung Agrindustri - KID", "Status": "Indirect Mill", "Trader": "Permata Hijau Indonesia" }, "geometry": { "type": "Point", "coordinates": [ 100.4411, 1.6839 ] } },
{ "type": "Feature", "properties": { "PHG ID": "PG-370", "Supplier N": "Sinergi Integritas Agroindustri", "Mill Name": "Sinergi Integritas Agroindustri", "Group": "Sianipar Integritas Agrindo", "Latitude": 1.6839, "Longitude": 100.4411, "UML ID": "\nPO1000020078\n", "Commodity": "CPO", "Supplier": "Pelita Agung Agrindustri - KID", "Status": "Indirect Mill", "Trader": "Nubika Jaya" }, "geometry": { "type": "Point", "coordinates": [ 100.4411, 1.6839 ] } }
]
}
